// Generated by   : Image to RGB565 Converter
// Generated from : https://palsayantan.github.io/Image-to-RGB565/
// Image Size     : 240x144 pixels
// Byte Order     : LSB

#ifndef _WORLD_MAP_H_
#define _WORLD_MAP_H_

const uint16_t world_map[34560] PROGMEM = {
  0x3084, 0x5033, 0xb744, 0x9444, 0xb63c, 0x943c, 0x314c, 0x3534, 0x323c, 0x9544, 0xf74c, 0xb73c,
  0x7634, 0x963c, 0x953c, 0x553c, 0x553c, 0x7534, 0x7534, 0x5534, 0xb744, 0x7534, 0x7534, 0x7534,
  0x7534, 0x7534, 0x7534, 0x7534, 0x7534, 0x553c, 0xf64c, 0x7534, 0x7534, 0x7534, 0x7634, 0x7534,
  0xb544, 0x8d73, 0x0c84, 0x18ae, 0xbbde, 0x3685, 0xf7b5, 0x37d6, 0x78ae, 0x5de7, 0x9574, 0x779d,
  0x3595, 0xffff, 0x5565, 0xd523, 0x9bce, 0x9ace, 0x1adf, 0xdcbe, 0x746c, 0x3cdf, 0xf57c, 0x542c,
  0xba8d, 0xbcff, 0x187e, 0xb584, 0x36b5, 0x18c6, 0x5585, 0xd32b, 0xd57c, 0xb875, 0x5434, 0x752c,
  0x7634, 0x7634, 0x753c, 0x7534, 0x7534, 0x7534, 0x7534, 0x763c, 0xd744, 0x3534, 0xd333, 0x082a,
  0x99d6, 0xffff, 0xffff, 0xffff, 0xffff, 0xffff, 0xdfff, 0xffff, 0xffff, 0xffff, 0xffff, 0xffff,
  0xffff, 0xffff, 0xffff, 0xffff, 0xffff, 0x5de7, 0xb695, 0x3264, 0xcd73, 0xd13b, 0x3624, 0x1424,
  0xd32b, 0x953c, 0x9644, 0x7534, 0x7534, 0x7534, 0x7534, 0x7534, 0x7534, 0x7534, 0x7534, 0x5534,
  0x5534, 0x7534, 0x7534, 0x7534, 0x7534, 0x7534, 0x7534, 0x7534, 0x7534, 0xb644, 0x753c, 0x342c,
  0x552c, 0x752c, 0x9634, 0x9734, 0xd734, 0x183d, 0x1745, 0x3855, 0xf844, 0xd73c, 0xf83c, 0xf83c,
  0xd73c, 0x7634, 0x752c, 0x552c, 0x752c, 0xd73c, 0x352c, 0x352c, 0x752c, 0x9824, 0x323c, 0x4ea4,
  0x73b5, 0x8f3b, 0x9223, 0xd654, 0x922b, 0xf23b, 0x1023, 0x502b, 0x502b, 0x0b43, 0x8a83, 0x0963,
  0x0632, 0x0e6c, 0x495b, 0xc74a, 0x8a42, 0x0a53, 0xca73, 0x086b, 0x6873, 0x8973, 0x8873, 0x0b84,
  0x4873, 0x4873, 0x486b, 0x486b, 0x4873, 0x486b, 0x486b, 0x486b, 0x486b, 0x8973, 0x0763, 0x486b,
  0x076b, 0x486b, 0x6873, 0x486b, 0x486b, 0x4873, 0x8973, 0x6d94, 0x4a73, 0x8a73, 0x0863, 0xc85a,
  0xc75a, 0xc762, 0x4c4b, 0x4f33, 0x9133, 0x544c, 0x9043, 0x8f3b, 0x0b3b, 0x0963, 0x4973, 0x4a6b,
  0x4a5b, 0x4b53, 0x4c53, 0xce63, 0x4e43, 0x333c, 0x3434, 0x1434, 0x1434, 0x753c, 0xb63c, 0x963c,
  0x553c, 0xd64c, 0x743c, 0x7544, 0xd65c, 0x3765, 0x776d, 0xf66c, 0x334c, 0x1755, 0xd41b, 0x317c,
  0x317c, 0x171c, 0xd644, 0xd54c, 0x7534, 0xd544, 0x743c, 0x533c, 0x3334, 0x922b, 0xb64c, 0x753c,
  0xb644, 0xb544, 0x7444, 0x133c, 0x963c, 0x962c, 0x762c, 0x5534, 0xb64c, 0x553c, 0x7534, 0x7534,
  0x7534, 0x7534, 0x7534, 0x7534, 0x7534, 0x5534, 0xf74c, 0x7534, 0x553c, 0x7534, 0x7534, 0x7534,
  0x735c, 0x2e8c, 0x0763, 0x6da4, 0x778d, 0x1685, 0x75c5, 0x38ce, 0x9cef, 0x3def, 0x5def, 0x5ce7,
  0xd57c, 0xffff, 0x166d, 0x921b, 0x3354, 0x5dd7, 0x3df7, 0x9ef7, 0x8f63, 0x7bb6, 0x901b, 0x141c,
  0x5aa6, 0xdeff, 0xbbae, 0x8f53, 0x75b5, 0xfcee, 0x3285, 0xb474, 0x38ce, 0xbeef, 0x3775, 0xd42b,
  0x7734, 0x563c, 0x553c, 0x7534, 0x7534, 0x553c, 0x7534, 0x7534, 0xf73c, 0x9634, 0x343c, 0xcb4a,
  0x17c6, 0xffff, 0xffff, 0xffff, 0xffff, 0xffff, 0xffff, 0xffff, 0xffff, 0xffff, 0xffff, 0xffff,
  0xffff, 0xffff, 0xffff, 0xffff, 0x7def, 0x5def, 0x17be, 0x5785, 0x3054, 0x3254, 0x152c, 0xd233,
  0x5534, 0x9644, 0x9644, 0x7534, 0x7534, 0x7534, 0x7534, 0x7534, 0x7534, 0x7534, 0x7534, 0x5534,
  0x5534, 0x7534, 0x7534, 0x7534, 0x7534, 0x7534, 0x7534, 0x7534, 0x7534, 0xb644, 0x963c, 0x3524,
  0x552c, 0x762c, 0x962c, 0x962c, 0xd734, 0xf83c, 0xf744, 0x184d, 0xf83c, 0xb734, 0xb73c, 0xb734,
  0xb73c, 0x9634, 0x552c, 0x5534, 0x142c, 0x963c, 0x352c, 0x352c, 0x552c, 0x5624, 0x903b, 0x0eac,
  0x5364, 0xf133, 0xd23b, 0xd243, 0x0f2b, 0x912b, 0x512b, 0x502b, 0x922b, 0x4a5b, 0x4983, 0x2d8c,
  0x063a, 0x4b5b, 0x065b, 0x496b, 0x4963, 0xc529, 0xc752, 0x8873, 0x4873, 0x8973, 0x8873, 0x0b84,
  0x8973, 0x486b, 0x486b, 0x486b, 0x486b, 0x486b, 0x486b, 0x486b, 0xc65a, 0x486b, 0x086b, 0x4973,
  0x897b, 0x4873, 0x4873, 0x476b, 0x486b, 0x4873, 0x076b, 0x0b8c, 0x487b, 0x8973, 0xca7b, 0x8a73,
  0x4873, 0x865a, 0x4e4b, 0x4f2b, 0xd23b, 0x9454, 0x4d3b, 0x0b3b, 0x0953, 0x8883, 0xa883, 0x2c84,
  0xcb7b, 0x496b, 0x8a73, 0x0d74, 0x4d43, 0xd043, 0x123c, 0x343c, 0x543c, 0x753c, 0x753c, 0x753c,
  0x753c, 0xb644, 0x7434, 0xd64c, 0xd65c, 0x944c, 0x334c, 0x955c, 0x7554, 0xb63c, 0x142c, 0x3084,
  0x317c, 0x9323, 0xb634, 0xd644, 0x9744, 0x563c, 0x7734, 0x5534, 0xd32b, 0xd32b, 0xd64c, 0x753c,
  0xb644, 0x953c, 0xb644, 0x5534, 0x7634, 0x352c, 0x7634, 0x7534, 0xd64c, 0x753c, 0x553c, 0x753c,
  0x7534, 0x7534, 0x7534, 0x7534, 0x7534, 0x7534, 0xf74c, 0x553c, 0x753c, 0x7734, 0x7534, 0x753c,
  0xd83c, 0xb264, 0x8b93, 0x3af7, 0x3855, 0x137d, 0xf6bd, 0xb9d6, 0x3ce7, 0xfcd6, 0x5be7, 0x5bef,
  0xd9a5, 0x7df7, 0x3ab6, 0xd323, 0x3324, 0x5544, 0x7eff, 0xf8ad, 0x1164, 0xbbb6, 0x142c, 0x9323,
  0x7ba6, 0xdeff, 0x5ddf, 0x917c, 0x37c6, 0xdef7, 0xfbde, 0x38c6, 0xd39c, 0xdbd6, 0xdbc6, 0x534c,
  0x342c, 0x762c, 0x7634, 0x7534, 0x7534, 0x7534, 0x7534, 0x7634, 0xd73c, 0x762c, 0x3434, 0x8e53,
  0xd063, 0x9bbe, 0xffff, 0xffff, 0xffff, 0xffff, 0xffff, 0xffff, 0xffff, 0xffff, 0xffff, 0xffff,
  0xffff, 0xffff, 0xffff, 0xffff, 0x5def, 0xf3a4, 0x38be, 0x56ce, 0x8b83, 0x3434, 0x132c, 0x332c,
  0x7534, 0x9644, 0xb644, 0x7534, 0x7534, 0x7534, 0x7534, 0x7534, 0x7534, 0x7534, 0x7534, 0x5534,
  0x5534, 0x7534, 0x7534, 0x7534, 0x7534, 0x7534, 0x7534, 0x7534, 0x5534, 0xb644, 0xb534, 0x141c,
  0x142c, 0x352c, 0x762c, 0xb624, 0x962c, 0x7634, 0x762c, 0xd83c, 0xf734, 0x7634, 0x7534, 0x9634,
  0xb73c, 0xb734, 0x752c, 0x552c, 0xd423, 0x963c, 0x7634, 0x552c, 0x752c, 0x132c, 0x8b5b, 0x2ec5,
  0x4e4b, 0x9043, 0x4f2b, 0xd03b, 0x8b3a, 0x4f33, 0x502b, 0x5023, 0x1023, 0xcb73, 0xec93, 0x4e8c,
  0x473a, 0xd094, 0xc973, 0x2c8c, 0x8a7b, 0x0963, 0x864a, 0x0763, 0x4973, 0x4873, 0x486b, 0xca83,
  0x486b, 0x486b, 0x0863, 0x0763, 0x0763, 0x075b, 0x0763, 0xc75a, 0xc65a, 0xca7b, 0x2c8c, 0xca7b,
  0xeb83, 0xc762, 0x4973, 0x4873, 0x076b, 0x486b, 0x076b, 0x2b8c, 0x0763, 0x496b, 0x4873, 0x8a7b,
  0x8a7b, 0xc75a, 0x503b, 0x0b43, 0x4a5b, 0x2e6c, 0xc852, 0x495b, 0x864a, 0x8873, 0x486b, 0x486b,
  0x4973, 0x8973, 0x4873, 0x0b7c, 0x0a53, 0x4d43, 0xd04b, 0x8f43, 0x8f3b, 0xd23b, 0x7444, 0x743c,
  0x553c, 0xb644, 0x5434, 0xd64c, 0x385d, 0xd654, 0x333c, 0xb554, 0xf754, 0xd73c, 0xd22b, 0x3084,
  0x0f84, 0xcc8b, 0x375d, 0xb644, 0x743c, 0x752c, 0x5534, 0x352c, 0x5534, 0x3434, 0xd644, 0x963c,
  0x963c, 0xb734, 0xb83c, 0x1344, 0x8e43, 0x8f53, 0x8e4b, 0xd133, 0xd73c, 0x752c, 0x7534, 0x7534,
  0x7534, 0x753c, 0x7534, 0x7534, 0x7534, 0x7534, 0x1855, 0x5634, 0x5534, 0x363c, 0x542c, 0x762c,
  0x762c, 0xd323, 0x1385, 0xd654, 0xf93c, 0x352c, 0x5264, 0x7ad6, 0x5de7, 0x19e7, 0x5ce7, 0x7cef,
  0x7cef, 0x7def, 0xbcde, 0x920b, 0xb534, 0xd223, 0x3555, 0x0f23, 0x5abe, 0xdfff, 0x577d, 0xd50b,
  0x7785, 0xd7b5, 0x7ef7, 0x507c, 0xcd6b, 0xb5b5, 0xdbd6, 0xd7bd, 0xd7b5, 0x19c6, 0x79d6, 0xf6bd,
  0xb795, 0xd323, 0x762c, 0x563c, 0x553c, 0x7534, 0x7534, 0x753c, 0xd744, 0x352c, 0x1424, 0x3144,
  0x1044, 0x7354, 0xbeef, 0xffff, 0xffff, 0xdfff, 0xdfff, 0xffff, 0xffff, 0xffff, 0xffff, 0xffff,
  0xffff, 0xffff, 0xffff, 0xffff, 0xdff7, 0xb6b5, 0x5795, 0x4c5b, 0xc7ab, 0xf38c, 0xd613, 0x143c,
  0x7534, 0x9644, 0xb644, 0x5534, 0x7534, 0x7534, 0x753c, 0x7534, 0x7534, 0x7534, 0x7534, 0x5534,
  0x5534, 0x7534, 0x7534, 0x7534, 0x7534, 0x7534, 0x7534, 0x7534, 0x5534, 0xb644, 0xb544, 0x1324,
  0xd42b, 0xd42b, 0x752c, 0x752c, 0x3424, 0x142c, 0x1334, 0x9544, 0xb634, 0x7534, 0x753c, 0xb534,
  0x9634, 0xb734, 0x7634, 0x342c, 0xd423, 0xb73c, 0x9634, 0x752c, 0x762c, 0x5524, 0x8f3b, 0xc862,
  0xcb83, 0x305c, 0xd233, 0x7544, 0xd32b, 0x912b, 0x902b, 0x912b, 0x8e43, 0x0b84, 0x2d8c, 0xcb7b,
  0x4742, 0xcf94, 0x2c84, 0x2b84, 0x4a73, 0x8a73, 0x0863, 0x0863, 0x486b, 0x486b, 0x086b, 0x2b84,
  0x486b, 0x0763, 0x0863, 0x0763, 0xc75a, 0xc75a, 0x0763, 0x0763, 0x8973, 0x8d94, 0x4973, 0x4873,
  0x486b, 0x086b, 0x486b, 0x486b, 0x0763, 0x486b, 0x0763, 0x2b8c, 0xc652, 0x2b84, 0x6c94, 0x486b,
  0xcf9c, 0x8a73, 0xcd2a, 0xc952, 0x0773, 0x8a7b, 0x865a, 0x0863, 0x0763, 0x486b, 0x0863, 0x0763,
  0x086b, 0x0863, 0x0763, 0x897b, 0x496b, 0x8842, 0xce5b, 0xcc63, 0x0a4b, 0x4c4b, 0x8e43, 0x8f3b,
  0xd133, 0xd74c, 0x7534, 0x9644, 0x963c, 0x343c, 0x753c, 0x7544, 0x953c, 0xd73c, 0x912b, 0x3084,
  0x3184, 0x3444, 0xf73c, 0xb62c, 0x752c, 0x7534, 0x752c, 0x552c, 0x3534, 0x3434, 0xf744, 0x5534,
  0x1434, 0xd23b, 0x4e3b, 0xc84a, 0x8552, 0x0763, 0x8a6b, 0x8d5b, 0x7354, 0x763c, 0x7734, 0xb72c,
  0x962c, 0x7634, 0x7534, 0x7534, 0x963c, 0x743c, 0x9544, 0x9123, 0x9133, 0x913b, 0x113c, 0x552c,
  0x1534, 0x142c, 0x962c, 0xd42b, 0x944c, 0x9164, 0xf2ac, 0xf7bd, 0x18c6, 0x1ad7, 0x9df7, 0x5ce7,
  0x19d7, 0x5cef, 0x7def, 0x9454, 0x512b, 0xd754, 0x3524, 0xd22b, 0x3ddf, 0x1bef, 0x3485, 0xd41b,
  0xb674, 0x9ac6, 0x3def, 0x9ae6, 0x0863, 0x476b, 0xce93, 0xf19c, 0x0873, 0xbade, 0x58c6, 0x9ace,
  0x7abe, 0x1575, 0x543c, 0x7634, 0x7634, 0x7534, 0x7534, 0x753c, 0xd64c, 0x552c, 0x352c, 0x123c,
  0xb254, 0xcf4b, 0xb7ad, 0xffff, 0xffff, 0xdfff, 0xdfff, 0xffff, 0xffff, 0xffff, 0xffff, 0xffff,
  0xffff, 0xffff, 0xffff, 0xffff, 0xdef7, 0x106c, 0x19a6, 0x9033, 0x0a6b, 0x5595, 0xd613, 0x553c,
  0x7534, 0x963c, 0xb644, 0x5534, 0x7534, 0x7534, 0x7534, 0x7534, 0x7534, 0x7534, 0x7534, 0x5534,
  0x5534, 0x7534, 0x7534, 0x7534, 0x7534, 0x7534, 0x7534, 0x7534, 0x7534, 0xb644, 0x9644, 0x342c,
  0x7524, 0x752c, 0xd333, 0x8f3b, 0x4e43, 0x8e43, 0x8c53, 0x306c, 0x3334, 0x963c, 0x963c, 0x9534,
  0x7534, 0x9634, 0x552c, 0x142c, 0x3534, 0xb634, 0x752c, 0x762c, 0x352c, 0x352c, 0x1424, 0x8f33,
  0x488b, 0x4d5b, 0xd343, 0x3244, 0xd333, 0x922b, 0xd12b, 0x912b, 0x8b63, 0x076b, 0x8a6b, 0xca83,
  0x464a, 0xcb83, 0x4a63, 0x2c74, 0xcc7b, 0x8973, 0xc75a, 0x075b, 0x496b, 0x086b, 0x086b, 0xca7b,
  0x0863, 0xc75a, 0xc65a, 0x075b, 0x075b, 0xc652, 0xc75a, 0x486b, 0x897b, 0x8a7b, 0x486b, 0x4973,
  0x4973, 0x4873, 0x0763, 0x0763, 0x0763, 0x0763, 0xc75a, 0xca7b, 0x0763, 0x4873, 0x076b, 0x4863,
  0x0863, 0x897b, 0xc952, 0x085b, 0x4863, 0x0d7c, 0x8652, 0xc75a, 0x0763, 0x076b, 0x085b, 0x0863,
  0x0763, 0x0763, 0x0863, 0xaa73, 0x8a6b, 0x2c84, 0xca73, 0x896b, 0x496b, 0x8a6b, 0x0953, 0x8d53,
  0xcc2a, 0x744c, 0x553c, 0x753c, 0x7534, 0x3434, 0x3434, 0x743c, 0x7534, 0xb744, 0xd22b, 0x3084,
  0x3184, 0x9513, 0xb734, 0x333c, 0x562c, 0x5534, 0x753c, 0x5634, 0x3434, 0x132c, 0x753c, 0x9133,
  0x0c3b, 0xc852, 0x855a, 0x865a, 0x8752, 0xc852, 0xc752, 0xc762, 0x8b73, 0x4b53, 0xcf43, 0x753c,
  0x9544, 0x3434, 0x1424, 0xd42b, 0x9033, 0xcc22, 0x4f33, 0x0c2b, 0x4d43, 0xd14b, 0x4b5b, 0x8e3b,
  0x3534, 0x553c, 0x762c, 0x352c, 0x1745, 0x7614, 0x144c, 0x385d, 0x355d, 0xba95, 0xb194, 0xfae6,
  0x58ce, 0xdad6, 0xbee7, 0xbeff, 0x7885, 0x544c, 0x3634, 0xd113, 0x3dd7, 0x58de, 0x37be, 0xb65c,
  0x9524, 0x146d, 0x59be, 0x5ac6, 0x739d, 0x4a6b, 0x349d, 0x3585, 0xb194, 0xd1ac, 0x18c6, 0xd8ad,
  0x139d, 0x3cdf, 0x1064, 0x5244, 0x772c, 0x553c, 0x7534, 0x753c, 0xd744, 0x552c, 0x552c, 0x913b,
  0x4e5b, 0x358d, 0x38be, 0xffff, 0xffff, 0xffff, 0xfff7, 0xffff, 0xffff, 0xffff, 0xffff, 0xffff,
  0xffff, 0xffff, 0xffff, 0xffff, 0x3ddf, 0xce83, 0x8e6b, 0x385d, 0xd74c, 0xb644, 0xd02b, 0x5534,
  0x7534, 0x9644, 0xb644, 0x7534, 0x7534, 0x7534, 0x5534, 0x7534, 0x7534, 0x7534, 0x7534, 0x5534,
  0x7534, 0x7534, 0x7534, 0x7534, 0x7534, 0x7534, 0x7534, 0x7534, 0x5534, 0xb644, 0x973c, 0x762c,
  0x3524, 0xd223, 0x4d3b, 0x0a53, 0x0963, 0x2c74, 0x8552, 0x4e7c, 0xd333, 0x762c, 0x9634, 0x9634,
  0x552c, 0x552c, 0x552c, 0x552c, 0x352c, 0x963c, 0x762c, 0x7524, 0x342c, 0x762c, 0x7624, 0x911b,
  0x5023, 0x502b, 0x4f3b, 0xd343, 0x4f2b, 0x9323, 0x1324, 0x4f23, 0x496b, 0x0773, 0x495b, 0x496b,
  0x865a, 0x8a7b, 0x8a6b, 0x707c, 0x496b, 0x086b, 0x864a, 0xc652, 0x8a73, 0xcb83, 0x0763, 0xca7b,
  0x8973, 0x0863, 0x086b, 0x0763, 0x0863, 0x4973, 0xcb83, 0xca7b, 0x486b, 0xaa7b, 0x4973, 0x6973,
  0xca7b, 0x476b, 0x0763, 0x2763, 0x0763, 0x0763, 0x0763, 0xca7b, 0x0763, 0x076b, 0x0763, 0x075b,
  0x4963, 0x4873, 0x4873, 0x4873, 0x0763, 0x0b7c, 0x076b, 0x0663, 0x076b, 0x076b, 0x0763, 0x0763,
  0x2863, 0xc75a, 0x4963, 0xca73, 0x0763, 0xcb83, 0x0863, 0x476b, 0x0763, 0x0763, 0x896b, 0x0953,
  0x0c43, 0x7354, 0xd333, 0x9043, 0x543c, 0xd13b, 0x1334, 0x343c, 0x3334, 0xb63c, 0xd32b, 0x3184,
  0x3184, 0xd32b, 0x552c, 0xd32b, 0x752c, 0x7534, 0x7534, 0x552c, 0x342c, 0xd333, 0x153c, 0xcc32,
  0x065b, 0x0563, 0x0763, 0x0863, 0x0863, 0x085b, 0x0863, 0xc75a, 0xcb7b, 0x0763, 0xc662, 0x4673,
  0x076b, 0x8c5b, 0xd143, 0x903b, 0x892a, 0x883a, 0x2e74, 0x4a53, 0x4953, 0xc742, 0x0853, 0x4a5b,
  0x4c53, 0x1144, 0xce3b, 0x3354, 0xb754, 0x7814, 0x59a6, 0xb8f6, 0xfbe6, 0x1bdf, 0xdace, 0x0e7c,
  0x035a, 0xb4a5, 0x54ad, 0xb7ad, 0x3cdf, 0xd333, 0x3534, 0x1585, 0x7795, 0x9ace, 0x5285, 0x946c,
  0x9744, 0xd41b, 0x1524, 0xd76c, 0x917c, 0x0d3b, 0x715c, 0xb885, 0x7374, 0x4b63, 0x0d8c, 0xb9d6,
  0xf5c5, 0xbbc6, 0x18be, 0x8c5b, 0xf72c, 0x7534, 0x952c, 0x753c, 0xb744, 0x3534, 0x752c, 0xd143,
  0x95c5, 0x0c4b, 0xce63, 0xffff, 0xffff, 0xdfff, 0xdfff, 0xffff, 0xffff, 0xffff, 0xffff, 0xffff,
  0xffff, 0xffff, 0xffff, 0xffff, 0xbef7, 0x9ad6, 0xbeef, 0x1ce7, 0xd46c, 0x3434, 0x5534, 0x762c,
  0x7534, 0x9544, 0xb63c, 0x5634, 0x7534, 0x7534, 0x7534, 0x7534, 0x7534, 0x7534, 0x7534, 0x5534,
  0x7534, 0x7534, 0x7534, 0x7534, 0x7534, 0x7534, 0x7534, 0x7634, 0x553c, 0xb63c, 0xb734, 0x5434,
  0xcb3a, 0x085b, 0x486b, 0x085b, 0x085b, 0x8a73, 0xc652, 0x8b53, 0xcf43, 0xd033, 0x9634, 0xba24,
  0xb724, 0x7534, 0x7634, 0x952c, 0x3624, 0x753c, 0x902b, 0x132c, 0xd123, 0x3724, 0x3424, 0x9223,
  0x5123, 0x102b, 0xce2a, 0xd053, 0x4d4b, 0x8f43, 0xd22b, 0x912b, 0x4b53, 0x076b, 0x096b, 0x095b,
  0x8552, 0x2c84, 0x086b, 0x0763, 0x086b, 0x496b, 0x8973, 0xc75a, 0x0863, 0x0963, 0x4a6b, 0xf19c,
  0x6f8c, 0x2e84, 0xc75a, 0xc762, 0x086b, 0x8a7b, 0xcb83, 0xca7b, 0xc762, 0x8a7b, 0x8a73, 0xca7b,
  0x6d8c, 0x0863, 0x0763, 0x0763, 0x0763, 0x4863, 0x0763, 0xca7b, 0x0763, 0x0763, 0x075b, 0x0763,
  0x0863, 0x8b7b, 0x4873, 0x076b, 0x486b, 0x8a73, 0x486b, 0x8973, 0x4873, 0x4873, 0x486b, 0x496b,
  0x075b, 0xc75a, 0x496b, 0xcb7b, 0x4863, 0x496b, 0x0863, 0x075b, 0x075b, 0x075b, 0x4963, 0xc852,
  0x094b, 0x8c5b, 0xcc3a, 0x4773, 0x4c4b, 0x4a5b, 0x4b63, 0x4d53, 0x4c53, 0x113c, 0x9123, 0x5284,
  0x527c, 0x912b, 0x3434, 0xd32b, 0x542c, 0x5634, 0x3434, 0x552c, 0x1434, 0xd22b, 0x333c, 0xca42,
  0x4963, 0x8a73, 0x496b, 0x4863, 0x0763, 0x0863, 0x4863, 0x0863, 0x8a73, 0x0863, 0x8b7b, 0x8a7b,
  0x0e7c, 0x4a63, 0x4773, 0x4973, 0x883a, 0x4e74, 0xca7b, 0xc752, 0x864a, 0xc652, 0xc75a, 0x0863,
  0x4a63, 0x4b53, 0x4773, 0x6fa4, 0x77ad, 0xd143, 0x1334, 0x377d, 0x359d, 0x6da4, 0x32bd, 0x56d6,
  0x8d53, 0xb374, 0x96a5, 0xf5d5, 0x7785, 0xf533, 0x5885, 0xfeff, 0x7895, 0xb66c, 0xb3ad, 0xd7bd,
  0x1685, 0x1334, 0x9213, 0xd89d, 0x55ee, 0x18b6, 0x912b, 0xd474, 0x9875, 0xb274, 0x897b, 0xc66a,
  0x8d6b, 0x17be, 0x9cc6, 0x3644, 0xd92c, 0x7634, 0x7534, 0x743c, 0x9744, 0x752c, 0x542c, 0x3324,
  0x324c, 0x5144, 0x8f5b, 0xdfff, 0xffff, 0xdfff, 0xdfff, 0xffff, 0xffff, 0xffff, 0xffff, 0xffff,
  0xffff, 0xffff, 0xffff, 0xdeff, 0xfeff, 0xffff, 0x7def, 0xd14b, 0x921b, 0x7634, 0x7634, 0x7534,
  0x7534, 0x9544, 0xb644, 0x5534, 0x7534, 0x7534, 0x7534, 0x7534, 0x7534, 0x7534, 0x7534, 0x5534,
  0x7534, 0x7534, 0x7534, 0x7534, 0x7534, 0x7534, 0x753c, 0x7634, 0x5534, 0xb54c, 0x7244, 0x0c2b,
  0xc842, 0xcb73, 0x696b, 0x075b, 0xc752, 0xc652, 0x8542, 0x4863, 0x0563, 0xc752, 0x0b43, 0xcf3b,
  0x7534, 0xd73c, 0xb63c, 0x952c, 0xd21b, 0x3534, 0xd61b, 0x9133, 0x4a63, 0x9033, 0x4f23, 0x0c33,
  0x8a2a, 0x4b22, 0x4b22, 0xca42, 0x4763, 0x477b, 0x4a5b, 0x8f33, 0x4f2b, 0x4b53, 0x0773, 0x0773,
  0x854a, 0x4973, 0x865a, 0x0863, 0x086b, 0x0763, 0x0863, 0x0763, 0xc652, 0x696b, 0x4a6b, 0x4b6b,
  0x2e7c, 0xd6bd, 0x75ad, 0xb194, 0xcb7b, 0x8a7b, 0x486b, 0x486b, 0x0763, 0x8973, 0x486b, 0x086b,
  0x0763, 0x486b, 0x4863, 0x0763, 0x4763, 0x4863, 0x075b, 0xca7b, 0x075b, 0xc75a, 0xc652, 0x0763,
  0x8652, 0x2e8c, 0x486b, 0x476b, 0x065b, 0x8a73, 0x0863, 0x486b, 0x4873, 0x0763, 0x486b, 0x8a73,
  0x4863, 0xc75a, 0x4863, 0x896b, 0xc652, 0xc75a, 0x075b, 0xc85a, 0xc85a, 0xc752, 0xc652, 0x4863,
  0x4963, 0xcb73, 0x0853, 0x075b, 0xcf32, 0x4a5b, 0x4673, 0x466b, 0x0773, 0x4a7b, 0xcb3a, 0x307c,
  0x0f84, 0x0e2b, 0x9734, 0xd333, 0x1334, 0x3434, 0x562c, 0x3434, 0xd423, 0x902b, 0x2c7c, 0x476b,
  0x8a73, 0x8a73, 0x896b, 0x486b, 0x476b, 0x486b, 0x486b, 0x0863, 0x8a73, 0x4a6b, 0x32ad, 0x8c73,
  0xcc83, 0xec8b, 0x8a7b, 0x8973, 0x486b, 0x4963, 0x4963, 0xc652, 0xc752, 0xc75a, 0xc65a, 0xc65a,
  0xc75a, 0x496b, 0x0a74, 0x8973, 0x90ac, 0x496b, 0x9064, 0xb7a5, 0x966c, 0xcf7b, 0x0e64, 0x357d,
  0x725c, 0xd04b, 0x146d, 0x7765, 0x9965, 0x5865, 0x1575, 0x5cef, 0x587d, 0x736c, 0xd0ac, 0x368d,
  0x75ad, 0xdbbe, 0x0f0b, 0xd89d, 0x3cf7, 0xbace, 0x1434, 0x3775, 0xb644, 0x947d, 0x3264, 0xca52,
  0x8b73, 0xd5bd, 0x38b6, 0x5123, 0x7734, 0x7734, 0x7534, 0x743c, 0x9754, 0xb62c, 0x732c, 0x1524,
  0x902b, 0x4c33, 0x717c, 0xffff, 0xffff, 0xdfff, 0xdfff, 0xffff, 0xffff, 0xffff, 0xffff, 0xffff,
  0xffff, 0xbef7, 0xdbd6, 0xfeff, 0xdef7, 0x9ac6, 0x735c, 0xd323, 0x762c, 0x7634, 0x7534, 0x7634,
  0x7634, 0x9644, 0xb644, 0x5534, 0x553c, 0x553c, 0x553c, 0x7534, 0x7534, 0x7534, 0x7534, 0x5534,
  0x7534, 0x7534, 0x7534, 0x7534, 0x7534, 0x753c, 0x7534, 0x7534, 0x772c, 0xd133, 0x0943, 0xc83a,
  0x8a6b, 0x486b, 0xc75a, 0xc752, 0x085b, 0x864a, 0x4542, 0x485b, 0xc64a, 0x8642, 0xc55a, 0xc36a,
  0x4a53, 0x773c, 0xb824, 0x552c, 0x9123, 0xd043, 0x9323, 0xd22b, 0x0a53, 0x102b, 0x0d3b, 0x095b,
  0xc55a, 0xc552, 0x0853, 0x0853, 0xc762, 0x4963, 0x4773, 0x066b, 0x0a53, 0xc942, 0x0763, 0x0773,
  0x8752, 0x8a73, 0x0863, 0x865a, 0x0863, 0xc762, 0x486b, 0x486b, 0xc65a, 0xc65a, 0x886b, 0x8a6b,
  0x095b, 0xd5b5, 0xf7bd, 0xd6b5, 0x0963, 0xcf9c, 0x0763, 0x075b, 0xc65a, 0x8973, 0xc65a, 0x0763,
  0x0763, 0x486b, 0x0763, 0x0763, 0x4863, 0x4863, 0xc75a, 0x8a73, 0x065b, 0xc65a, 0x075b, 0x075b,
  0x864a, 0x52ad, 0xc75a, 0x8873, 0x065b, 0x8a73, 0x0763, 0x486b, 0x486b, 0x486b, 0x496b, 0x8a73,
  0xc75a, 0x075b, 0x4863, 0x496b, 0xc75a, 0x075b, 0xc752, 0xc752, 0xc752, 0xc75a, 0xc75a, 0x0763,
  0xc762, 0xca7b, 0x496b, 0x477b, 0x095b, 0x085b, 0x4873, 0x4a73, 0x0873, 0x8b83, 0x8852, 0x0f84,
  0x3084, 0x8652, 0xce53, 0x133c, 0xd32b, 0x352c, 0x5634, 0x5534, 0x572c, 0xd32b, 0xcb7b, 0x4673,
  0x496b, 0x486b, 0x486b, 0x496b, 0x486b, 0x486b, 0x496b, 0xcb73, 0x4d8c, 0x0963, 0xc862, 0xc85a,
  0x0763, 0x2863, 0x084b, 0xc852, 0x486b, 0x8873, 0x0753, 0x864a, 0xc85a, 0xc752, 0xc85a, 0xc652,
  0xc652, 0xc862, 0x897b, 0x8a93, 0x2f94, 0x4963, 0xc65a, 0x487b, 0x753c, 0x542c, 0x1534, 0xd423,
  0x4f7c, 0x496b, 0x0e8c, 0x772c, 0x7644, 0x7534, 0xda75, 0xd6ad, 0xb464, 0x7574, 0x79de, 0x77c6,
  0x74b5, 0xd995, 0xf65c, 0xbbc6, 0x8772, 0x915b, 0xda2c, 0xd975, 0xb54c, 0x7595, 0xb27c, 0x0d74,
  0x4973, 0xce8b, 0x1bef, 0x59b6, 0x9023, 0x5434, 0x7634, 0x753c, 0xb644, 0x972c, 0x543c, 0x152c,
  0x4e43, 0x8742, 0xf394, 0xffff, 0xffff, 0xdfff, 0xdfff, 0xffff, 0xffff, 0xffff, 0xffff, 0xffff,
  0xdfff, 0xffff, 0x9bbe, 0xb885, 0xb564, 0x5123, 0xd423, 0x762c, 0x7534, 0x753c, 0x7534, 0x7634,
  0x7534, 0xb444, 0xb544, 0x5534, 0x7534, 0x7534, 0x7534, 0x7534, 0x7534, 0x7534, 0x7534, 0x5534,
  0x5534, 0x7534, 0x7534, 0x7534, 0x553c, 0x7534, 0x553c, 0x762c, 0x160c, 0xd13b, 0x864a, 0x8f8c,
  0x6d8c, 0x854a, 0xc652, 0x864a, 0x864a, 0x854a, 0x864a, 0x4863, 0xc84a, 0xc852, 0xc74a, 0xc752,
  0x075b, 0x0953, 0xd33b, 0xd22b, 0xcd2a, 0x8a63, 0x4563, 0x0d33, 0x502b, 0x4c43, 0x075b, 0x8652,
  0x075b, 0x4863, 0x075b, 0x897b, 0x086b, 0x0863, 0xc762, 0x887b, 0x486b, 0x085b, 0x086b, 0x086b,
  0xc64a, 0x8a73, 0x496b, 0x8652, 0x0863, 0x0863, 0x0863, 0x0863, 0x0863, 0xc75a, 0x864a, 0xcc7b,
  0x2f84, 0x139d, 0xb294, 0x18be, 0x53a5, 0x8752, 0x0863, 0xc65a, 0xc75a, 0x8973, 0x0763, 0x0763,
  0x0763, 0x486b, 0x486b, 0x486b, 0x0763, 0x0763, 0xc75a, 0xca73, 0x065b, 0xc75a, 0xc75a, 0x075b,
  0x464a, 0x6e94, 0x496b, 0x4763, 0x075b, 0x8973, 0x075b, 0x8a73, 0x2c84, 0x8973, 0x0763, 0x0863,
  0x4863, 0x075b, 0x4863, 0xcb73, 0xc652, 0xc75a, 0xc652, 0xc652, 0x065b, 0x075b, 0xc75a, 0xc75a,
  0xc75a, 0x8b7b, 0x096b, 0x677b, 0x076b, 0x4863, 0x8b6b, 0x4a6b, 0x8a7b, 0xcc7b, 0x875a, 0x0f84,
  0x1084, 0x855a, 0x477b, 0x8d53, 0x123c, 0x5824, 0x3534, 0xd22b, 0x1334, 0x5634, 0x753c, 0x0953,
  0x476b, 0x486b, 0x0863, 0x496b, 0xcc7b, 0x496b, 0x085b, 0x8752, 0x4a6b, 0x0863, 0xc85a, 0xc65a,
  0xc752, 0xc752, 0x075b, 0xc652, 0xc752, 0x2863, 0x486b, 0xc652, 0xc752, 0xc75a, 0xc75a, 0xc652,
  0x864a, 0x8652, 0xc862, 0x096b, 0xca83, 0x2773, 0x0a6b, 0x0a63, 0x8d43, 0x8e53, 0x066b, 0x0a5b,
  0xd153, 0x8a83, 0xcb83, 0x0573, 0xd284, 0x6f8c, 0x2f6c, 0x2d64, 0x2d84, 0xb5bd, 0xfbe6, 0xf9de,
  0xd9ce, 0x97a5, 0x5184, 0xb0ac, 0x8a63, 0xcb7b, 0xb554, 0xb724, 0x7865, 0x74ad, 0x935c, 0x586d,
  0x8762, 0x888b, 0x4f84, 0xbef7, 0xb6ad, 0x8e4b, 0x342c, 0x763c, 0xb644, 0x762c, 0x342c, 0xd323,
  0x4d5b, 0x085b, 0x884a, 0xdfff, 0xffff, 0xffff, 0xdfff, 0xffff, 0xffff, 0xffff, 0xffff, 0xdeff,
  0xdfff, 0xdff7, 0xb554, 0xd413, 0x353c, 0x1424, 0x552c, 0x7534, 0x7634, 0x762c, 0x7634, 0x562c,
  0x7534, 0x9544, 0xb53c, 0x7534, 0x7534, 0x7534, 0x7534, 0x7534, 0x7534, 0x7534, 0x7534, 0x5534,
  0x5534, 0x7534, 0x7534, 0x7534, 0x7534, 0x7634, 0x752c, 0x3624, 0x781c, 0xd03b, 0x496b, 0x6f8c,
  0x4a6b, 0x864a, 0x8642, 0x8642, 0x8542, 0x864a, 0x854a, 0x4963, 0x0753, 0xc64a, 0x4863, 0xc652,
  0x085b, 0x0763, 0x0563, 0x8e3b, 0x4a2a, 0x4a5b, 0xcc4a, 0xcd3a, 0x065b, 0x0563, 0x0653, 0x0753,
  0x085b, 0x0763, 0xc65a, 0x8a7b, 0x095b, 0xc762, 0xc65a, 0x8a6b, 0x4963, 0x0763, 0x0763, 0x0863,
  0x464a, 0x496b, 0x496b, 0xc652, 0xc75a, 0x0863, 0x0863, 0x486b, 0x0763, 0x854a, 0x075b, 0xcf9c,
  0x4a6b, 0x4e8c, 0x6f8c, 0xcc7b, 0xd6bd, 0x6f8c, 0xc75a, 0x8552, 0xc65a, 0x8a73, 0x0863, 0x0763,
  0x0763, 0x0763, 0x496b, 0x486b, 0x0763, 0x0763, 0x075b, 0xca73, 0x065b, 0xc75a, 0xc75a, 0xc65a,
  0x496b, 0x6e8c, 0x0863, 0x4763, 0x0763, 0xca73, 0xc65a, 0x0c84, 0x4d8c, 0x8652, 0x4863, 0xc75a,
  0x8652, 0x075b, 0x4863, 0xca73, 0x075b, 0x075b, 0xc752, 0x075b, 0x075b, 0x075b, 0x075b, 0x075b,
  0x0863, 0xcb73, 0x0863, 0x4863, 0x8c7b, 0xcc7b, 0x4a73, 0x4973, 0xca83, 0x4d8c, 0x8862, 0x0f84,
  0x0f8c, 0x0773, 0x4d94, 0x8b6b, 0x8d4b, 0x8e4b, 0xd243, 0x912b, 0x1234, 0xd333, 0x9a2c, 0x4e2b,
  0xc65a, 0xc752, 0xc752, 0xc752, 0xc752, 0xc752, 0xc752, 0x864a, 0x8a73, 0x0863, 0xc75a, 0xc752,
  0xc752, 0x8752, 0xc75a, 0x875a, 0x474a, 0xc95a, 0x4b6b, 0xc65a, 0xc75a, 0xc75a, 0xc75a, 0xc65a,
  0x8652, 0x8652, 0xc752, 0x0b43, 0x0c6c, 0xc562, 0x096b, 0x0973, 0x4873, 0x4a6b, 0x4a6b, 0x4a6b,
  0xc762, 0x885a, 0x2c84, 0x8f94, 0x4c94, 0x16ce, 0x4fa4, 0xf7c5, 0xb0a4, 0x36ce, 0x7bc6, 0x1def,
  0x3ee7, 0x9194, 0x4b73, 0x4983, 0x0663, 0x2e7c, 0xf654, 0xd82c, 0xd83c, 0xf44c, 0xbb35, 0x164d,
  0x33a5, 0xcc5a, 0xc95a, 0xb0a4, 0xbef7, 0x8c7b, 0x9043, 0x763c, 0xb644, 0x5534, 0x342c, 0x141c,
  0x8e6b, 0x456a, 0xc962, 0xdeff, 0xfff7, 0xdfff, 0xdfff, 0xdfff, 0xdfff, 0xdfff, 0xffff, 0xbef7,
  0xffff, 0x19a6, 0xd423, 0xd934, 0x7644, 0x342c, 0x7534, 0x753c, 0x7634, 0x7624, 0x762c, 0x3624,
  0x782c, 0xb83c, 0xd93c, 0x772c, 0x5634, 0x553c, 0x553c, 0x7534, 0x7534, 0x7534, 0x7534, 0x5534,
  0x5534, 0x7534, 0x7534, 0x7534, 0x7634, 0x762c, 0x762c, 0x7724, 0x142c, 0x8e5b, 0x8f94, 0xaf8c,
  0x4642, 0x8642, 0x8642, 0x8542, 0x8542, 0x8642, 0x863a, 0x4a63, 0xc552, 0x863a, 0x873a, 0x434a,
  0x8552, 0x065b, 0x4653, 0x0e1b, 0xc829, 0x4a5b, 0x0a53, 0xc952, 0x475b, 0x0753, 0xc752, 0x0753,
  0x0753, 0x075b, 0xc75a, 0x8b73, 0x095b, 0x8752, 0x8b6b, 0x4d74, 0x0763, 0xc662, 0x0863, 0x864a,
  0x454a, 0xcb7b, 0x496b, 0x0863, 0x0863, 0xc75a, 0x075b, 0xc75a, 0xc75a, 0xc652, 0xc652, 0x896b,
  0xcb7b, 0x0d84, 0xcd7b, 0xcc7b, 0xac73, 0x94ad, 0xcb73, 0x896b, 0x0763, 0xcb7b, 0x0863, 0x0863,
  0x4863, 0x0863, 0x4863, 0x0763, 0x0763, 0x0763, 0x075b, 0xca73, 0x075b, 0x075b, 0x075b, 0x065b,
  0xc85a, 0x4a6b, 0x0863, 0x0763, 0x0763, 0xca7b, 0x0763, 0xc85a, 0x93b5, 0xc85a, 0x0863, 0x93b5,
  0x496b, 0xc652, 0x085b, 0xca73, 0xc75a, 0x075b, 0x075b, 0x0863, 0x075b, 0x085b, 0x075b, 0xc75a,
  0xc652, 0x896b, 0x496b, 0x0963, 0x8c7b, 0x8c83, 0x4a7b, 0x0a6b, 0x8d73, 0x8c7b, 0x875a, 0x0f84,
  0x5084, 0x4b63, 0x0c8c, 0x8b7b, 0x4a53, 0x688b, 0x8c7b, 0x9133, 0x922b, 0x0d23, 0x8c5b, 0xcb3a,
  0x8a3a, 0x8752, 0xc752, 0x085b, 0xc752, 0x864a, 0xc752, 0xc752, 0x8a6b, 0xc75a, 0xc752, 0xc852,
  0xc752, 0x8652, 0x8652, 0x4963, 0x454a, 0xc75a, 0x8b6b, 0x8652, 0x085b, 0xc852, 0xc75a, 0x8752,
  0xc752, 0xc84a, 0x094b, 0x913b, 0x344c, 0x4e43, 0x884a, 0xc85a, 0xc852, 0xac83, 0x4a73, 0x8c7b,
  0x8c83, 0xcd83, 0xf2ac, 0x18c6, 0xb6bd, 0x14ad, 0x508c, 0x71a5, 0xd7cd, 0xbfef, 0x1de7, 0x18c6,
  0x3cef, 0x2fa4, 0x0a4b, 0x4c4b, 0x4b63, 0x9744, 0x7724, 0x973c, 0x963c, 0x783c, 0x786d, 0xc752,
  0x9595, 0x4f53, 0xca5a, 0x0732, 0x75a5, 0xb5b5, 0x79d6, 0x152c, 0xd644, 0x5434, 0x3434, 0x361c,
  0x8f3b, 0xb084, 0x4c5b, 0x3cef, 0xffff, 0xbeff, 0xbef7, 0xdef7, 0xbef7, 0xdfff, 0x3def, 0xdcde,
  0x7bae, 0x1434, 0x352c, 0x5534, 0x9544, 0x352c, 0x5634, 0x752c, 0x1434, 0x954c, 0x1324, 0xd333,
  0xd233, 0xd23b, 0xd73c, 0x9734, 0x5634, 0x7534, 0x553c, 0x7534, 0x7534, 0x7534, 0x7534, 0x5534,
  0x3534, 0x7534, 0x5534, 0x7534, 0x562c, 0x762c, 0xb72c, 0x9624, 0x0c2b, 0x8f94, 0x6e94, 0x0432,
  0x8642, 0x8542, 0x8542, 0x854a, 0x854a, 0x8642, 0x443a, 0x485b, 0x863a, 0x4632, 0x0c33, 0x4d33,
  0xc93a, 0x854a, 0xc93a, 0x8a32, 0x0642, 0x0853, 0x0653, 0xc752, 0xc752, 0xc64a, 0xc64a, 0xc64a,
  0xc64a, 0xc74a, 0x864a, 0x085b, 0x854a, 0x4a6b, 0x2e7c, 0x454a, 0xc552, 0xc65a, 0xc752, 0x0542,
  0x0763, 0x0b84, 0x496b, 0x0863, 0x085b, 0x075b, 0xc752, 0xc752, 0xc652, 0x864a, 0x854a, 0x0b7c,
  0xc85a, 0x4f8c, 0xcd7b, 0x908c, 0x2f84, 0x4f84, 0x0c7c, 0x4863, 0xc75a, 0x496b, 0x086b, 0xcb7b,
  0x8973, 0x0863, 0x486b, 0x0763, 0x075b, 0x075b, 0x075b, 0xca73, 0x075b, 0x075b, 0xc652, 0xc65a,
  0x8a6b, 0x2d84, 0x486b, 0x075b, 0x075b, 0x0b7c, 0x0763, 0x0863, 0x6f94, 0xf0a4, 0x8652, 0x8b73,
  0xaf94, 0x0863, 0x8652, 0x496b, 0xc75a, 0x075b, 0x075b, 0x075b, 0x075b, 0x0863, 0x4963, 0x2c84,
  0x496b, 0x8b73, 0x496b, 0x4a6b, 0x4873, 0x496b, 0x0863, 0x4963, 0x8b73, 0x6a73, 0x4973, 0x2f84,
  0x307c, 0x8c1a, 0x13a5, 0xcb93, 0x487b, 0x487b, 0x8d6b, 0x912b, 0x5033, 0x8a6b, 0x2a7c, 0x0963,
  0x4b53, 0x486b, 0x0763, 0xc64a, 0xc652, 0xc652, 0xc752, 0x075b, 0x4963, 0xc752, 0xc75a, 0x085b,
  0xc752, 0x864a, 0x864a, 0xcb73, 0x075b, 0x864a, 0xc85a, 0xc85a, 0xc852, 0xc752, 0xc752, 0xc752,
  0xc85a, 0xc752, 0x0933, 0x9033, 0x7364, 0x4d3b, 0x874a, 0x8652, 0x8752, 0x0863, 0x085b, 0xf19c,
  0x8c7b, 0x086b, 0x8b7b, 0x8b6b, 0xb194, 0x17c6, 0x1195, 0x8e94, 0xdade, 0x59c6, 0x10ad, 0x75d6,
  0x549d, 0x0a63, 0x4e43, 0xf474, 0x5223, 0xb834, 0xb734, 0x553c, 0xd433, 0x1a3d, 0x377e, 0xc87a,
  0x90ac, 0xc85a, 0x085b, 0x9333, 0x1344, 0xf6d5, 0xd474, 0x342c, 0xd64c, 0x5534, 0x3434, 0x361c,
  0x913b, 0xdad6, 0xb6bd, 0xffff, 0xffff, 0xdfff, 0xdfff, 0xffff, 0xffff, 0xdfef, 0x5a9e, 0xf774,
  0xd333, 0x3424, 0x7634, 0x963c, 0xd74c, 0x752c, 0x972c, 0x552c, 0x8e53, 0x3074, 0x4d43, 0xcb63,
  0x895b, 0x8a63, 0x0e54, 0x753c, 0x5534, 0x7634, 0x7534, 0x7534, 0x7534, 0x7534, 0x7534, 0x7534,
  0x5534, 0x7534, 0x7534, 0x7534, 0x762c, 0xb62c, 0x981c, 0x1324, 0xc942, 0x096b, 0x4863, 0x443a,
  0x4642, 0x8442, 0x8632, 0x4932, 0x8742, 0x864a, 0x454a, 0x485b, 0xc74a, 0x8642, 0x8532, 0x3814,
  0xd323, 0x4e3b, 0x8a3a, 0x8752, 0xc552, 0x4763, 0xc64a, 0x0853, 0x065b, 0x8642, 0xc642, 0x864a,
  0xc652, 0xc752, 0x864a, 0x0853, 0x095b, 0xb08c, 0x0442, 0x065b, 0xc75a, 0x075b, 0x075b, 0x075b,
  0xc762, 0xcb7b, 0x496b, 0x085b, 0x075b, 0x075b, 0xc652, 0xc652, 0xc652, 0xc64a, 0x854a, 0x896b,
  0x075b, 0x085b, 0xaf94, 0xcc7b, 0x2d84, 0x4963, 0x4863, 0x4863, 0x0763, 0x8a73, 0x0863, 0x8973,
  0x8973, 0x486b, 0x4863, 0x0763, 0x0763, 0x0763, 0x065b, 0xea73, 0x075b, 0x075b, 0xc652, 0x075b,
  0x854a, 0xcf9c, 0x8973, 0x0763, 0x0763, 0x0b7c, 0x0863, 0xc862, 0xf1a4, 0xf1a4, 0x4a6b, 0xc85a,
  0xc75a, 0x0b7c, 0x085b, 0x496b, 0xc652, 0x4863, 0x4863, 0x0863, 0x085b, 0x075b, 0x8a7b, 0x0f8c,
  0x0d84, 0xb09c, 0x4b73, 0x0863, 0x476b, 0x4863, 0x485b, 0x8973, 0x486b, 0x076b, 0x8552, 0x0f84,
  0x307c, 0x0f0b, 0x912b, 0x506c, 0x6dac, 0x8a6b, 0xd12b, 0xd42b, 0x5434, 0x0963, 0x879b, 0x057b,
  0x0573, 0xc65a, 0x0853, 0x8652, 0xc652, 0x075b, 0xc652, 0x864a, 0x4963, 0xc752, 0x8652, 0xc752,
  0xc75a, 0xc752, 0xc85a, 0x8b6b, 0x2e84, 0x6f8c, 0x32a5, 0xcd7b, 0x6e8c, 0x0c84, 0xcb7b, 0x085b,
  0x8652, 0xc65a, 0x8d4b, 0x4d3b, 0x8b63, 0x4442, 0x8652, 0xc75a, 0x8752, 0x096b, 0x8c73, 0x2e8c,
  0xcc7b, 0x4a73, 0x8b7b, 0x4b73, 0x4a73, 0x74b5, 0x90a4, 0x2e94, 0x34a5, 0x5084, 0x865a, 0xc962,
  0xf48c, 0x076b, 0xd053, 0x7def, 0xf38c, 0x552c, 0x7524, 0x1334, 0x4d5b, 0xcc73, 0x4883, 0x74bd,
  0xb464, 0xca4a, 0x487b, 0xca62, 0x362c, 0x3054, 0x9323, 0x963c, 0x9644, 0x5534, 0x753c, 0x5434,
  0x142c, 0x8d53, 0x2d8c, 0xffff, 0xffff, 0xdfff, 0xdfff, 0xffff, 0xbfff, 0xb785, 0xd21b, 0x3634,
  0x7534, 0x9534, 0x7634, 0x963c, 0xd64c, 0x9634, 0xf834, 0x963c, 0x8f43, 0xc952, 0x496b, 0x0b8c,
  0x8752, 0xc772, 0x4a53, 0xd233, 0x7534, 0x5634, 0x7534, 0x7534, 0x7534, 0x7534, 0x7534, 0x5534,
  0x5534, 0x7534, 0x7534, 0x5534, 0x352c, 0x7624, 0x7724, 0x902b, 0x0863, 0x0b74, 0xc642, 0x453a,
  0x4642, 0x8342, 0xcc2a, 0x1123, 0x4632, 0x864a, 0x8442, 0x085b, 0x8742, 0x8642, 0x854a, 0x512b,
  0xca2a, 0x352c, 0x8742, 0xc742, 0x8542, 0x475b, 0x0653, 0xc752, 0x495b, 0x0853, 0xc64a, 0xc64a,
  0xc752, 0xc752, 0x4542, 0x6f8c, 0xb08c, 0x4542, 0x0753, 0x0753, 0xc652, 0x075b, 0x075b, 0x085b,
  0xc75a, 0x8a73, 0x0863, 0x075b, 0x075b, 0xc752, 0xc652, 0xc652, 0x0653, 0xc652, 0x854a, 0xca73,
  0x4963, 0x0863, 0xcb73, 0x4863, 0x4863, 0x4863, 0x075b, 0x075b, 0x075b, 0x8a73, 0x0863, 0x486b,
  0x0763, 0x0763, 0x0763, 0x075b, 0x065b, 0x475b, 0x0653, 0xc96b, 0x0653, 0x6863, 0xc652, 0x075b,
  0xc75a, 0x8973, 0x8973, 0x486b, 0x0763, 0xca7b, 0x0863, 0x086b, 0x096b, 0x6e94, 0x8b73, 0xcb7b,
  0x52ad, 0x095b, 0xca7b, 0x496b, 0xc652, 0x485b, 0x075b, 0x4863, 0x085b, 0x4763, 0x486b, 0x8f94,
  0x8c7b, 0x2d8c, 0x0963, 0x0863, 0x4863, 0x075b, 0x4863, 0x0863, 0x0863, 0x0863, 0xc75a, 0x0f84,
  0x307c, 0x9203, 0x561c, 0x1524, 0x325c, 0xb364, 0x342c, 0x9233, 0x552c, 0x4f23, 0xcd6b, 0x4d33,
  0xcb32, 0xc94a, 0x0763, 0xc652, 0x864a, 0x854a, 0x864a, 0xc64a, 0x4963, 0x864a, 0x4542, 0x4542,
  0x0863, 0xc752, 0x8652, 0x4963, 0x8b73, 0x4a6b, 0xd094, 0x8b73, 0x8f94, 0x32a5, 0xcc73, 0x4e84,
  0xc752, 0xc75a, 0xc85a, 0x874a, 0x8a6b, 0x864a, 0x864a, 0xc752, 0xc75a, 0xc862, 0x8b73, 0x4a6b,
  0x4a6b, 0x4a73, 0x8b7b, 0x096b, 0x096b, 0x6f8c, 0x2f7c, 0x496b, 0x559d, 0x0f84, 0xc762, 0x0b6b,
  0x8993, 0x0963, 0x9554, 0x58ce, 0x8c8b, 0x128d, 0x7614, 0x7824, 0x8e53, 0x8c5b, 0xce63, 0x876a,
  0xb18c, 0x0e8c, 0xcb83, 0x4a7b, 0xb18c, 0x901b, 0x9724, 0xb734, 0xd744, 0x5534, 0x553c, 0x143c,
  0x972c, 0x0d4b, 0x465a, 0x7de7, 0xffff, 0xdeff, 0xdfff, 0xffff, 0xdff7, 0x7344, 0x3424, 0x5534,
  0x7534, 0x7534, 0x7534, 0x753c, 0xd54c, 0x772c, 0xf73c, 0xf834, 0x7524, 0x4b4b, 0xcca4, 0x4b73,
  0xb6bd, 0x54c5, 0x0c43, 0x5524, 0x5624, 0x762c, 0x743c, 0x7534, 0x7534, 0x7534, 0x7534, 0x5534,
  0x5534, 0x7534, 0x7534, 0x762c, 0x352c, 0x9724, 0x142c, 0x463a, 0x864a, 0x884a, 0xc74a, 0x8642,
  0x8642, 0x8442, 0x502b, 0x5223, 0x8542, 0xc742, 0x853a, 0x4853, 0x8742, 0x8642, 0x854a, 0x4632,
  0xc621, 0xca32, 0xc742, 0xc74a, 0x8542, 0x085b, 0xc64a, 0x8642, 0xc64a, 0x0753, 0xc64a, 0x8542,
  0xc64a, 0xc64a, 0x864a, 0xcb73, 0x453a, 0xc64a, 0xc652, 0x0753, 0xc652, 0x075b, 0xc75a, 0xc75a,
  0xc75a, 0x8a6b, 0x085b, 0xc652, 0xc652, 0xc652, 0xc752, 0x0753, 0xc652, 0xc64a, 0x8542, 0xca6b,
  0xc752, 0xc652, 0xc652, 0x075b, 0x075b, 0x4863, 0x065b, 0x0763, 0x075b, 0x496b, 0x075b, 0x4763,
  0x075b, 0x075b, 0x075b, 0x075b, 0x065b, 0x075b, 0x0653, 0xc96b, 0x075b, 0x0653, 0x0753, 0x0653,
  0x485b, 0x485b, 0x075b, 0x496b, 0xca73, 0x4c84, 0x496b, 0x496b, 0x486b, 0xc762, 0x0863, 0x496b,
  0xcc7b, 0x10a5, 0xc75a, 0x896b, 0x075b, 0x075b, 0x075b, 0x475b, 0x6763, 0x4a73, 0x496b, 0xca73,
  0x8b7b, 0x8a7b, 0x075b, 0x4963, 0x0863, 0xc762, 0x0763, 0x075b, 0x0963, 0x0963, 0x473a, 0x307c,
  0x107c, 0x930b, 0xb734, 0xb624, 0x561c, 0x1334, 0xd23b, 0x1334, 0x562c, 0x761c, 0x8f33, 0x4a22,
  0xce0a, 0x0a4b, 0xc65a, 0xc652, 0xc64a, 0xc64a, 0xc64a, 0x043a, 0x4963, 0xcc7b, 0xaf94, 0x095b,
  0x4642, 0x8652, 0x085b, 0x864a, 0x864a, 0x8752, 0x085b, 0x464a, 0x095b, 0x9094, 0x708c, 0x0e84,
  0xc85a, 0xc75a, 0xc75a, 0xc75a, 0x4863, 0x864a, 0xc64a, 0xc74a, 0xc752, 0xc75a, 0xc752, 0xc75a,
  0xc85a, 0xc862, 0xcb7b, 0x4a6b, 0x496b, 0xc85a, 0x4b73, 0xd5bd, 0x8c83, 0x096b, 0x0863, 0xc862,
  0x2f64, 0x562c, 0x315c, 0x76de, 0xb87d, 0x1074, 0x3685, 0x7624, 0xd033, 0x3624, 0x3945, 0x9033,
  0x476b, 0x79d6, 0x0a6b, 0x4d9c, 0xd7bd, 0x5043, 0x7624, 0xb62c, 0xf73c, 0x5634, 0x7634, 0x7534,
  0x7724, 0xd23b, 0x94b5, 0x9def, 0xffff, 0xdeff, 0xdfff, 0xffff, 0x7ee7, 0x543c, 0x3424, 0x3534,
  0x7534, 0x7534, 0x7534, 0x763c, 0xd64c, 0x5534, 0xb734, 0xf834, 0x561c, 0xd033, 0x4a53, 0xc652,
  0x8d5b, 0x3454, 0x7724, 0x9724, 0x542c, 0x5534, 0x7534, 0x7534, 0x7534, 0x7534, 0x7534, 0x5534,
  0x5534, 0x7534, 0x7534, 0x762c, 0x7624, 0xd22b, 0xcb3a, 0x864a, 0x8652, 0x0853, 0xc74a, 0x8542,
  0x8442, 0x883a, 0x122b, 0xc73a, 0xc64a, 0x8642, 0x863a, 0x484b, 0x8542, 0x854a, 0x864a, 0x8642,
  0x463a, 0x8552, 0xc74a, 0xc64a, 0x8542, 0x485b, 0x4542, 0x8642, 0xc642, 0xc642, 0xc64a, 0x8542,
  0xc64a, 0xc64a, 0x8542, 0x4963, 0x864a, 0xc64a, 0xc64a, 0x075b, 0xc652, 0xc652, 0xc652, 0x8652,
  0x8652, 0xcb73, 0xc652, 0x864a, 0x8652, 0xc652, 0xc652, 0xc652, 0xc64a, 0xc64a, 0x8542, 0x8963,
  0x864a, 0xc652, 0xc652, 0x0653, 0x0653, 0xc652, 0x075b, 0x075b, 0x075b, 0x896b, 0x075b, 0x075b,
  0x065b, 0x075b, 0x475b, 0x075b, 0x0653, 0x075b, 0xc652, 0x8963, 0x075b, 0x475b, 0x075b, 0x0753,
  0xc652, 0x0753, 0x075b, 0x075b, 0x075b, 0x8a73, 0x075b, 0x496b, 0x4c8c, 0x496b, 0x0763, 0xcf9c,
  0x8652, 0xf09c, 0xcb7b, 0x896b, 0xc652, 0x075b, 0x485b, 0x475b, 0x486b, 0xcd83, 0x4b73, 0x496b,
  0x0863, 0xcb7b, 0x075b, 0x4863, 0x0663, 0x0763, 0x0c7c, 0x896b, 0x0763, 0x076b, 0x072a, 0x307c,
  0x117c, 0x921b, 0xb634, 0xb62c, 0x962c, 0x752c, 0x542c, 0x9133, 0x552c, 0xd31b, 0xcb73, 0x0673,
  0x4b53, 0x4863, 0xc652, 0xc75a, 0xc652, 0x864a, 0x043a, 0xcd7b, 0x32a5, 0xc752, 0xcc73, 0x33a5,
  0xaf94, 0x464a, 0x8652, 0x8652, 0x8752, 0x864a, 0x4a6b, 0xc752, 0x874a, 0xf29c, 0xbad6, 0xd5b5,
  0xcc73, 0xc752, 0xc752, 0xc75a, 0x8a73, 0xc752, 0xc752, 0xc852, 0xc85a, 0xc75a, 0xc85a, 0xc852,
  0xc85a, 0x0963, 0x8b73, 0x4a6b, 0x4a6b, 0x0963, 0x4a63, 0x4b63, 0x0c94, 0x086b, 0xc762, 0x4a6b,
  0xd94c, 0xdb14, 0x742c, 0x377d, 0xd623, 0x773c, 0x534c, 0x332c, 0x922b, 0xd41b, 0xf744, 0x3524,
  0x3244, 0x0cbc, 0x95bd, 0x8c42, 0x73a5, 0x1334, 0x762c, 0x7634, 0xb644, 0x5534, 0x7534, 0x7534,
  0x7534, 0x141c, 0x5174, 0xfeff, 0xffff, 0xdfff, 0xdfff, 0xdfff, 0x3875, 0xd323, 0x7534, 0x763c,
  0x7534, 0x7534, 0x7534, 0x963c, 0xd744, 0x543c, 0x762c, 0xb734, 0x7634, 0x7634, 0x5344, 0x7144,
  0x331c, 0x7544, 0xd63c, 0x9624, 0x752c, 0x752c, 0x7634, 0x7534, 0x7534, 0x7534, 0x7534, 0x5534,
  0x5534, 0x7534, 0x7534, 0x552c, 0xd423, 0x4722, 0x8542, 0xc852, 0xc652, 0xc652, 0xc84a, 0x4242,
  0xc832, 0xcf2a, 0x473a, 0xc54a, 0x8442, 0x4542, 0x453a, 0x0853, 0x863a, 0x4542, 0x8642, 0x8542,
  0xc652, 0xc64a, 0xc642, 0xc64a, 0x443a, 0xc74a, 0x8642, 0x453a, 0x8542, 0x8642, 0xc64a, 0x8542,
  0xc64a, 0xc74a, 0x8642, 0x485b, 0xc64a, 0xc64a, 0xc64a, 0xc652, 0xc64a, 0xc652, 0x8652, 0x8652,
  0xc75a, 0xcb73, 0xc75a, 0xc652, 0xc64a, 0xc652, 0x864a, 0xc64a, 0xc64a, 0x864a, 0x4542, 0x485b,
  0x8542, 0xc64a, 0x0653, 0x0753, 0xc652, 0xc652, 0xc652, 0x075b, 0x0653, 0x896b, 0x0753, 0x0653,
  0x0653, 0x0653, 0x0653, 0x0653, 0x0653, 0x0653, 0xc64a, 0xca6b, 0x075b, 0x075b, 0x475b, 0x075b,
  0x0653, 0x0653, 0x0653, 0x0653, 0x0653, 0xca6b, 0xc652, 0xc75a, 0xcf9c, 0x875a, 0x8652, 0x4a6b,
  0xcc7b, 0x4863, 0xcb7b, 0xca73, 0x896b, 0x075b, 0x4863, 0x0863, 0x4973, 0x496b, 0x0863, 0xcb83,
  0xca73, 0xcc7b, 0x0763, 0x0763, 0x4a63, 0x8a6b, 0x4763, 0x0863, 0x0d84, 0x6c8c, 0xca32, 0x107c,
  0x317c, 0xd313, 0xb72c, 0x762c, 0x752c, 0x342c, 0x5524, 0x5434, 0xb734, 0x0e23, 0x0a74, 0x075b,
  0x0863, 0xc64a, 0x075b, 0xc752, 0x854a, 0xc652, 0x696b, 0xcd7b, 0xc85a, 0xcc73, 0x4642, 0xc431,
  0x0a5b, 0x8b6b, 0x8752, 0x8752, 0xc752, 0x864a, 0x4963, 0x8652, 0x8752, 0x0642, 0x54ad, 0xb5b5,
  0x36be, 0xc752, 0x864a, 0xc752, 0xcb73, 0xc752, 0x085b, 0x0963, 0xc752, 0xc752, 0xc74a, 0xc852,
  0x095b, 0x0963, 0x8b73, 0xc85a, 0xc852, 0x8752, 0xc852, 0xc952, 0x4a73, 0xc762, 0x094b, 0x323c,
  0x1945, 0xb71c, 0x952c, 0x3704, 0x9364, 0x977d, 0x931b, 0x9644, 0x926c, 0x7164, 0x1334, 0x511b,
  0x3524, 0xce32, 0xac73, 0xf2ac, 0x903b, 0x3324, 0x962c, 0x753c, 0xb64c, 0x5534, 0x7534, 0x753c,
  0x753c, 0x5624, 0x544c, 0x3bef, 0xffff, 0xdfff, 0xffff, 0xdcde, 0x9233, 0x752c, 0x7534, 0x7534,
  0x7534, 0x7534, 0x553c, 0x963c, 0xb74c, 0x5434, 0x7534, 0x7634, 0x563c, 0x7634, 0x7634, 0x7634,
  0x762c, 0x7644, 0xb544, 0x752c, 0x7534, 0x5634, 0x562c, 0x342c, 0x5534, 0x7534, 0x7534, 0x5534,
  0x5534, 0x552c, 0x7524, 0xd323, 0x0622, 0xd294, 0xcb7b, 0x075b, 0xc74a, 0xc752, 0x8552, 0x8632,
  0x501b, 0x102b, 0x8742, 0x8642, 0x4442, 0x463a, 0x043a, 0x0853, 0x8542, 0x473a, 0x443a, 0x453a,
  0x873a, 0x853a, 0x8542, 0x8542, 0xc64a, 0x0853, 0x8542, 0x453a, 0x8542, 0x8542, 0xc642, 0x8542,
  0x8542, 0xc64a, 0x443a, 0x495b, 0xc64a, 0xc64a, 0xc64a, 0x0753, 0x854a, 0x864a, 0x854a, 0x854a,
  0x4542, 0x4963, 0x864a, 0xc652, 0x864a, 0xc64a, 0x864a, 0x864a, 0xc64a, 0x864a, 0x4542, 0x485b,
  0x8542, 0x8542, 0xc64a, 0x0753, 0x0753, 0x0753, 0x0653, 0x0653, 0x0653, 0xa96b, 0x0753, 0x0653,
  0x0753, 0x0653, 0x0653, 0x0753, 0x0653, 0x0653, 0xc64a, 0xca6b, 0x0653, 0x0753, 0x075b, 0x0653,
  0x0753, 0x075b, 0x075b, 0x0653, 0x0653, 0xc96b, 0x075b, 0x075b, 0x8b73, 0x16c6, 0x8c73, 0x8b73,
  0x93b5, 0x4442, 0x896b, 0x8a73, 0x8652, 0x075b, 0x4863, 0x0763, 0x0c8c, 0x8a5b, 0x0763, 0x0663,
  0x863a, 0x8b6b, 0xc662, 0x4863, 0x4963, 0x53ad, 0x4a6b, 0x0663, 0xcb63, 0x914b, 0x8f43, 0x107c,
  0x317c, 0x530b, 0x772c, 0x7524, 0x352c, 0xd333, 0x1424, 0x3524, 0x5123, 0xcb32, 0x8963, 0xc652,
  0x0663, 0xc65a, 0x075b, 0x864a, 0x864a, 0x8b73, 0x0c7c, 0x4642, 0xc852, 0x2f84, 0xcd73, 0x053a,
  0x2f84, 0x37c6, 0x8c73, 0x8431, 0x085b, 0x864a, 0x075b, 0x4963, 0xc752, 0x043a, 0x129d, 0xf19c,
  0x4a63, 0x8a6b, 0x8642, 0x8642, 0xcb73, 0xc752, 0xc752, 0x4642, 0x4542, 0x864a, 0x874a, 0x874a,
  0xc852, 0xc752, 0x8b73, 0xc85a, 0x8b6b, 0xc85a, 0xc852, 0xc952, 0x875a, 0xc852, 0x3234, 0xb824,
  0xf73c, 0x552c, 0x742c, 0x7524, 0xd323, 0xd60b, 0xd153, 0x395d, 0x0a4b, 0xd4c5, 0x3bdf, 0x349d,
  0x0e2b, 0xba24, 0xd32b, 0x9233, 0x7544, 0x334c, 0x552c, 0x9534, 0xd644, 0x5634, 0x563c, 0x563c,
  0x7534, 0x7634, 0xd42b, 0x4e53, 0xffff, 0xffff, 0xffff, 0x9eef, 0x1434, 0x752c, 0x7534, 0x753c,
  0x7534, 0x753c, 0x553c, 0x953c, 0xb74c, 0x5534, 0x7534, 0x7534, 0x7534, 0x553c, 0x7634, 0x7534,
  0x7534, 0x7744, 0xb744, 0x5634, 0x553c, 0x763c, 0x7524, 0x3424, 0x552c, 0x752c, 0x7534, 0x352c,
  0x142c, 0x3524, 0x3524, 0x8a22, 0x8f94, 0x54ad, 0x495b, 0x085b, 0xc64a, 0x0853, 0x8652, 0xca22,
  0x511b, 0x0d33, 0x8732, 0x853a, 0x4542, 0x453a, 0x0532, 0x0953, 0x873a, 0x463a, 0x453a, 0x4f2b,
  0x443a, 0x8542, 0x8542, 0x8542, 0x853a, 0x4853, 0xc74a, 0x8542, 0x8542, 0x8542, 0x8542, 0x8542,
  0x8542, 0xc64a, 0xc64a, 0x8963, 0xc64a, 0x854a, 0x854a, 0xc64a, 0x0753, 0xc54a, 0xc652, 0xc652,
  0x454a, 0x896b, 0x854a, 0x864a, 0x864a, 0xc64a, 0x864a, 0x864a, 0x864a, 0x8542, 0x453a, 0x485b,
  0x8542, 0x8542, 0x8542, 0xc64a, 0xc64a, 0x0753, 0xc652, 0x0653, 0xc652, 0x896b, 0x0753, 0x0653,
  0x4753, 0x0653, 0x0753, 0x0653, 0x0753, 0x0653, 0xc64a, 0xca6b, 0x0653, 0x0753, 0x0753, 0x0753,
  0x0753, 0x0753, 0x0753, 0x0653, 0x0653, 0xc96b, 0x0653, 0x075b, 0x8a73, 0x6e8c, 0xd5b5, 0x9df7,
  0x56ce, 0x0863, 0x075b, 0xae94, 0x4863, 0x075b, 0xc75a, 0x4d7c, 0x2f4c, 0x4c3b, 0x8a63, 0x8963,
  0x4732, 0xcb73, 0xc55a, 0x4863, 0x4a6b, 0x4d8c, 0xca73, 0x4b4b, 0xd13b, 0xd42b, 0x0f1b, 0x317c,
  0x307c, 0x920b, 0x3524, 0x152c, 0x1434, 0x1434, 0x132c, 0x922b, 0x0e2b, 0x8832, 0x4a6b, 0xc65a,
  0x075b, 0xc662, 0xc752, 0x864a, 0xc64a, 0x8542, 0x72ad, 0x8b6b, 0x4a5b, 0x6f84, 0x54a5, 0xaf94,
  0x0a63, 0x8d73, 0x99d6, 0x139d, 0x474a, 0xc752, 0x4863, 0x864a, 0xc74a, 0x495b, 0x4542, 0xc752,
  0x043a, 0xc752, 0x4542, 0x854a, 0x896b, 0xc652, 0xc64a, 0x0432, 0x4a63, 0xc752, 0x864a, 0x864a,
  0x8752, 0x464a, 0x0963, 0x464a, 0x496b, 0x0863, 0xc75a, 0xc74a, 0x856a, 0x0b4b, 0xf824, 0xb82c,
  0xf834, 0x7624, 0x771c, 0x762c, 0x7624, 0x1424, 0x9223, 0xd50b, 0x2e74, 0xf6c5, 0x1adf, 0xb5cd,
  0x5084, 0x8d43, 0x3414, 0x572c, 0x7534, 0x7634, 0x772c, 0x753c, 0xb64c, 0x5534, 0x7534, 0x7434,
  0x7534, 0x7534, 0x7634, 0x5023, 0x3084, 0x8c6b, 0xfade, 0x3aae, 0x931b, 0x7634, 0x7534, 0x553c,
  0x7534, 0x7534, 0x7534, 0x9534, 0xb64c, 0x5534, 0x7534, 0x7534, 0x7534, 0x543c, 0x553c, 0x7534,
  0x7534, 0x9544, 0xb53c, 0x562c, 0x5634, 0x5534, 0x542c, 0x542c, 0x552c, 0x7534, 0x552c, 0xd423,
  0xd423, 0x3524, 0x3424, 0x863a, 0x0963, 0x8c73, 0x4532, 0x863a, 0x434a, 0xc652, 0xc83a, 0x8a32,
  0xcd32, 0x8b32, 0x863a, 0xc542, 0x8542, 0x8542, 0x4432, 0x0953, 0xcb3a, 0x8832, 0x4542, 0x0c33,
  0x854a, 0x8442, 0x853a, 0x8542, 0x443a, 0x074b, 0xc64a, 0x8642, 0x853a, 0x8542, 0x853a, 0x853a,
  0x853a, 0x8642, 0x453a, 0x0853, 0xc64a, 0x864a, 0xc652, 0xc64a, 0xc54a, 0x0653, 0x075b, 0x075b,
  0xc652, 0x896b, 0xc652, 0xc64a, 0xc64a, 0x864a, 0x854a, 0x8542, 0x864a, 0x8542, 0x8542, 0x0853,
  0x453a, 0x8542, 0x8542, 0x864a, 0x864a, 0xc64a, 0xc652, 0xc64a, 0xc652, 0xca6b, 0x0753, 0x0653,
  0x0653, 0x0653, 0x0653, 0x064b, 0xc652, 0xc652, 0xc64a, 0x896b, 0xc64a, 0x0653, 0x0653, 0x0653,
  0x0653, 0x0653, 0xc64a, 0xc64a, 0xc64a, 0xca6b, 0xc64a, 0x4963, 0x496b, 0x8a73, 0x4963, 0x8c6b,
  0xcc73, 0xaf8c, 0xcb73, 0xcb73, 0x896b, 0x8a6b, 0x0b8c, 0x0e6c, 0x3614, 0xd233, 0x4d4b, 0x0e3b,
  0x0b4b, 0xca7b, 0x8552, 0xc662, 0x0563, 0x4863, 0x4e3b, 0xd433, 0x7634, 0xb634, 0xd323, 0x327c,
  0x317c, 0xd31b, 0x5534, 0x3534, 0x553c, 0x963c, 0x753c, 0xd333, 0x4f43, 0x0d53, 0xcd63, 0x076b,
  0x8963, 0x4a73, 0xcc7b, 0x4963, 0x4a63, 0x074b, 0x32ad, 0x4a53, 0x4b83, 0xb084, 0x8d02, 0xcf5b,
  0xd094, 0xd4b5, 0x1bdf, 0xffff, 0x908c, 0xc84a, 0x8d73, 0x4542, 0xc752, 0xc752, 0x4542, 0x8642,
  0x8642, 0x864a, 0xc752, 0xc752, 0x8a6b, 0xc752, 0x085b, 0x4963, 0x085b, 0x0863, 0xc852, 0xc852,
  0xc852, 0xc752, 0x4963, 0x8752, 0x085b, 0xc85a, 0x8a63, 0x496b, 0xc972, 0xd243, 0x192d, 0xd734,
  0x393d, 0x962c, 0xd834, 0xd73c, 0xd734, 0x3434, 0x1434, 0x7624, 0x8e5b, 0x8652, 0xb094, 0xb094,
  0x12ad, 0xcb6b, 0xb73c, 0xd934, 0x3434, 0xcf3b, 0x372c, 0x753c, 0xf55c, 0x9634, 0x9544, 0x963c,
  0xb834, 0x953c, 0xb63c, 0x963c, 0x912b, 0x0e23, 0x367d, 0x157d, 0x3434, 0xb63c, 0x963c, 0x963c,
  0x963c, 0x963c, 0x963c, 0x9644, 0xd74c, 0x753c, 0x963c, 0x963c, 0x963c, 0x963c, 0x963c, 0x963c,
  0x9634, 0xd54c, 0xd54c, 0x7634, 0x9634, 0x7634, 0x953c, 0xb63c, 0x9544, 0x743c, 0x342c, 0xd12b,
  0x753c, 0x772c, 0x952c, 0x8a3a, 0x2f8c, 0x0a63, 0x8542, 0x074b, 0x8552, 0x0853, 0x084b, 0x864a,
  0xcb42, 0x893a, 0x8742, 0x064b, 0xc752, 0x884a, 0x0632, 0x094b, 0x094b, 0xc84a, 0x8642, 0x8642,
  0xc64a, 0xc64a, 0xc64a, 0xc64a, 0xc64a, 0x495b, 0x074b, 0xc64a, 0xc64a, 0xc64a, 0xc64a, 0xc64a,
  0x0753, 0x0753, 0x864a, 0x8963, 0x0753, 0x0753, 0x485b, 0x075b, 0x075b, 0x075b, 0x0753, 0xc652,
  0x864a, 0x6963, 0x864a, 0x075b, 0x0753, 0xc652, 0xc752, 0xc752, 0xc752, 0xc652, 0xc752, 0x8963,
  0x8642, 0x0853, 0x0753, 0x074b, 0x0753, 0x0653, 0x0753, 0x0753, 0x0753, 0xca6b, 0x475b, 0x0753,
  0x475b, 0x475b, 0x0753, 0x064b, 0x0653, 0x0753, 0xc752, 0xca6b, 0xc652, 0x0753, 0x075b, 0x075b,
  0x475b, 0x475b, 0x475b, 0x484b, 0x074b, 0xca7b, 0x0653, 0x8863, 0x4963, 0x0863, 0x4663, 0x0763,
  0x8652, 0xc752, 0xc862, 0x6d84, 0x8b7b, 0xcc73, 0x4b53, 0x762c, 0x772c, 0xd42b, 0x123c, 0x4b4b,
  0x8873, 0x8a73, 0x4f4b, 0x113c, 0x8f33, 0xd23b, 0x7544, 0xb644, 0x963c, 0xb63c, 0xd423, 0x517c,
  0x317c, 0x1424, 0xb73c, 0x7634, 0xd42b, 0x7434, 0x753c, 0x1334, 0xd333, 0x1434, 0x534c, 0x8842,
  0x0563, 0x8773, 0x485b, 0x0863, 0x8c63, 0x075b, 0xd333, 0x4b53, 0xf484, 0x162c, 0x3434, 0xd73c,
  0x762c, 0xd523, 0x3534, 0x8f4b, 0xd4c5, 0x11b5, 0xb5ad, 0x874a, 0xc752, 0x8b6b, 0x874a, 0x8742,
  0x874a, 0x8642, 0x0753, 0xc74a, 0xcb6b, 0xc74a, 0xc752, 0x085b, 0x085b, 0x085b, 0x085b, 0xc852,
  0x085b, 0x864a, 0x4a63, 0xc852, 0x085b, 0xc85a, 0x0963, 0x0863, 0x096b, 0x314c, 0xb624, 0xf83c,
  0x7b4d, 0xd73c, 0xb63c, 0x9644, 0x9634, 0x562c, 0x3534, 0x7634, 0x8c5b, 0x0863, 0x6f8c, 0x4a6b,
  0x4a73, 0x4a6b, 0x7444, 0xb734, 0x3154, 0x73a5, 0xd51b, 0x953c, 0xf754, 0x963c, 0xb63c, 0x9644,
  0x9644, 0x963c, 0xb63c, 0xb63c, 0xb644, 0xb64c, 0x7444, 0xd23b, 0xb644, 0xb63c, 0xb63c, 0xb63c,
  0x963c, 0x963c, 0x963c, 0xb644, 0xf74c, 0x953c, 0xb63c, 0xb63c, 0x963c, 0x963c, 0x963c, 0xb63c,
  0x963c, 0xd64c, 0xd64c, 0x963c, 0xb63c, 0xb73c, 0xb644, 0xb634, 0x5534, 0x7624, 0x5624, 0x7734,
  0xb63c, 0x962c, 0x7634, 0x0c43, 0x8c7b, 0xc64a, 0x854a, 0xc752, 0x864a, 0x0753, 0x495b, 0x4753,
  0xc932, 0x4e33, 0x4e3b, 0x0e3b, 0x093b, 0x073b, 0x863a, 0xcb63, 0x495b, 0xc74a, 0xc74a, 0x0753,
  0x0753, 0x0753, 0x0753, 0x074b, 0xc64a, 0x495b, 0x0753, 0xc64a, 0xc64a, 0xc64a, 0x0753, 0x0753,
  0x0753, 0x0753, 0xc64a, 0x8963, 0x0853, 0x0753, 0x0753, 0x0753, 0x075b, 0x075b, 0x0753, 0x075b,
  0xc652, 0x8a6b, 0xc652, 0x0753, 0x085b, 0x075b, 0x075b, 0x075b, 0xc752, 0x0753, 0xc64a, 0x8963,
  0xc64a, 0x0753, 0x0753, 0xc74a, 0xc64a, 0x064b, 0xc64a, 0xc64a, 0xc64a, 0x8963, 0x0753, 0x0753,
  0x0753, 0x4753, 0x064b, 0x475b, 0x4863, 0x8863, 0x0653, 0xca6b, 0x0653, 0x475b, 0x475b, 0x475b,
  0x0753, 0x475b, 0x485b, 0x475b, 0xc652, 0xcb63, 0x4753, 0x475b, 0x4863, 0x095b, 0x0753, 0x475b,
  0x0853, 0x494b, 0x094b, 0x0d64, 0x0853, 0x0653, 0x8a5b, 0x9634, 0x1334, 0x552c, 0x0c3b, 0x4c8c,
  0x8f43, 0xd83c, 0x7634, 0xb544, 0x9544, 0xb644, 0xb644, 0x9644, 0xb63c, 0xb73c, 0x1424, 0x317c,
  0x317c, 0xd31b, 0x752c, 0x552c, 0xd32b, 0xd323, 0xd32b, 0x132c, 0xd31b, 0x9113, 0x533c, 0x9523,
  0x0e33, 0x0943, 0x094b, 0x0463, 0xc752, 0x886b, 0xd333, 0x501b, 0x533c, 0x351c, 0x762c, 0x5534,
  0x762c, 0x772c, 0x7624, 0xd313, 0x5364, 0x95a5, 0xb084, 0x5084, 0xc431, 0xc852, 0x095b, 0x8742,
  0xcc6b, 0x8742, 0x453a, 0x8642, 0x8963, 0x8542, 0xc74a, 0x864a, 0x864a, 0x0753, 0xc74a, 0x085b,
  0xc752, 0x874a, 0x4963, 0x4542, 0x864a, 0xc752, 0x8652, 0x8652, 0xc752, 0x0a4b, 0xd12b, 0x762c,
  0xf944, 0x5524, 0x352c, 0x5534, 0x342c, 0xd32b, 0xd22b, 0x912b, 0xc852, 0xc762, 0x4a6b, 0x875a,
  0xc762, 0x085b, 0x4e43, 0x3044, 0x0a5b, 0xf4c5, 0xd133, 0x132c, 0xd73c, 0x5534, 0x7534, 0x7534,
  0x543c, 0x553c, 0x7534, 0x7534, 0x5534, 0x7534, 0xd744, 0x5534, 0x7534, 0x7534, 0x7534, 0x7534,
  0x7534, 0x7534, 0x7534, 0x753c, 0xb644, 0x5534, 0x7534, 0x7534, 0x7534, 0x7534, 0x7534, 0x7534,
  0x5534, 0x963c, 0x953c, 0x5534, 0x553c, 0x7634, 0x752c, 0x3524, 0x3424, 0x902b, 0xd22b, 0x5624,
  0x751c, 0x552c, 0x371c, 0x9023, 0x435a, 0x033a, 0x0d2b, 0xcc2a, 0x443a, 0x094b, 0xc552, 0x862a,
  0xcc22, 0x1023, 0x0c33, 0x883a, 0xc642, 0xc642, 0x4432, 0x4753, 0xc64a, 0x853a, 0x8542, 0x8542,
  0x8542, 0x453a, 0x8642, 0x8542, 0x8542, 0x0753, 0xc64a, 0xc64a, 0xc64a, 0xc64a, 0x8542, 0xc642,
  0xc64a, 0x8542, 0x443a, 0x0753, 0xc64a, 0x8542, 0x854a, 0xc64a, 0xc64a, 0xc64a, 0x854a, 0xc64a,
  0x8542, 0x485b, 0x8542, 0x8542, 0x8542, 0xc64a, 0xc752, 0xc64a, 0xc64a, 0x8642, 0x453a, 0x485b,
  0x453a, 0x453a, 0x8542, 0x8542, 0x8542, 0x8542, 0x853a, 0x8542, 0x453a, 0x4853, 0xc64a, 0x8542,
  0x853a, 0x8542, 0x8542, 0xc752, 0x8963, 0x0753, 0xc542, 0x885b, 0x8542, 0xc64a, 0xc64a, 0xc54a,
  0xc542, 0x8542, 0xc64a, 0x844a, 0x854a, 0x896b, 0xc64a, 0x074b, 0x075b, 0x8452, 0x9123, 0x361c,
  0xd31b, 0xd323, 0x9123, 0x533c, 0x0f23, 0x912b, 0x1334, 0xd22b, 0x923b, 0x0a2b, 0x497b, 0x5574,
  0x0d23, 0xb454, 0x562c, 0x553c, 0x7534, 0x7534, 0x5534, 0x7534, 0x7534, 0x7634, 0xd323, 0x307c,
  0x317c, 0xd31b, 0x9634, 0x7534, 0x3534, 0x342c, 0x3434, 0xd42b, 0x142c, 0x922b, 0x1444, 0xd123,
  0xd623, 0xd41b, 0xd31b, 0x0b43, 0x0563, 0xb664, 0xc93a, 0x9223, 0x972c, 0x562c, 0x7634, 0x543c,
  0x543c, 0x733c, 0x743c, 0x972c, 0x561c, 0xcc22, 0xc451, 0x0f7c, 0x908c, 0xc431, 0x874a, 0xcb73,
  0x8c6b, 0x329d, 0x0432, 0x8542, 0x8963, 0x8542, 0x0753, 0xc752, 0x864a, 0xc64a, 0xc752, 0xc74a,
  0xc752, 0xc752, 0x4963, 0x4542, 0x864a, 0xc752, 0x874a, 0x864a, 0xc652, 0xc862, 0x4d4b, 0x353c,
  0xf654, 0x7524, 0x562c, 0x762c, 0x5534, 0xd333, 0x912b, 0xd22b, 0x9033, 0xc85a, 0x8b73, 0x0863,
  0xc762, 0xc75a, 0xc84a, 0xc84a, 0x8a6b, 0x6f8c, 0x4b53, 0xd32b, 0xd63c, 0x553c, 0x553c, 0x7534,
  0x7534, 0x553c, 0x7534, 0x7534, 0x7534, 0x763c, 0xd744, 0x7534, 0x7534, 0x7534, 0x7534, 0x7534,
  0x7534, 0x7534, 0x7534, 0x963c, 0xb64c, 0x5534, 0x7534, 0x7534, 0x7534, 0x7534, 0x7534, 0x7534,
  0x7534, 0x963c, 0x753c, 0x5534, 0x553c, 0x5534, 0x3524, 0x8f2b, 0xc84a, 0x0b43, 0x1534, 0x7424,
  0x7624, 0x7724, 0x3424, 0x3424, 0x0c23, 0x0b2b, 0x1724, 0xcc32, 0x844a, 0x4a4b, 0xc942, 0x0d2b,
  0x102b, 0x512b, 0x8a2a, 0x8429, 0x864a, 0xc64a, 0x843a, 0x885b, 0x0653, 0x8542, 0x8542, 0xc642,
  0x074b, 0x8542, 0xc64a, 0xc64a, 0x8542, 0x4853, 0xc64a, 0xc64a, 0xc64a, 0x0753, 0x0753, 0xc64a,
  0xc64a, 0xc64a, 0x8542, 0x485b, 0xc642, 0xc64a, 0xc64a, 0xc64a, 0xc652, 0xc64a, 0xc64a, 0xc64a,
  0x8542, 0x495b, 0x864a, 0x8542, 0x8542, 0x8542, 0xc64a, 0xc64a, 0x8642, 0x8542, 0x8542, 0x485b,
  0x8542, 0xc64a, 0x8642, 0x8542, 0xc642, 0x8542, 0x8542, 0xc642, 0x453a, 0x485b, 0xc64a, 0x8542,
  0x8542, 0x8542, 0xc64a, 0xc64a, 0xc64a, 0x8a63, 0x075b, 0xca6b, 0x0653, 0xc652, 0xc652, 0x0753,
  0x854a, 0x4c7c, 0x485b, 0x074b, 0xc652, 0x8873, 0xc64a, 0x0753, 0xc562, 0x902b, 0x7824, 0x7624,
  0x3524, 0x352c, 0x3524, 0x7634, 0x9323, 0xd333, 0x342c, 0x142c, 0x4c43, 0x854a, 0xef94, 0x0f2b,
  0x552c, 0xf654, 0x5434, 0x7534, 0x7534, 0x7534, 0x7534, 0x7534, 0x7534, 0x7634, 0xd323, 0x307c,
  0x317c, 0x9323, 0x7634, 0x7534, 0x5534, 0xd323, 0xd32b, 0xd42b, 0xd32b, 0xd42b, 0x9544, 0x342c,
  0xd61b, 0x372c, 0x932b, 0x495b, 0xb52c, 0x4f33, 0x084b, 0x3424, 0xd544, 0x753c, 0x7534, 0x7634,
  0x7634, 0x7534, 0x7534, 0x7534, 0xb72c, 0x1334, 0xcc4a, 0x8942, 0x78c6, 0xcb73, 0x496b, 0x0963,
  0x053a, 0x4a63, 0xc74a, 0x8542, 0x485b, 0x8542, 0xc64a, 0x8542, 0xc64a, 0x864a, 0x864a, 0xc64a,
  0xc752, 0x864a, 0x4963, 0x4642, 0x864a, 0x864a, 0xc74a, 0x864a, 0xc64a, 0x8662, 0x0a63, 0x0d3b,
  0x305c, 0x9344, 0xb73c, 0xb92c, 0xb72c, 0x1334, 0x912b, 0xd22b, 0xd423, 0x4a63, 0x496b, 0x085b,
  0x0763, 0x0863, 0xc64a, 0xc652, 0x075b, 0xcd7b, 0x0763, 0xd133, 0x973c, 0x553c, 0x7534, 0x7634,
  0x7634, 0x7534, 0x7534, 0x7534, 0x7534, 0x753c, 0xb644, 0x7534, 0x7534, 0x7534, 0x7534, 0x7534,
  0x7534, 0x7534, 0x7534, 0x963c, 0xd64c, 0x5534, 0x7534, 0x7534, 0x7534, 0x7534, 0x7534, 0x7534,
  0x5534, 0xb63c, 0x7534, 0x552c, 0x753c, 0x7534, 0x351c, 0xd223, 0xc74a, 0x8362, 0x8a43, 0x151c,
  0x3624, 0x5624, 0x7524, 0x552c, 0x361c, 0x912b, 0x4d4b, 0x4f33, 0x8532, 0xc742, 0x8742, 0x0c33,
  0x0e2b, 0x4f2b, 0xc832, 0x083a, 0x874a, 0xc442, 0xc642, 0x8963, 0xc74a, 0x853a, 0x8542, 0xc64a,
  0xc64a, 0x064b, 0x0753, 0x0753, 0x8542, 0x0753, 0xc74a, 0x485b, 0xca6b, 0xc64a, 0xc64a, 0xc64a,
  0xc64a, 0x0753, 0xc64a, 0x485b, 0xc64a, 0x064b, 0xc64a, 0x064b, 0xc64a, 0xc64a, 0x0653, 0x0653,
  0xc64a, 0x8963, 0x864a, 0xc64a, 0xc54a, 0x854a, 0xc64a, 0xc64a, 0x8542, 0xc642, 0x443a, 0x485b,
  0x8542, 0x8642, 0x8642, 0xc642, 0x8542, 0x8542, 0x8542, 0x8542, 0x8542, 0x485b, 0x8542, 0x8542,
  0xc652, 0xc652, 0x075b, 0xca6b, 0x8a63, 0x119d, 0x0d8c, 0x2c8c, 0x0753, 0x0753, 0xc652, 0xc652,
  0x8963, 0x0753, 0xc652, 0x0753, 0x064b, 0xca6b, 0xc552, 0xc462, 0xb033, 0x7824, 0x3524, 0x5524,
  0x3524, 0x552c, 0x5524, 0xb634, 0x552c, 0x752c, 0x7724, 0x9033, 0xc54a, 0x0953, 0x896b, 0x0543,
  0x5344, 0xf844, 0x5534, 0x7534, 0x7534, 0x7534, 0x7534, 0x7534, 0x7534, 0x7634, 0xd323, 0x307c,
  0x317c, 0x9323, 0x7634, 0x7534, 0x553c, 0x5434, 0x142c, 0x9233, 0xd22b, 0x3424, 0xb734, 0x7524,
  0x532c, 0x102c, 0x8a53, 0x1144, 0x7624, 0xd32b, 0x342c, 0x3534, 0xf644, 0x7534, 0x7634, 0x7534,
  0x7634, 0x7534, 0x7534, 0x7534, 0x553c, 0x763c, 0x7534, 0x071a, 0x8942, 0x32a5, 0x0642, 0x864a,
  0x085b, 0x453a, 0x8642, 0xc64a, 0xca6b, 0xc64a, 0x0753, 0x8542, 0x8542, 0xc64a, 0x864a, 0xc64a,
  0x8642, 0x8642, 0x085b, 0x4542, 0x8642, 0x864a, 0x864a, 0x864a, 0xc64a, 0xc652, 0x8652, 0x8742,
  0x496b, 0x4a4b, 0x734c, 0xf834, 0xb72c, 0x3434, 0x922b, 0x902b, 0x9133, 0xc85a, 0x4963, 0x864a,
  0x075b, 0x085b, 0x854a, 0x0442, 0xc752, 0x8b73, 0x855a, 0x4c43, 0xfa34, 0x342c, 0x753c, 0x7634,
  0x7534, 0x7534, 0x7534, 0x7534, 0x7534, 0x753c, 0xb644, 0x7534, 0x7534, 0x7534, 0x7534, 0x7534,
  0x7534, 0x7534, 0x7534, 0x963c, 0xd64c, 0x5534, 0x7534, 0x7534, 0x7534, 0x7534, 0x7534, 0x7534,
  0x7534, 0x963c, 0x7534, 0x762c, 0x7534, 0x7534, 0x342c, 0xd32b, 0xc742, 0x055b, 0xd323, 0xd423,
  0x3524, 0x3424, 0x7624, 0x5624, 0xd323, 0x4c43, 0x486b, 0x4f2b, 0x0a33, 0x8462, 0x0a43, 0x4e23,
  0x502b, 0x0d2b, 0x4643, 0x465b, 0x0653, 0x064b, 0x8642, 0x485b, 0xc74a, 0x8542, 0xc64a, 0xc64a,
  0xc64a, 0xc64a, 0x485b, 0xc64a, 0xc74a, 0x485b, 0x8542, 0x854a, 0x4863, 0x896b, 0x075b, 0x485b,
  0x485b, 0xc652, 0x0753, 0x0753, 0x0753, 0x485b, 0x0753, 0x0753, 0x0753, 0x475b, 0x475b, 0x475b,
  0x075b, 0xca73, 0x075b, 0x0753, 0xc652, 0xc64a, 0xc64a, 0x0753, 0xc64a, 0x0753, 0x8542, 0xca6b,
  0xc64a, 0x0853, 0x8542, 0x485b, 0xc642, 0x8542, 0x8542, 0xc642, 0x8542, 0x485b, 0x8542, 0xc64a,
  0xc752, 0xcb73, 0x8963, 0xee94, 0x8642, 0x2d7c, 0x096b, 0x6e9c, 0x854a, 0x075b, 0x0653, 0xc652,
  0xc652, 0x0753, 0x485b, 0xc652, 0x0753, 0xcb5b, 0xc55a, 0x4e33, 0x781c, 0x762c, 0xd323, 0x1424,
  0x1424, 0xd323, 0x142c, 0x9644, 0x552c, 0x972c, 0x552c, 0x094b, 0x0553, 0x486b, 0x494b, 0x0343,
  0x104c, 0xf844, 0x353c, 0x7534, 0x7534, 0x7534, 0x7534, 0x7534, 0x7534, 0x7634, 0xd31b, 0x307c,
  0x317c, 0x9323, 0x7634, 0x7534, 0x7534, 0x7534, 0x753c, 0x7634, 0x3524, 0xd323, 0xb52c, 0xd51b,
  0x8c4b, 0x895b, 0xd333, 0x5524, 0x3524, 0x752c, 0x7534, 0x5534, 0xb644, 0x7634, 0x7534, 0x7534,
  0x7534, 0x553c, 0x7534, 0x7534, 0x543c, 0x543c, 0x174d, 0xcd22, 0xc719, 0x884a, 0x874a, 0x864a,
  0x4542, 0x453a, 0x453a, 0x4542, 0xcb73, 0x8963, 0x485b, 0x8542, 0x8542, 0xc64a, 0x8642, 0xc64a,
  0x8542, 0x453a, 0x0853, 0x8642, 0x864a, 0x8642, 0x8642, 0x854a, 0x8642, 0xc642, 0xc652, 0xc652,
  0x896b, 0x8552, 0x854a, 0x4d4b, 0xcf4b, 0xd143, 0x922b, 0x8f33, 0x4e3b, 0x8752, 0x8963, 0x4542,
  0x075b, 0xcd6b, 0xca73, 0x8652, 0x8642, 0xc65a, 0x0873, 0x874a, 0x9344, 0x3434, 0x5534, 0x7534,
  0x7534, 0x7534, 0x7534, 0x7534, 0x7534, 0x753c, 0xb644, 0x7534, 0x7534, 0x7534, 0x7534, 0x7534,
  0x7534, 0x7534, 0x7534, 0x963c, 0xd74c, 0x5534, 0x7534, 0x7534, 0x7534, 0x7534, 0x7534, 0x7534,
  0x7534, 0xb53c, 0x9644, 0x762c, 0x7634, 0x7534, 0x1334, 0x9133, 0x4a33, 0x4853, 0x0763, 0xd41b,
  0x351c, 0x3524, 0x761c, 0x5524, 0x5023, 0x0a43, 0x4963, 0x4e43, 0x4b5b, 0xd043, 0xd22b, 0x521b,
  0x5323, 0x4c33, 0x464b, 0x475b, 0x475b, 0x074b, 0xc64a, 0x485b, 0x074b, 0xc642, 0xc64a, 0xc64a,
  0xc64a, 0x0753, 0x854a, 0xc64a, 0xc752, 0xca73, 0x896b, 0x4863, 0x4863, 0x896b, 0x4863, 0x4863,
  0x4863, 0x0753, 0x085b, 0x485b, 0x075b, 0x085b, 0x085b, 0x485b, 0x4863, 0x4863, 0x4863, 0x486b,
  0x4863, 0x2b7c, 0x4863, 0x485b, 0x485b, 0x075b, 0x0653, 0x0753, 0x0753, 0x443a, 0xc64a, 0x4c7c,
  0x0753, 0x443a, 0x0853, 0xc64a, 0x8542, 0xc542, 0xc64a, 0xc64a, 0x8542, 0x485b, 0x8542, 0x064b,
  0x4b4b, 0x4953, 0x075b, 0x896b, 0x485b, 0xc64a, 0xc64a, 0x4863, 0xc64a, 0x0753, 0x0653, 0x0653,
  0xc64a, 0xc64a, 0xc64a, 0xc652, 0x074b, 0x867b, 0x0b3b, 0x3624, 0x9624, 0x971c, 0x132c, 0x3434,
  0x342c, 0x352c, 0x352c, 0x973c, 0x5624, 0x7734, 0x3434, 0x0753, 0xc773, 0x8742, 0xcc6b, 0xd02b,
  0x9734, 0xb744, 0x552c, 0x7534, 0x7534, 0x7534, 0x7534, 0x7534, 0x7534, 0x7634, 0xd31b, 0x307c,
  0x317c, 0x931b, 0x7534, 0x7534, 0x7534, 0x7534, 0x7534, 0x7534, 0x553c, 0x152c, 0xb554, 0xd063,
  0xd42b, 0x3724, 0x1424, 0x762c, 0x753c, 0x543c, 0x972c, 0x562c, 0xb654, 0x5634, 0x7534, 0x7534,
  0x7534, 0x7534, 0x7634, 0x553c, 0x7534, 0x5534, 0x194d, 0x902b, 0x4e3b, 0x892a, 0x0963, 0x463a,
  0x453a, 0x453a, 0x453a, 0x4542, 0x085b, 0x453a, 0xc64a, 0x8542, 0x0753, 0xc752, 0xc64a, 0xc64a,
  0xc64a, 0x8542, 0x085b, 0x453a, 0x8542, 0x8642, 0xc642, 0x864a, 0x8542, 0x863a, 0x864a, 0x854a,
  0x8963, 0x8552, 0x8552, 0x864a, 0x4442, 0x4d53, 0x502b, 0x0a43, 0xc74a, 0x8752, 0xca63, 0x4542,
  0x854a, 0x4b63, 0xca83, 0x4a73, 0x4632, 0xc842, 0x4963, 0x464a, 0xc95a, 0x0d2b, 0x7624, 0x762c,
  0x5534, 0x7534, 0x7534, 0x7534, 0x7534, 0x763c, 0xb744, 0x7534, 0x7534, 0x7534, 0x7534, 0x7534,
  0x7534, 0x7534, 0x7534, 0x963c, 0xd74c, 0x5534, 0x7534, 0x7534, 0x7534, 0x7534, 0x7534, 0x7534,
  0x7634, 0x9544, 0xb644, 0x762c, 0x7634, 0x1234, 0x4c33, 0x465b, 0x8f33, 0x0a43, 0x465b, 0x8e33,
  0x1614, 0x3424, 0x7824, 0x1424, 0x5123, 0x863a, 0x8a5b, 0x0a43, 0x0d33, 0xd42b, 0x9033, 0x0b33,
  0xce2a, 0x0b4b, 0x475b, 0x485b, 0x0653, 0x0753, 0xc54a, 0x8963, 0x8863, 0x0753, 0xc64a, 0xc652,
  0x0753, 0x4863, 0x0753, 0x0753, 0x0753, 0xca6b, 0x8963, 0x4863, 0x4863, 0x4863, 0x4863, 0x4863,
  0x8963, 0x075b, 0x8542, 0x485b, 0x496b, 0x496b, 0x8973, 0x8973, 0x896b, 0x8973, 0x8a73, 0xca7b,
  0x8a73, 0x4c84, 0x896b, 0x896b, 0x4863, 0x6863, 0x8863, 0x0753, 0x085b, 0x485b, 0x043a, 0x2c7c,
  0x485b, 0x4542, 0x8542, 0x8542, 0x8442, 0xc642, 0x0753, 0xc652, 0x8542, 0x475b, 0xc642, 0x854a,
  0x8c4b, 0x0953, 0x075b, 0xc65a, 0x0653, 0x0753, 0xc542, 0xc963, 0xc64a, 0x0653, 0x064b, 0x064b,
  0xc64a, 0x0753, 0x0753, 0xc74a, 0x844a, 0x8953, 0x472a, 0x4f2b, 0x7724, 0x772c, 0x9123, 0x752c,
  0x7634, 0x7534, 0x7534, 0xb644, 0x3524, 0x762c, 0x9634, 0x4a3b, 0x475b, 0xc63a, 0x0863, 0x1264,
  0x7634, 0xd64c, 0x3334, 0x7534, 0x7534, 0x7534, 0x7534, 0x7534, 0x7534, 0x7634, 0xd31b, 0x307c,
  0x317c, 0xd31b, 0x7534, 0x753c, 0x7534, 0x7534, 0x7534, 0x7534, 0x753c, 0x5434, 0x963c, 0x1424,
  0x5534, 0x7634, 0x7534, 0x7534, 0x7534, 0x7534, 0x7534, 0x5534, 0xb644, 0x7534, 0x7534, 0x7534,
  0x7534, 0x7534, 0x7534, 0x7534, 0x7534, 0x543c, 0x1a45, 0x8f3b, 0xcd22, 0x911b, 0x4352, 0x0a4b,
  0x453a, 0x454a, 0x4542, 0x043a, 0xcb6b, 0x463a, 0x443a, 0x0653, 0x886b, 0xc96b, 0x8863, 0x475b,
  0x0753, 0x8542, 0x485b, 0x8642, 0xc64a, 0xc642, 0x863a, 0x8642, 0x8642, 0x4542, 0x8642, 0x864a,
  0x485b, 0x8442, 0x864a, 0xc652, 0x854a, 0x0c43, 0x4e2b, 0xc842, 0x865a, 0x4642, 0x4a63, 0x4542,
  0x8542, 0x864a, 0x4542, 0x095b, 0x883a, 0x8932, 0x864a, 0x8742, 0x6a6b, 0x4642, 0x0d33, 0x342c,
  0x552c, 0x7534, 0x7534, 0x553c, 0x7534, 0x9534, 0xd644, 0x7534, 0x7534, 0x7534, 0x7534, 0x7534,
  0x7534, 0x7534, 0x7534, 0x963c, 0xd74c, 0x5534, 0x7534, 0x7534, 0x7534, 0x7534, 0x7534, 0x7534,
  0x7534, 0xb544, 0xd634, 0x352c, 0x582c, 0x4b3b, 0x465b, 0x865b, 0x5333, 0x4d23, 0x465b, 0x8b83,
  0x0d23, 0xd22b, 0x9133, 0x0c33, 0x0b3b, 0x094b, 0x8a63, 0x8963, 0xcb73, 0x095b, 0x4963, 0xc552,
  0x8863, 0x065b, 0x0753, 0x0753, 0x475b, 0x475b, 0x0753, 0x8963, 0x896b, 0x0753, 0xc64a, 0x0653,
  0x485b, 0x4863, 0x8863, 0x475b, 0x075b, 0x0b74, 0x075b, 0x4863, 0x075b, 0x4863, 0x486b, 0x896b,
  0x896b, 0x0753, 0x8542, 0x0c84, 0xcb7b, 0xcb83, 0xcc83, 0xcb83, 0x8a7b, 0xcb7b, 0xcb83, 0xcb7b,
  0xcb7b, 0x2c84, 0xcb7b, 0x8a7b, 0x8973, 0x4863, 0x075b, 0x075b, 0x0753, 0x0753, 0x8542, 0x8963,
  0xeb73, 0x0753, 0x443a, 0xc64a, 0x495b, 0x8542, 0xc542, 0x075b, 0xc652, 0x485b, 0xc742, 0x4c43,
  0x094b, 0x0853, 0x085b, 0x075b, 0x0653, 0x0653, 0xc64a, 0x896b, 0xc64a, 0x0653, 0x0653, 0x0653,
  0xc54a, 0xc64a, 0xc542, 0xc54a, 0x8542, 0xca6b, 0x863a, 0x093b, 0x0843, 0xcd32, 0x4522, 0x332c,
  0x9634, 0x7534, 0x7534, 0xb64c, 0x5534, 0x7634, 0x762c, 0x4b3b, 0x065b, 0xc83a, 0x742c, 0x7634,
  0x7634, 0xf644, 0x543c, 0x7534, 0x7534, 0x7534, 0x7534, 0x7534, 0x7534, 0x9634, 0xd31b, 0x307c,
  0x317c, 0xd31b, 0x7634, 0x7534, 0x7534, 0x7534, 0x5534, 0x5534, 0x753c, 0x3434, 0xf744, 0x7534,
  0x7534, 0x7534, 0x7534, 0x7534, 0x7534, 0x7534, 0x7534, 0x5534, 0xb644, 0x7534, 0x7534, 0x7534,
  0x7534, 0x7534, 0x7534, 0x7534, 0x7534, 0x7534, 0xf74c, 0x953c, 0xcd1a, 0x552c, 0x892a, 0x8b73,
  0x0632, 0x464a, 0x854a, 0x0432, 0x8f84, 0x8b6b, 0xc852, 0x443a, 0x8863, 0xca73, 0xca73, 0xca73,
  0x896b, 0x8963, 0x2b7c, 0x0753, 0x8542, 0x8542, 0x853a, 0x8642, 0x8542, 0x8642, 0x8642, 0x8642,
  0x495b, 0x4632, 0x8542, 0x8552, 0x8642, 0x095b, 0x4b53, 0x473a, 0xc752, 0x8552, 0x8a73, 0x4542,
  0x8642, 0xc74a, 0x0953, 0x864a, 0x434a, 0x4352, 0x454a, 0x443a, 0x075b, 0x453a, 0x453a, 0xd233,
  0x752c, 0x752c, 0x7534, 0x553c, 0x7534, 0x953c, 0xb644, 0x7534, 0x7534, 0x7534, 0x7534, 0x7534,
  0x7534, 0x7534, 0x7534, 0x963c, 0xd74c, 0x5534, 0x7534, 0x7534, 0x7534, 0x7534, 0x7534, 0x7534,
  0x7534, 0x9644, 0x962c, 0x3624, 0x3724, 0x8c3b, 0x8663, 0x875b, 0x923b, 0x4653, 0x866b, 0x8a83,
  0xc75a, 0x0a2b, 0x0f2b, 0x0853, 0x8963, 0xc96b, 0x4763, 0x486b, 0x065b, 0x0b7c, 0x0863, 0x896b,
  0x896b, 0x896b, 0x8863, 0x475b, 0x475b, 0x485b, 0x0753, 0x8963, 0x8863, 0x485b, 0x0753, 0x4863,
  0x8963, 0x4863, 0x4863, 0x6863, 0x4863, 0xca73, 0x4863, 0x4863, 0x4963, 0x496b, 0x486b, 0x8a73,
  0x8a73, 0x075b, 0x075b, 0x2c8c, 0xcc83, 0xcc83, 0xcb83, 0x0c8c, 0xcc83, 0x8a73, 0x8a73, 0xcb7b,
  0xcc83, 0x6d8c, 0xeb83, 0xcb83, 0xcb83, 0xaa73, 0x896b, 0xc652, 0x8963, 0x0753, 0x443a, 0x8963,
  0xc74a, 0x443a, 0x453a, 0x8542, 0x8752, 0x496b, 0x0753, 0x843a, 0x0653, 0x8a73, 0x094b, 0x8c33,
  0x863a, 0x085b, 0x085b, 0x075b, 0x0753, 0x4753, 0xc64a, 0x8963, 0xc54a, 0x064b, 0x064b, 0x0753,
  0x4753, 0x0653, 0x064b, 0xc542, 0xc64a, 0x8963, 0x8542, 0xc64a, 0xc64a, 0x864a, 0xc462, 0x5023,
  0x7634, 0x7534, 0x7534, 0xb644, 0x5534, 0x7534, 0x572c, 0x8c3b, 0x0453, 0xcf33, 0x7534, 0x553c,
  0x7634, 0xd644, 0x5534, 0x7534, 0x7534, 0x7534, 0x763c, 0x5534, 0x7534, 0x7634, 0xd31b, 0x307c,
  0x317c, 0xd31b, 0x963c, 0x753c, 0x7534, 0x5534, 0x7534, 0x7534, 0x7534, 0x7534, 0xd744, 0x7534,
  0x7534, 0x7534, 0x7534, 0x7534, 0x7534, 0x7534, 0x7534, 0x5534, 0xb644, 0x7534, 0x7534, 0x7534,
  0x7534, 0x7534, 0x7534, 0x7534, 0x7534, 0x7534, 0xf74c, 0x7634, 0x543c, 0xd323, 0xd32b, 0xc439,
  0x6e84, 0x4742, 0x864a, 0x4542, 0xc852, 0x4a5b, 0x52a5, 0x4542, 0x886b, 0xc973, 0xca7b, 0x2b84,
  0x0b84, 0xca73, 0x2b7c, 0x485b, 0x0753, 0xc64a, 0x864a, 0x0753, 0x8542, 0x8542, 0x853a, 0x863a,
  0x4a5b, 0x4532, 0x8542, 0xc652, 0xc652, 0xc652, 0xc64a, 0x063a, 0xc74a, 0x8552, 0x4863, 0x8642,
  0xc74a, 0x8752, 0x854a, 0x874a, 0x8842, 0x8742, 0x853a, 0x8632, 0x6953, 0x0432, 0x0a3b, 0x1234,
  0x7624, 0x7624, 0x7634, 0x7534, 0x7534, 0x753c, 0xb744, 0x7534, 0x7534, 0x7534, 0x7534, 0x7534,
  0x7534, 0x7534, 0x7534, 0x963c, 0xd74c, 0x5534, 0x7534, 0x7534, 0x7534, 0x7534, 0x7534, 0x7534,
  0x5634, 0x9644, 0x952c, 0x762c, 0x772c, 0x8c2b, 0x894b, 0x8f33, 0xd41b, 0x4753, 0x8873, 0x8883,
  0xc88b, 0x5023, 0x4d2b, 0x876b, 0x4763, 0xc973, 0x886b, 0xca7b, 0x886b, 0x4863, 0x896b, 0xca7b,
  0xca73, 0x896b, 0x896b, 0x4863, 0x075b, 0x075b, 0xc652, 0x8963, 0x8963, 0x6863, 0x485b, 0x8963,
  0x8963, 0x8863, 0x8863, 0x8963, 0x4863, 0xcb73, 0x896b, 0x896b, 0xca7b, 0xcb7b, 0xca7b, 0x8a73,
  0xcb7b, 0x496b, 0x8a73, 0x6d94, 0x2d94, 0x0c8c, 0x0c8c, 0x2d94, 0x2c8c, 0x0c84, 0x8b7b, 0xcb83,
  0xcc83, 0x8e94, 0x0c8c, 0xcb83, 0xcb7b, 0x0863, 0xca73, 0x4863, 0x0753, 0xc642, 0x8542, 0x495b,
  0x864a, 0xc64a, 0x8963, 0xc64a, 0x844a, 0x8a63, 0xcc7b, 0x496b, 0x463a, 0xca53, 0xc83a, 0xc752,
  0x085b, 0x085b, 0x4863, 0x075b, 0x475b, 0x475b, 0xc64a, 0xca6b, 0xc54a, 0xc64a, 0xc64a, 0x064b,
  0x0753, 0x0653, 0x064b, 0xc542, 0xc642, 0x895b, 0xc54a, 0x854a, 0xc652, 0x8742, 0xc462, 0x4f2b,
  0x753c, 0x7534, 0x7634, 0xb644, 0x7534, 0x7534, 0x572c, 0x8f3b, 0x0643, 0x9634, 0x7634, 0x553c,
  0x7534, 0xd744, 0x7534, 0x7534, 0x7534, 0x7534, 0x7534, 0x5534, 0x5534, 0x7634, 0xd31b, 0x317c,
  0x317c, 0xd31b, 0x763c, 0x553c, 0x7534, 0x7534, 0x753c, 0x7534, 0x7534, 0x7534, 0xd744, 0x5534,
  0x7534, 0x7534, 0x7534, 0x7534, 0x7534, 0x7534, 0x7534, 0x5534, 0xb644, 0x7534, 0x7534, 0x7534,
  0x7534, 0x7534, 0x7534, 0x7534, 0x7534, 0x7534, 0xf74c, 0x7534, 0x7634, 0x7534, 0x562c, 0x492a,
  0x496b, 0x54a5, 0x095b, 0x864a, 0xc85a, 0x474a, 0x8b6b, 0xc852, 0x896b, 0x2b84, 0x2c8c, 0x6d94,
  0x2c8c, 0xcb83, 0x4c8c, 0x4863, 0x8863, 0x0753, 0x475b, 0x0753, 0xc64a, 0x8542, 0x453a, 0x443a,
  0x085b, 0x4542, 0x8542, 0xc54a, 0xc652, 0xc64a, 0xc64a, 0xc752, 0x8642, 0x8642, 0x4a63, 0x4642,
  0x8642, 0x863a, 0x463a, 0x4442, 0x4342, 0x453a, 0x052a, 0x0342, 0xc64a, 0xd033, 0xca3a, 0x142c,
  0x7724, 0x7624, 0x762c, 0x7534, 0x7534, 0x753c, 0xb744, 0x7534, 0x7534, 0x7534, 0x7534, 0x7534,
  0x7534, 0x7534, 0x7534, 0x963c, 0xb74c, 0x5534, 0x7534, 0x7534, 0x7534, 0x7534, 0x7534, 0x7534,
  0x7534, 0x9444, 0xb43c, 0x7534, 0x772c, 0xd523, 0xd52b, 0x151c, 0xd223, 0x8a53, 0xcb6b, 0x895b,
  0x8f3b, 0x4c53, 0x887b, 0x8863, 0x896b, 0xc64a, 0x4863, 0xcb73, 0x2b74, 0x8963, 0x4863, 0xca73,
  0x896b, 0x4763, 0x896b, 0x896b, 0x4863, 0x075b, 0xc652, 0x8863, 0x485b, 0x896b, 0x8863, 0x8863,
  0x8863, 0x8863, 0x8863, 0x4863, 0x896b, 0xcb7b, 0x496b, 0x0c84, 0xcb83, 0xcb83, 0xcb83, 0xcb83,
  0xcb83, 0xcb7b, 0xcb7b, 0x4d94, 0x4d94, 0x2d94, 0x2d94, 0x2c8c, 0x2c8c, 0x2c8c, 0x0c8c, 0xcc83,
  0xcb83, 0x6d94, 0x2d8c, 0x4d94, 0x8a7b, 0x8a7b, 0x085b, 0x8542, 0x0753, 0x864a, 0x864a, 0x2c7c,
  0x8a6b, 0x4963, 0x8a6b, 0x854a, 0x844a, 0x4863, 0x8b63, 0x074b, 0xc54a, 0x4c63, 0x0963, 0x485b,
  0xc64a, 0xc64a, 0x075b, 0x496b, 0xcb7b, 0x4863, 0x075b, 0xca6b, 0xc542, 0xc54a, 0x064b, 0x0653,
  0x4753, 0x475b, 0xc64a, 0xc542, 0x854a, 0x8a5b, 0xc542, 0xc742, 0xc552, 0xd323, 0xc742, 0x4e33,
  0x753c, 0x7534, 0x7634, 0xb644, 0x5534, 0x753c, 0x5634, 0x123c, 0x103c, 0x9634, 0x7534, 0x553c,
  0x553c, 0xd744, 0x7534, 0x7534, 0x7534, 0x7534, 0x7534, 0x7534, 0x7534, 0x7634, 0xd31b, 0x307c,
  0x317c, 0xd31b, 0x763c, 0x553c, 0x7534, 0x7534, 0x553c, 0x7534, 0x7534, 0x5534, 0xd744, 0x5534,
  0x7534, 0x7534, 0x7534, 0x7534, 0x7534, 0x7534, 0x7534, 0x5534, 0xb644, 0x7534, 0x7534, 0x7534,
  0x7534, 0x7534, 0x7534, 0x7534, 0x7534, 0x7534, 0xf74c, 0x7534, 0x7634, 0x7534, 0x9634, 0x0e23,
  0x8321, 0x884a, 0x4b5b, 0x4542, 0x8b6b, 0xc439, 0xc852, 0x864a, 0x896b, 0x6c8c, 0x0b8c, 0xcb83,
  0x0c8c, 0xcb83, 0x4c8c, 0x886b, 0x8863, 0x8863, 0x8863, 0xca6b, 0x074b, 0x8542, 0x4542, 0x4442,
  0x485b, 0x4542, 0x843a, 0x8542, 0x8642, 0xc64a, 0xc54a, 0xc64a, 0x8542, 0x853a, 0x4953, 0x8542,
  0x864a, 0x8542, 0x853a, 0xc932, 0xd133, 0x4a43, 0x0953, 0x4d3b, 0xb934, 0x3524, 0x4542, 0xb824,
  0x7624, 0x962c, 0x962c, 0x7534, 0x7534, 0x753c, 0xb644, 0x7534, 0x7534, 0x7534, 0x7534, 0x7534,
  0x7534, 0x7534, 0x7534, 0x963c, 0xb74c, 0x5534, 0x7534, 0x7534, 0x7534, 0x7534, 0x7534, 0x7534,
  0x5634, 0x9644, 0xb644, 0x5634, 0x762c, 0x7524, 0x751c, 0x1524, 0xd02b, 0x902b, 0x8f23, 0x4f2b,
  0x102b, 0x4a94, 0xca7b, 0x074b, 0x0753, 0x896b, 0x085b, 0x075b, 0xc652, 0x0b7c, 0x896b, 0x486b,
  0x075b, 0xa96b, 0x485b, 0x4863, 0x8963, 0x8963, 0x4863, 0x2b7c, 0xa96b, 0x8963, 0x896b, 0x8863,
  0x4863, 0x896b, 0x896b, 0x896b, 0xaa73, 0x0b84, 0xcb83, 0x0c8c, 0xcc83, 0xcb83, 0x2c8c, 0x0c8c,
  0x2c8c, 0x0c8c, 0xcb83, 0x4d94, 0x4d94, 0x6e9c, 0x2d94, 0x4d94, 0x4d94, 0x2d94, 0x2c8c, 0x2c8c,
  0xcb83, 0x4d94, 0xcb83, 0x4d94, 0x6d94, 0x2c8c, 0x8a73, 0xc752, 0x075b, 0x496b, 0x8a73, 0x8e94,
  0x0c8c, 0x6e94, 0x31ad, 0x8a73, 0xc65a, 0x8b7b, 0xca73, 0x0653, 0xc542, 0x4973, 0x8b73, 0xc64a,
  0x8542, 0xc54a, 0x075b, 0xcb7b, 0x6d94, 0x2c8c, 0xcb7b, 0x6d8c, 0xc64a, 0xc54a, 0x4753, 0x4753,
  0x475b, 0x485b, 0xc64a, 0xc542, 0x444a, 0x495b, 0x064b, 0xc74a, 0x4252, 0xb91c, 0x0943, 0x0d2b,
  0x3434, 0x753c, 0x7634, 0xb644, 0x7534, 0x753c, 0x3434, 0x132c, 0x7634, 0x753c, 0x7534, 0x553c,
  0x553c, 0xd744, 0x5534, 0x7534, 0x7534, 0x7534, 0x7534, 0x7534, 0x7534, 0x7634, 0xd31b, 0x307c,
  0x317c, 0xd31b, 0x763c, 0x553c, 0x7534, 0x7534, 0x553c, 0x7534, 0x7534, 0x5534, 0xd744, 0x5534,
  0x7534, 0x7534, 0x7534, 0x7534, 0x7534, 0x7534, 0x7534, 0x5534, 0xb644, 0x7534, 0x7534, 0x7534,
  0x7534, 0x7534, 0x7534, 0x7534, 0x7534, 0x7534, 0xf74c, 0x7534, 0x553c, 0x7534, 0x7534, 0x9644,
  0x0c23, 0x0732, 0xc84a, 0x043a, 0x8a73, 0x4542, 0x4542, 0x4642, 0x085b, 0x8d9c, 0x4d94, 0x0c8c,
  0x0c8c, 0x0b84, 0x6d94, 0x8973, 0x8973, 0x896b, 0x886b, 0xc96b, 0x074b, 0x8542, 0x4542, 0x8542,
  0x4a53, 0x882a, 0x8732, 0x853a, 0xc73a, 0xc642, 0xc64a, 0xc742, 0x8542, 0x854a, 0x4863, 0x8442,
  0x854a, 0x8542, 0xc83a, 0x8e3b, 0x501b, 0x8d2b, 0x9123, 0x991c, 0xd83c, 0x0c2b, 0x4452, 0x4442,
  0x4f2b, 0x962c, 0x762c, 0x9634, 0x7534, 0x763c, 0xb744, 0x7534, 0x7534, 0x7534, 0x7534, 0x7534,
  0x7534, 0x7534, 0x7534, 0x963c, 0xb74c, 0x5534, 0x7534, 0x7534, 0x7534, 0x7534, 0x7534, 0x7434,
  0x7634, 0x9644, 0xb644, 0x5634, 0x5634, 0x7524, 0x751c, 0x3524, 0x3524, 0xd13b, 0x8f33, 0x8b4b,
  0xc78b, 0xcb83, 0x2b8c, 0xca73, 0x8863, 0x4863, 0x896b, 0x896b, 0x075b, 0x0863, 0x0b7c, 0x896b,
  0x854a, 0xc64a, 0x0653, 0xc64a, 0x8863, 0xc96b, 0x8863, 0x2b7c, 0xc96b, 0x475b, 0x8863, 0x896b,
  0x4863, 0x886b, 0x896b, 0x896b, 0xca7b, 0x2c8c, 0x4d94, 0x4d94, 0x6d9c, 0x6d94, 0x4d94, 0x4d94,
  0x6d94, 0x6d94, 0x4d94, 0xaea4, 0x8e9c, 0x8e9c, 0x8e9c, 0x8e9c, 0x4d9c, 0x6d9c, 0x4d94, 0x2c94,
  0xcc8b, 0x4d94, 0xcb83, 0x0c8c, 0x2c8c, 0x2c8c, 0xca7b, 0xca73, 0x4863, 0x496b, 0x6e94, 0x31ad,
  0xf0ac, 0x8e9c, 0x4d94, 0x2d94, 0xcb83, 0xca83, 0x0c84, 0x8a7b, 0x0863, 0x2c74, 0x8963, 0x844a,
  0xc652, 0x085b, 0x8a73, 0x4d94, 0x6e9c, 0x8e9c, 0x4d94, 0x6d8c, 0xc64a, 0xc64a, 0x885b, 0x485b,
  0x0753, 0x0753, 0xc64a, 0xc542, 0x854a, 0xcb6b, 0x064b, 0x8442, 0x844a, 0x5824, 0xc842, 0x0e2b,
  0xd32b, 0x753c, 0x7634, 0xb644, 0x7534, 0x753c, 0x5434, 0x5534, 0x7634, 0x553c, 0x7534, 0x7534,
  0x553c, 0xd744, 0x7534, 0x7534, 0x7534, 0x7534, 0x7534, 0x7534, 0x7534, 0x7634, 0xd31b, 0x307c,
  0x317c, 0xd31b, 0x763c, 0x553c, 0x7534, 0x7534, 0x553c, 0x7534, 0x7534, 0x5534, 0xd644, 0x5534,
  0x753c, 0x7534, 0x7534, 0x7534, 0x7534, 0x7534, 0x7534, 0x5534, 0xb644, 0x7534, 0x7534, 0x7534,
  0x7534, 0x7534, 0x7534, 0x7534, 0x7534, 0x553c, 0xf744, 0x7534, 0x543c, 0x7534, 0x7534, 0x753c,
  0xb72c, 0xcc22, 0x8752, 0x0532, 0x8e94, 0x4863, 0x864a, 0x8642, 0x4542, 0x2c8c, 0xefac, 0x2c8c,
  0x4d94, 0x2c8c, 0x4d8c, 0xcb7b, 0xca73, 0x896b, 0x896b, 0x896b, 0x485b, 0xc64a, 0xc542, 0x462a,
  0xd043, 0xd32b, 0x132c, 0xca32, 0x853a, 0x863a, 0x8642, 0xc642, 0x8542, 0x853a, 0x8a5b, 0x863a,
  0xc642, 0xc73a, 0xc742, 0xc442, 0xc44a, 0x912b, 0x371c, 0x3624, 0x5244, 0x8632, 0xc732, 0x8452,
  0x0b3b, 0x552c, 0x752c, 0x752c, 0x7634, 0x763c, 0xb644, 0x7534, 0x7534, 0x7534, 0x7534, 0x7534,
  0x7534, 0x7534, 0x7534, 0x963c, 0xb64c, 0x5534, 0x7534, 0x7534, 0x7534, 0x7534, 0x7534, 0x743c,
  0x5634, 0xb63c, 0xb644, 0x7634, 0x7534, 0x7534, 0x752c, 0x362c, 0xd313, 0x4853, 0xaa63, 0x887b,
  0x2e8c, 0x4a84, 0x2c8c, 0x8a73, 0x065b, 0xc652, 0x485b, 0x475b, 0x075b, 0x495b, 0x4963, 0x2b84,
  0x896b, 0x485b, 0x896b, 0x0753, 0x8542, 0x896b, 0x896b, 0x2b7c, 0x896b, 0x896b, 0x896b, 0x886b,
  0x896b, 0x8863, 0x896b, 0xca73, 0xcb7b, 0x6e94, 0xcc8b, 0x6e9c, 0xafa4, 0xcfac, 0xf0ac, 0xafa4,
  0xcfa4, 0xefac, 0xcfa4, 0xefac, 0xcfa4, 0xf0ac, 0xefac, 0xafa4, 0x6e9c, 0x8ea4, 0x8e9c, 0x6d94,
  0x2c8c, 0x8e9c, 0x4d94, 0x2d94, 0x2d94, 0xcb8b, 0x2c8c, 0x2c8c, 0xefa4, 0x8e94, 0x496b, 0x4d94,
  0xf0a4, 0xafa4, 0xb3c5, 0x10ad, 0x8b7b, 0x8a73, 0xc973, 0x0c8c, 0x2e94, 0x8fa4, 0x8a73, 0x0863,
  0x4973, 0xcc83, 0x2d8c, 0x8e9c, 0xafa4, 0xafa4, 0x0c84, 0xcb7b, 0x8542, 0x8963, 0x8963, 0x8863,
  0x0753, 0xc542, 0xc64a, 0x4753, 0x885b, 0x2b6c, 0x863a, 0x4242, 0x4b2b, 0x782c, 0x4d2b, 0x9123,
  0x342c, 0x753c, 0x7534, 0xb64c, 0x5534, 0x753c, 0x7634, 0x7534, 0x7534, 0x7634, 0x553c, 0x7634,
  0x7534, 0xd644, 0x5534, 0x7534, 0x7534, 0x7534, 0x7534, 0x7534, 0x7534, 0x7634, 0xd31b, 0x307c,
  0x317c, 0xd31b, 0x763c, 0x553c, 0x7534, 0x7534, 0x553c, 0x7534, 0x7534, 0x7534, 0xd744, 0x5534,
  0x753c, 0x7534, 0x7534, 0x753c, 0x7534, 0x7534, 0x7534, 0x5534, 0xb644, 0x7534, 0x7534, 0x7534,
  0x7534, 0x7534, 0x7534, 0x7534, 0x753c, 0x553c, 0xf84c, 0x7534, 0x553c, 0x753c, 0x7534, 0x7534,
  0xb82c, 0x502b, 0x4542, 0x0432, 0xae9c, 0x71b5, 0x0c7c, 0x0432, 0xc852, 0x496b, 0x8973, 0xcb83,
  0x6d94, 0x8e9c, 0xafa4, 0x2c8c, 0xcb7b, 0x8973, 0x896b, 0xc96b, 0x485b, 0xc54a, 0xc64a, 0x084b,
  0x9064, 0x0c33, 0x543c, 0xce3b, 0x8352, 0x834a, 0x863a, 0x8542, 0x853a, 0x863a, 0x885b, 0x8532,
  0x8542, 0x0653, 0xc64a, 0xc74a, 0xc83a, 0x9223, 0xd12b, 0x1324, 0xb53c, 0x1034, 0x3134, 0x9033,
  0x5023, 0x552c, 0x9634, 0x9634, 0x7634, 0x7534, 0xb63c, 0x7534, 0x7534, 0x7534, 0x7534, 0x7534,
  0x7534, 0x7534, 0x7534, 0x963c, 0xb64c, 0x5534, 0x7534, 0x7534, 0x753c, 0x753c, 0x7534, 0x753c,
  0x7634, 0x963c, 0xb544, 0x7534, 0x753c, 0x7634, 0x7634, 0x7634, 0x5624, 0xd613, 0x8a53, 0x0a8c,
  0x0c74, 0x8b6b, 0x486b, 0x896b, 0x4753, 0x4863, 0x075b, 0x0953, 0xc742, 0xc64a, 0x0853, 0x8973,
  0xcb7b, 0xcb7b, 0x8863, 0x485b, 0xc54a, 0x065b, 0x8873, 0x2a84, 0xca6b, 0xc773, 0x897b, 0xcb73,
  0x8a53, 0x896b, 0x8a73, 0xca7b, 0x0b7c, 0x6d9c, 0x6e9c, 0x4e94, 0xcfac, 0x8e94, 0x6e84, 0xefa4,
  0xefac, 0x31b5, 0x30b5, 0x30ad, 0x31ad, 0x51b5, 0x10ad, 0xcfac, 0x8ea4, 0xcfa4, 0xf0ac, 0xaea4,
  0xae9c, 0x31a5, 0xcf94, 0xaf94, 0xcf9c, 0x4d94, 0xec83, 0x0c84, 0xcc7b, 0xf0a4, 0x51b5, 0x2d8c,
  0x6e94, 0xafa4, 0x30b5, 0x51b5, 0xb09c, 0x8e9c, 0xca83, 0x4973, 0x8ea4, 0xcfac, 0x6ea4, 0x8f9c,
  0x6e9c, 0x4d94, 0x6e9c, 0x8fa4, 0xcfa4, 0xefa4, 0xcb7b, 0x8963, 0x075b, 0x0b84, 0x0b74, 0x896b,
  0x475b, 0x8542, 0x8a63, 0xc963, 0x065b, 0x4a5b, 0x4432, 0xc53a, 0x333c, 0x7934, 0xca32, 0x5434,
  0x9534, 0x7534, 0x7634, 0xb74c, 0x3534, 0x553c, 0x7634, 0x7534, 0x543c, 0x7534, 0x553c, 0x753c,
  0x7534, 0xd644, 0x5534, 0x753c, 0x7534, 0x7534, 0x7534, 0x7534, 0x7534, 0x7634, 0xd31b, 0x307c,
  0x317c, 0xd31b, 0x7534, 0x553c, 0x5534, 0x5534, 0x5534, 0x7534, 0x7534, 0x7534, 0xb744, 0x5534,
  0x553c, 0x7534, 0x7534, 0x553c, 0x7534, 0x7534, 0x7534, 0x5534, 0x9644, 0x7534, 0x7534, 0x7534,
  0x7534, 0x7534, 0x7534, 0x7534, 0x553c, 0x5534, 0xb64c, 0x7534, 0x7534, 0x7534, 0x7534, 0x5534,
  0x7734, 0x903b, 0x0432, 0x0542, 0x31b5, 0xcc8b, 0x8a73, 0x043a, 0x864a, 0x096b, 0x4a73, 0x6d94,
  0x8e9c, 0x6d94, 0xafa4, 0x0c8c, 0x2c8c, 0xcb7b, 0x896b, 0x896b, 0x485b, 0x4753, 0x074b, 0xc642,
  0x0753, 0x433a, 0x0c2b, 0x4c1b, 0x4b3b, 0xcd2a, 0x0833, 0x853a, 0x873a, 0xc53a, 0x4953, 0xc64a,
  0x054b, 0xc532, 0xc832, 0xc54a, 0xc24a, 0xc742, 0x0a33, 0xca2a, 0x3334, 0x361c, 0x3524, 0x7624,
  0x762c, 0x9634, 0xd734, 0xb734, 0x7534, 0x7534, 0xb63c, 0x7534, 0x7534, 0x7534, 0x7534, 0x7534,
  0x7534, 0x7534, 0x5534, 0x753c, 0xb644, 0x5534, 0x7534, 0x7534, 0x7534, 0x7534, 0x7534, 0x7534,
  0x7534, 0x963c, 0x9544, 0x5534, 0x7534, 0x7534, 0x5634, 0x5634, 0x743c, 0x7614, 0x921b, 0xca8b,
  0x886b, 0x4753, 0x8773, 0x4763, 0x0753, 0x4a53, 0x8852, 0x4552, 0xc752, 0x864a, 0x4863, 0x475b,
  0x8a6b, 0x0b7c, 0x0663, 0xc54a, 0x474b, 0xc63a, 0xc96b, 0xae84, 0x0e2b, 0x0d43, 0xca93, 0x044a,
  0x4211, 0x895b, 0x4a6b, 0xca7b, 0x2c7c, 0x4d9c, 0xf0ac, 0x2e8c, 0x4442, 0xc83a, 0xd26c, 0x719d,
  0x51b5, 0x31b5, 0x10ad, 0x10ad, 0xaf9c, 0x51b5, 0x51b5, 0x51bd, 0x10ad, 0xf0ac, 0xf0ac, 0xf0ac,
  0x8ea4, 0xb09c, 0x72ad, 0xefa4, 0x8e94, 0x0b8c, 0xcc83, 0x4c9c, 0x8f9c, 0x92bd, 0x92bd, 0x51b5,
  0xafa4, 0xcfa4, 0xf0ac, 0xcfac, 0xf0ac, 0x31b5, 0x30b5, 0x8e9c, 0xcfac, 0x10b5, 0xf0ac, 0x10b5,
  0xf0ac, 0x10b5, 0x31b5, 0x6e9c, 0x0c8c, 0x6e94, 0x0c84, 0x4c84, 0x8973, 0x6d94, 0x8e8c, 0xc973,
  0x475b, 0x074b, 0x485b, 0x065b, 0x064b, 0x0a53, 0xc141, 0x8e2b, 0x7834, 0x5624, 0x4e23, 0xd333,
  0x7534, 0x5634, 0x5534, 0xb53c, 0x5434, 0x7534, 0x5534, 0x7534, 0x7534, 0x7534, 0x7534, 0x553c,
  0x3534, 0xb644, 0x5534, 0x7534, 0x7534, 0x5534, 0x5534, 0x5534, 0x5534, 0x7634, 0x931b, 0x307c,
  0x517c, 0x3424, 0xd744, 0xb744, 0xd744, 0xd644, 0xd744, 0xd744, 0xd744, 0xb644, 0x3855, 0xb644,
  0xf744, 0xd744, 0xd744, 0xd744, 0xd744, 0xd744, 0xf744, 0xb644, 0x1855, 0xd744, 0xd744, 0xd744,
  0xd744, 0xd744, 0xd744, 0xd744, 0xd74c, 0xb644, 0x3855, 0xd644, 0xf744, 0xf744, 0xd644, 0xd744,
  0xf944, 0x324c, 0x2b74, 0x8b73, 0x51b5, 0x4a7b, 0x8b7b, 0x2863, 0x0c7c, 0x6e94, 0x086b, 0x8e94,
  0xae9c, 0x6e9c, 0x10ad, 0xaf9c, 0x8e94, 0x4c8c, 0x4c84, 0x2b7c, 0x2b74, 0x2a6c, 0x2a6c, 0xca63,
  0x6c7c, 0xc85b, 0x553c, 0xcc5b, 0x9043, 0xfb3c, 0x0e4c, 0x4863, 0x456b, 0xc86b, 0x8c84, 0x896b,
  0x475b, 0x8863, 0x4463, 0x8a5b, 0x0f54, 0x4853, 0xcd4b, 0x7254, 0x185d, 0xb734, 0xd744, 0xf73c,
  0xf73c, 0xf844, 0x3945, 0x1845, 0xd744, 0xf744, 0x3855, 0xd744, 0xf744, 0xd744, 0xd744, 0xd744,
  0xd744, 0xd744, 0xd744, 0xd74c, 0x1755, 0xb644, 0xd744, 0xd744, 0xd744, 0xd744, 0xd744, 0xd744,
  0xd744, 0xf74c, 0x1755, 0xd744, 0xd74c, 0xf744, 0xf74c, 0x1845, 0xb55c, 0xd85c, 0xda2c, 0x8b7b,
  0xcb63, 0xcb6b, 0x8b83, 0xcb73, 0x8a73, 0x2994, 0xca8b, 0x328d, 0x7254, 0x926c, 0x886b, 0xc963,
  0x2a74, 0x4b84, 0xc973, 0x8a5b, 0xcb63, 0xc97b, 0x4a9c, 0x8c73, 0x1634, 0x7924, 0x2d7c, 0x724c,
  0x933c, 0x8983, 0x6a7c, 0x4b8c, 0x4d8c, 0x11b5, 0x30bd, 0x095b, 0x0a23, 0x3175, 0x77be, 0xd3bd,
  0xd3c5, 0xb4c5, 0x32b5, 0x92bd, 0x35ce, 0x72b5, 0x52b5, 0x92bd, 0x51b5, 0x31b5, 0x31b5, 0x11b5,
  0x31b5, 0x11a5, 0x31b5, 0xb0a4, 0x2d8c, 0x4e84, 0xce94, 0x12ad, 0x52b5, 0xb3bd, 0xb3c5, 0x72bd,
  0x10ad, 0xf0ac, 0x10ad, 0x31b5, 0x31b5, 0x52bd, 0x93c5, 0xb3c5, 0x92c5, 0x92c5, 0x92c5, 0x92c5,
  0x92c5, 0xb3c5, 0x92c5, 0xf0ac, 0x31b5, 0x31ad, 0x6d8c, 0x4c8c, 0x8e8c, 0x72a5, 0x8d94, 0x0b7c,
  0xca73, 0x8953, 0x086c, 0xcd7c, 0xca5b, 0xca5b, 0x8d4b, 0x1a55, 0x1745, 0xf934, 0x3244, 0xda44,
  0x1a4d, 0x9544, 0x933c, 0x3665, 0xd54c, 0xd64c, 0xf744, 0xd744, 0xd744, 0xd744, 0xd744, 0xd744,
  0xb644, 0x3855, 0xb644, 0xd744, 0xd744, 0xd744, 0xd744, 0xd744, 0xd744, 0xd744, 0x352c, 0x5184,
  0x317c, 0xd31b, 0x7534, 0x5534, 0x5534, 0x5534, 0x5534, 0x7534, 0x7534, 0x5534, 0xb744, 0x5534,
  0x7534, 0x7534, 0x5534, 0x7534, 0x7534, 0x7534, 0x7534, 0x5534, 0x9644, 0x5534, 0x7534, 0x7534,
  0x7534, 0x7534, 0x7534, 0x7534, 0x553c, 0x5534, 0xb644, 0x5534, 0x7534, 0x7534, 0x7434, 0x553c,
  0x773c, 0x8f33, 0x443a, 0xc85a, 0x6e9c, 0x4973, 0xefa4, 0xc75a, 0xcb7b, 0x8e9c, 0x865a, 0xcb7b,
  0xcfa4, 0x6d94, 0xaf9c, 0x4a73, 0x6d94, 0x2b84, 0xca7b, 0x8863, 0x485b, 0x4753, 0x485b, 0x064b,
  0x8863, 0xad5b, 0x4943, 0xc552, 0x0463, 0xd33b, 0x895b, 0x8a53, 0x5033, 0x083b, 0xc852, 0x4542,
  0x8542, 0xc742, 0x112b, 0x353c, 0xcc1a, 0xd223, 0x5624, 0x562c, 0xb634, 0x5524, 0x5534, 0x7534,
  0x5534, 0x342c, 0x342c, 0x7534, 0x5534, 0x753c, 0xb644, 0x5534, 0x7534, 0x7534, 0x7534, 0x7534,
  0x5534, 0x5534, 0x5534, 0x553c, 0x9644, 0x5434, 0x7534, 0x7534, 0x7534, 0x7534, 0x7534, 0x7534,
  0x7534, 0x953c, 0x9544, 0x7534, 0x5534, 0x7534, 0x1144, 0x522c, 0x5434, 0x3534, 0x761c, 0x4442,
  0x6f9c, 0xcb93, 0x4a63, 0x0b84, 0xc75a, 0x332c, 0x903b, 0xc472, 0x934c, 0xda3c, 0x0e6c, 0xc55a,
  0x854a, 0x075b, 0x085b, 0xcc7b, 0x0c84, 0x897b, 0x8a6b, 0x5033, 0x332c, 0xb42c, 0x9233, 0x5734,
  0x743c, 0x923b, 0x4332, 0x065b, 0x8973, 0x8f8c, 0x6c9c, 0x8942, 0x8e12, 0x0d53, 0x75e6, 0x4fbd,
  0x0fbd, 0xd4cd, 0xb3c5, 0x51ad, 0xd4c5, 0x72b5, 0x92bd, 0x10ad, 0xcfa4, 0xefac, 0xcfa4, 0xcfa4,
  0xcfa4, 0xefac, 0x6d9c, 0x2c8c, 0xefac, 0x8d94, 0x0b8c, 0x2c84, 0x6d94, 0x4d94, 0x8f9c, 0xd0a4,
  0xd0a4, 0x8f9c, 0xafa4, 0xd0a4, 0xd0ac, 0x11ad, 0x52b5, 0x31b5, 0xf0ac, 0x51bd, 0x51bd, 0x51bd,
  0x72bd, 0x72bd, 0x72bd, 0x51bd, 0xf0ac, 0xcb83, 0x4973, 0x8d94, 0x2d84, 0x6d84, 0x876b, 0x485b,
  0xc642, 0xc54a, 0xc542, 0x4653, 0xc049, 0x4a4b, 0x562c, 0x563c, 0x543c, 0x332c, 0x444a, 0x4733,
  0x8c2b, 0xd22b, 0x5634, 0xb844, 0x5534, 0x553c, 0x7534, 0x7534, 0x7534, 0x7534, 0x7534, 0x753c,
  0x5534, 0xb644, 0x5534, 0x7534, 0x7534, 0x7534, 0x5534, 0x5534, 0x5534, 0x7534, 0xd31b, 0x317c,
  0x317c, 0xd31b, 0x763c, 0x553c, 0x7534, 0x7534, 0x753c, 0x7534, 0x7534, 0x7534, 0xd744, 0x7534,
  0x753c, 0x753c, 0x7534, 0x753c, 0x7534, 0x7534, 0x7534, 0x5534, 0xb644, 0x7534, 0x7534, 0x7534,
  0x7534, 0x7534, 0x7534, 0x7534, 0x753c, 0x553c, 0xf74c, 0x7534, 0x753c, 0x753c, 0x7534, 0x553c,
  0x973c, 0x4f33, 0x443a, 0x496b, 0x51b5, 0x8fa4, 0x8e9c, 0x10ad, 0x4d94, 0x2c8c, 0xc762, 0x0c8c,
  0xefa4, 0xafa4, 0xf0a4, 0x6e94, 0x6d94, 0x2c84, 0x0b7c, 0x896b, 0x475b, 0x475b, 0x475b, 0x475b,
  0x0974, 0x913b, 0xcf2b, 0x8a5b, 0xc76b, 0x0c54, 0x8c4b, 0x494b, 0x4c43, 0x074b, 0xca5b, 0xc63a,
  0x073b, 0xd12b, 0x5924, 0x7724, 0x742c, 0x572c, 0x7624, 0x7534, 0xd644, 0x762c, 0x553c, 0x553c,
  0x7534, 0x7534, 0x5534, 0x7534, 0x7534, 0x753c, 0xb644, 0x7534, 0x753c, 0x7534, 0x7534, 0x7534,
  0x7534, 0x7534, 0x7534, 0x963c, 0xd64c, 0x5534, 0x7534, 0x7534, 0x753c, 0x753c, 0x7534, 0x7534,
  0x7534, 0x9544, 0xb644, 0x7534, 0x753c, 0x5534, 0x0c3b, 0xc742, 0x8953, 0xcb6b, 0x8b5b, 0x464b,
  0xc45a, 0x066b, 0xb434, 0x3344, 0x743c, 0x9824, 0x9544, 0x2c74, 0x448b, 0xd644, 0xdb34, 0x724c,
  0x4953, 0x065b, 0x0763, 0x0763, 0x476b, 0x476b, 0x8e23, 0xf544, 0xd644, 0xb82c, 0x9a2c, 0x7734,
  0x763c, 0x9834, 0x5644, 0x4d3b, 0x4853, 0x8a53, 0x0663, 0x8d63, 0x1113, 0x8e1a, 0x726c, 0x36be,
  0xb3c5, 0xf6cd, 0x93bd, 0xcf9c, 0x14ce, 0x92c5, 0x72bd, 0x31b5, 0x10b5, 0xefac, 0xcfa4, 0xae9c,
  0x4d94, 0xae9c, 0x2c7c, 0xcc6b, 0x496b, 0x8c73, 0x4c94, 0xcc6b, 0xce94, 0x0c8c, 0xcfa4, 0x11ad,
  0xf0a4, 0x32b5, 0x11ad, 0x11ad, 0x31b5, 0xf0ac, 0xf0ac, 0xf0ac, 0x11b5, 0x31b5, 0x31b5, 0x72bd,
  0x51bd, 0x72bd, 0x72bd, 0x51b5, 0xefa4, 0x0c84, 0x2c84, 0xd2b5, 0x6d94, 0x8973, 0x075b, 0x4653,
  0x0643, 0x055b, 0x0a43, 0x8d33, 0x4f2b, 0xf754, 0x7534, 0x7634, 0x3334, 0x0d3b, 0xc44a, 0x8d2b,
  0x1134, 0x753c, 0x7634, 0xb74c, 0x7534, 0x753c, 0x7534, 0x7534, 0x7534, 0x7534, 0x753c, 0x753c,
  0x7534, 0xd744, 0x7534, 0x7534, 0x7534, 0x7534, 0x7534, 0x7534, 0x7534, 0x7634, 0xd31b, 0x307c,
  0x317c, 0xd31b, 0x763c, 0x553c, 0x7534, 0x7534, 0x553c, 0x7534, 0x7534, 0x5534, 0xb744, 0x5534,
  0x753c, 0x7534, 0x7534, 0x753c, 0x7534, 0x7534, 0x7534, 0x5534, 0xb644, 0x7534, 0x7534, 0x7534,
  0x7534, 0x7534, 0x7534, 0x7534, 0x753c, 0x553c, 0xf74c, 0x7534, 0x7634, 0x753c, 0x7534, 0x553c,
  0x973c, 0x9033, 0x864a, 0x8a73, 0xafa4, 0xd0a4, 0x8ea4, 0x0c94, 0xd0a4, 0x6d94, 0x6e94, 0xd3bd,
  0x71b5, 0x2d8c, 0xcfa4, 0x4d94, 0x4d8c, 0x0b84, 0xca7b, 0x886b, 0x475b, 0x8863, 0x485b, 0x475b,
  0xc973, 0x8a5b, 0x8a4b, 0x475b, 0x886b, 0x475b, 0x0843, 0xc542, 0xc44a, 0x054b, 0x8863, 0x8352,
  0x0643, 0x8e23, 0xd41b, 0x1424, 0x742c, 0x733c, 0x7534, 0x753c, 0xb64c, 0x7534, 0x553c, 0x7534,
  0x7534, 0x7534, 0x7534, 0x7534, 0x7534, 0x753c, 0xb644, 0x7534, 0x7534, 0x7534, 0x7534, 0x7534,
  0x7534, 0x7534, 0x7534, 0x963c, 0xb64c, 0x5534, 0x7534, 0x7534, 0x7534, 0x7534, 0x7534, 0x7534,
  0x7534, 0x9544, 0xb644, 0x7534, 0x7534, 0x7634, 0x4a53, 0x4993, 0x51dd, 0xadb4, 0x2aac, 0x11c5,
  0x4da4, 0x8a5b, 0x7624, 0x7634, 0xb52c, 0x342c, 0x152c, 0xb834, 0xca5b, 0x888b, 0xf674, 0x991c,
  0x7344, 0x4953, 0xc983, 0x066b, 0x076b, 0x8b94, 0xce53, 0x744c, 0x7534, 0x4a43, 0x0643, 0x8c43,
  0x5624, 0x792c, 0x792c, 0x8e33, 0xc44a, 0x0974, 0x887b, 0x4863, 0x4f2b, 0x110b, 0x5123, 0x5495,
  0xd5c5, 0x94bd, 0x12ad, 0x71b5, 0x30b5, 0xb3c5, 0x92bd, 0x30b5, 0xcfa4, 0xefac, 0x4d94, 0xcb83,
  0x8a73, 0x8e94, 0x0c84, 0x52b5, 0x51b5, 0xd4bd, 0x10ad, 0xf0ac, 0x52bd, 0x10ad, 0x72b5, 0x93bd,
  0x52b5, 0x52b5, 0x73bd, 0x52b5, 0x52bd, 0x72bd, 0x72bd, 0x72bd, 0x72bd, 0x72bd, 0xb3c5, 0x51b5,
  0xf0ac, 0xcfa4, 0x8e9c, 0x4d8c, 0xcb7b, 0x4863, 0x4863, 0x8d8c, 0x475b, 0x065b, 0x0653, 0x464b,
  0xc542, 0xc54a, 0xd243, 0xb934, 0x9734, 0x184d, 0x5534, 0x753c, 0x1334, 0xd133, 0x3234, 0x373c,
  0x773c, 0x7634, 0x7534, 0xd644, 0x7434, 0x753c, 0x7534, 0x7534, 0x7534, 0x7534, 0x7534, 0x753c,
  0x7534, 0xd744, 0x7534, 0x7534, 0x7534, 0x7534, 0x7534, 0x7534, 0x7534, 0x7634, 0xd31b, 0x307c,
  0x317c, 0xd31b, 0x763c, 0x553c, 0x7534, 0x7534, 0x753c, 0x7534, 0x7534, 0x5534, 0xd744, 0x5534,
  0x7534, 0x7534, 0x7534, 0x7534, 0x7534, 0x7534, 0x7534, 0x5534, 0xb644, 0x7534, 0x7534, 0x7534,
  0x7534, 0x7534, 0x7534, 0x7534, 0x753c, 0x7534, 0xf74c, 0x7534, 0x7534, 0x7534, 0x7534, 0x7534,
  0x9734, 0x9033, 0xc652, 0xc862, 0x31ad, 0x31b5, 0xcfac, 0x8e9c, 0x56d6, 0x8e9c, 0xc762, 0x8e9c,
  0x6d94, 0x4552, 0x8f9c, 0x8e94, 0x0c84, 0xca7b, 0x8973, 0x896b, 0x8863, 0x4863, 0x485b, 0x475b,
  0x0a74, 0x4763, 0x4763, 0x8763, 0x8873, 0x4863, 0x0753, 0x074b, 0x064b, 0x0653, 0xca7b, 0x0c33,
  0xd423, 0xd323, 0xd423, 0x562c, 0x7534, 0x7534, 0x7534, 0x753c, 0xb744, 0x5634, 0x553c, 0x7534,
  0x7534, 0x7534, 0x7534, 0x7534, 0x7534, 0x753c, 0xb644, 0x7534, 0x7534, 0x7534, 0x7534, 0x7534,
  0x7534, 0x7534, 0x7534, 0x963c, 0xb64c, 0x5534, 0x7534, 0x7534, 0x7534, 0x7534, 0x7534, 0x7534,
  0x7534, 0x9544, 0xb644, 0x7534, 0x7634, 0x7734, 0x0763, 0x2b94, 0x6e9c, 0x6e94, 0x2a8c, 0x4d9c,
  0x1354, 0x753c, 0x772c, 0x543c, 0x752c, 0x9454, 0x0f6c, 0x762c, 0x7534, 0x724c, 0x2d94, 0x7364,
  0xb64c, 0xcd5b, 0xca83, 0x5164, 0xd23b, 0x2f6c, 0x0a53, 0x8e6b, 0x4b53, 0x8773, 0x2ba4, 0x0a9c,
  0x475b, 0x895b, 0xc973, 0xc973, 0x4b8c, 0x2c7c, 0x2e74, 0x2a9c, 0x0fad, 0x0e2b, 0xcd22, 0xb4b5,
  0xb2cd, 0xd4cd, 0xf4cd, 0xf4cd, 0x92c5, 0xb3c5, 0x92bd, 0x10b5, 0xaea4, 0xefa4, 0xafa4, 0xefa4,
  0xcb7b, 0x8e94, 0x8fa4, 0x11bd, 0xf1b4, 0xf0a4, 0xd4c5, 0xb3cd, 0xf4d5, 0xd3c5, 0xd3c5, 0x15ce,
  0xd4c5, 0x73bd, 0x93bd, 0x52bd, 0x92bd, 0x92bd, 0x72bd, 0x52bd, 0x72bd, 0xb3c5, 0x31b5, 0xefac,
  0xafa4, 0x0c8c, 0xcb7b, 0x0b84, 0x4863, 0x0753, 0x0753, 0x4b7c, 0x8a5b, 0x4a5b, 0x4753, 0x0743,
  0xc542, 0x8d3b, 0x773c, 0x7634, 0x7534, 0xf54c, 0x7534, 0x553c, 0x1234, 0x092b, 0x763c, 0x7634,
  0x7534, 0x7534, 0x7534, 0xb644, 0x7534, 0x753c, 0x7534, 0x7534, 0x7534, 0x7534, 0x7534, 0x7534,
  0x7534, 0xd744, 0x5534, 0x7534, 0x7534, 0x7534, 0x7534, 0x7534, 0x7534, 0x7634, 0xd31b, 0x307c,
  0x317c, 0xd31b, 0x763c, 0x553c, 0x7534, 0x7534, 0x753c, 0x7534, 0x7534, 0x5534, 0xd744, 0x5534,
  0x7534, 0x7534, 0x7534, 0x7534, 0x7534, 0x7534, 0x7534, 0x5534, 0xb644, 0x7534, 0x7534, 0x7534,
  0x7534, 0x7534, 0x7534, 0x7534, 0x7534, 0x7534, 0xf74c, 0x7534, 0x7534, 0x7534, 0x7534, 0x7534,
  0x7734, 0x113c, 0x886b, 0x0973, 0xcc83, 0x72b5, 0xafa4, 0x8fa4, 0x72b5, 0x10ad, 0x6e9c, 0x30ad,
  0x8a7b, 0xc75a, 0x6e94, 0x8e9c, 0x4d94, 0x6d94, 0x4c8c, 0xea7b, 0x886b, 0x4863, 0x485b, 0x475b,
  0x4b7c, 0x4863, 0x895b, 0x475b, 0x4853, 0x464b, 0x065b, 0x064b, 0x4863, 0x4763, 0xce43, 0xd41b,
  0x972c, 0x7634, 0x763c, 0x7534, 0x7534, 0x5634, 0x7634, 0x753c, 0xb644, 0x7534, 0x553c, 0x7534,
  0x7634, 0x7534, 0x7534, 0x7534, 0x7534, 0x753c, 0xb744, 0x7534, 0x7534, 0x7534, 0x7534, 0x7534,
  0x7534, 0x7534, 0x7534, 0x963c, 0xd64c, 0x5534, 0x7534, 0x7534, 0x7534, 0x7534, 0x7534, 0x7534,
  0x7534, 0x9544, 0xb644, 0x5534, 0x7634, 0x762c, 0x0a8c, 0x6ca4, 0x298c, 0x0dbd, 0x32bd, 0x0b84,
  0x7524, 0xb734, 0xb644, 0x7634, 0x772c, 0x715c, 0x0e74, 0x772c, 0x5434, 0xfa2c, 0x0e5c, 0x0e5c,
  0xb824, 0xce53, 0x8683, 0x5334, 0xdb1c, 0x115c, 0x0b8c, 0x2d8c, 0x30c5, 0x93bd, 0x12ad, 0xcfac,
  0xcdc4, 0xaeac, 0x8da4, 0xafac, 0x6eac, 0x51bd, 0x8c63, 0xacb4, 0x4d94, 0xd20a, 0x1013, 0x7395,
  0xf3cd, 0x72bd, 0x93bd, 0xb3c5, 0x92c5, 0x92c5, 0x10b5, 0x51bd, 0x10ad, 0x4d94, 0x2d8c, 0xd0a4,
  0x11a5, 0x51b5, 0xf0a4, 0x31b5, 0xf4c5, 0x15ce, 0xf5c5, 0xf4cd, 0xf4c5, 0xf4cd, 0xd4c5, 0xf5cd,
  0x93bd, 0x93c5, 0x73bd, 0x72bd, 0xf0ac, 0xf0ac, 0xb3c5, 0xb3c5, 0x92c5, 0xb3c5, 0x11b5, 0x10ad,
  0xcfa4, 0xcf9c, 0x0b84, 0x896b, 0xc652, 0x8963, 0x485b, 0x0853, 0x4853, 0x093b, 0x0b33, 0x886b,
  0x2b43, 0x9634, 0x962c, 0x563c, 0x7534, 0x174d, 0x5534, 0x963c, 0x332c, 0x433a, 0x3334, 0x9634,
  0x7534, 0x7534, 0x7534, 0xb64c, 0x7534, 0x553c, 0x7534, 0x7534, 0x7534, 0x7534, 0x7534, 0x7534,
  0x7534, 0xd744, 0x5534, 0x7534, 0x7534, 0x7534, 0x7534, 0x7534, 0x7534, 0x7634, 0xd31b, 0x307c,
  0x317c, 0xd31b, 0x7634, 0x7534, 0x7534, 0x7534, 0x753c, 0x7534, 0x7534, 0x5534, 0xd744, 0x5534,
  0x7534, 0x7534, 0x7534, 0x7534, 0x7534, 0x7534, 0x7534, 0x5534, 0xb644, 0x7534, 0x7534, 0x7534,
  0x7534, 0x7534, 0x7534, 0x7534, 0x7534, 0x7534, 0xf74c, 0x7534, 0x7534, 0x7534, 0x7534, 0x7534,
  0x7634, 0x7634, 0x4b53, 0x6d9c, 0x8c7b, 0xf0a4, 0x10ad, 0xcfac, 0xafa4, 0xcb83, 0x31b5, 0x6e9c,
  0x086b, 0x4973, 0xefa4, 0xefa4, 0x4d94, 0x4c8c, 0x0c8c, 0xca7b, 0x896b, 0x8863, 0x475b, 0x0653,
  0x0a74, 0x4763, 0x4763, 0x475b, 0x4753, 0x064b, 0xc64a, 0x064b, 0x065b, 0xc54a, 0x3434, 0x5534,
  0x7434, 0x7534, 0x7634, 0x7534, 0x7534, 0x7534, 0x7534, 0x753c, 0xb644, 0x7534, 0x7534, 0x7534,
  0x7534, 0x7534, 0x7534, 0x7534, 0x7534, 0x753c, 0xb644, 0x7534, 0x7534, 0x7534, 0x7534, 0x7534,
  0x7534, 0x7534, 0x7534, 0x963c, 0xd644, 0x5534, 0x7534, 0x7534, 0x7534, 0x7534, 0x7534, 0x7534,
  0x7534, 0x9544, 0xb644, 0x5534, 0x563c, 0x3724, 0xad9c, 0x4abc, 0xb094, 0x6e94, 0xaebc, 0xf19c,
  0x3434, 0x7534, 0x752c, 0x962c, 0x5634, 0x782c, 0x7824, 0x7734, 0x7254, 0x7264, 0x7544, 0x7434,
  0x772c, 0x763c, 0xcc6b, 0x0d7c, 0xb734, 0x7344, 0x6d84, 0x0fcd, 0xaea4, 0x70bd, 0xf4c5, 0xada4,
  0x0db5, 0xcfa4, 0xaeac, 0xaf9c, 0x6f94, 0xf0ac, 0xefb4, 0x10ad, 0x0c33, 0x110b, 0x8e0a, 0x3485,
  0x77d6, 0xf0ac, 0x31b5, 0xb3c5, 0x72c5, 0x51bd, 0x31b5, 0x51bd, 0xcfac, 0xcfac, 0x0c8c, 0x8f9c,
  0xf0a4, 0xb3c5, 0xd0a4, 0xb3bd, 0x15ce, 0xf4cd, 0xf4cd, 0xf4cd, 0xf4cd, 0xd4c5, 0xb3c5, 0xf4c5,
  0xd4c5, 0x15ce, 0xb3c5, 0x52b5, 0xcfa4, 0xcc83, 0x8a73, 0xcf9c, 0x92c5, 0x72c5, 0x6e9c, 0x30ad,
  0x10ad, 0x6c8c, 0x486b, 0x475b, 0x4863, 0x8963, 0x4c7c, 0x495b, 0xcc2a, 0x5313, 0x0b2b, 0xc57b,
  0xc54a, 0x123c, 0x9734, 0x7534, 0x7534, 0xf744, 0x772c, 0xb82c, 0x094b, 0x4b33, 0x7634, 0x753c,
  0x7534, 0x7534, 0x7534, 0xb644, 0x7534, 0x753c, 0x7534, 0x7534, 0x7534, 0x7534, 0x7534, 0x7534,
  0x7534, 0xd744, 0x5534, 0x7534, 0x7534, 0x7534, 0x7534, 0x7534, 0x7534, 0x9634, 0xd31b, 0x307c,
  0x317c, 0xd31b, 0x763c, 0x553c, 0x7534, 0x7534, 0x553c, 0x7534, 0x7534, 0x5534, 0xd744, 0x5534,
  0x753c, 0x7534, 0x7534, 0x753c, 0x7534, 0x7534, 0x7534, 0x5534, 0xb644, 0x7534, 0x7534, 0x7534,
  0x7534, 0x7534, 0x7534, 0x7534, 0x7534, 0x7534, 0xf74c, 0x7534, 0x7534, 0x7534, 0x7534, 0x7534,
  0x7534, 0x7634, 0xd23b, 0xcb83, 0x8fa4, 0x8b83, 0x0fad, 0xafac, 0xcfac, 0xaf9c, 0x31b5, 0x31b5,
  0xcb83, 0x4a73, 0x6d94, 0x6d94, 0x4d94, 0x2c8c, 0x2c8c, 0x0b7c, 0xa96b, 0x8963, 0x475b, 0xc54a,
  0x0b74, 0x4753, 0x885b, 0x4853, 0x0653, 0x054b, 0x064b, 0x074b, 0x0843, 0xc742, 0xf74c, 0x7534,
  0x7534, 0x7534, 0x7634, 0x7634, 0x7534, 0x7534, 0x7534, 0x753c, 0xb644, 0x5534, 0x553c, 0x7534,
  0x7534, 0x7534, 0x7534, 0x7534, 0x7534, 0x763c, 0xb644, 0x7534, 0x7534, 0x7534, 0x7534, 0x7534,
  0x7534, 0x7534, 0x7534, 0x963c, 0xd64c, 0x5534, 0x7534, 0x7534, 0x7534, 0x7534, 0x7534, 0x7534,
  0x7534, 0x9544, 0xb544, 0x5634, 0x7534, 0x5634, 0x3154, 0x0a84, 0xedb4, 0xada4, 0xb17c, 0xd32b,
  0x371c, 0x752c, 0x3244, 0xd043, 0x303c, 0x305c, 0xd37c, 0xb62c, 0xd534, 0x5485, 0x7354, 0x762c,
  0x553c, 0x962c, 0xcf5b, 0x744c, 0xf924, 0xb544, 0x2f54, 0xeea4, 0x6d84, 0xcdac, 0x31c5, 0x0f6c,
  0x8d9c, 0x31bd, 0x30bd, 0x71bd, 0xcea4, 0xaea4, 0x30bd, 0x51bd, 0x8c7b, 0xca42, 0x4a12, 0x8d63,
  0x6e94, 0x51bd, 0x51b5, 0x51bd, 0x51b5, 0x51bd, 0x51b5, 0x92c5, 0x92c5, 0x71bd, 0xcfa4, 0xcfa4,
  0xb4c5, 0x36ce, 0x32b5, 0x52b5, 0x52b5, 0xd4c5, 0xd4c5, 0xb4c5, 0x93bd, 0x52bd, 0x52b5, 0x93bd,
  0x72bd, 0x93bd, 0x93bd, 0x72bd, 0x72bd, 0xaf9c, 0xcb7b, 0xc752, 0xae9c, 0x72bd, 0x10ad, 0xae94,
  0x4c8c, 0x0b84, 0x4863, 0x4863, 0x485b, 0x6863, 0xca73, 0x8c84, 0x887b, 0x4f33, 0x530b, 0x0c43,
  0x4663, 0xca3a, 0x753c, 0x743c, 0x5534, 0x194d, 0xd13b, 0xad43, 0x8452, 0x9033, 0x9634, 0x553c,
  0x7534, 0x753c, 0x7534, 0xb644, 0x7534, 0x753c, 0x7534, 0x7534, 0x7534, 0x7534, 0x7534, 0x753c,
  0x553c, 0xb744, 0x5534, 0x7534, 0x7534, 0x7534, 0x7534, 0x7534, 0x7534, 0x7634, 0xd31b, 0x307c,
  0x317c, 0xd31b, 0x763c, 0x553c, 0x7534, 0x7534, 0x553c, 0x7534, 0x7534, 0x5534, 0xd744, 0x5534,
  0x753c, 0x753c, 0x7534, 0x553c, 0x7534, 0x7534, 0x7534, 0x5534, 0x964c, 0x7534, 0x7534, 0x7534,
  0x7534, 0x7534, 0x7534, 0x7534, 0x553c, 0x553c, 0xd74c, 0x7534, 0x7534, 0x7534, 0x7534, 0x7534,
  0x7534, 0x7534, 0x9724, 0x8d63, 0xb2cd, 0x0c84, 0x10bd, 0xefb4, 0xd2ac, 0x6d94, 0x92c5, 0xf0ac,
  0xd3c5, 0xec8b, 0x2c8c, 0x6d9c, 0x6d94, 0x2c8c, 0x4c8c, 0xca7b, 0x8863, 0x475b, 0x0653, 0x8863,
  0x6c7c, 0x0753, 0x4753, 0x0853, 0x064b, 0x0653, 0x465b, 0x065b, 0x475b, 0x872a, 0xd744, 0x7534,
  0x7434, 0x7534, 0x553c, 0x7534, 0x7534, 0x7534, 0x7534, 0x753c, 0xb644, 0x7534, 0x553c, 0x7534,
  0x753c, 0x7534, 0x7534, 0x7534, 0x7534, 0x763c, 0xb744, 0x7534, 0x753c, 0x753c, 0x7534, 0x7534,
  0x7534, 0x7534, 0x7534, 0x763c, 0xb64c, 0x5534, 0x7534, 0x7534, 0x7534, 0x553c, 0x7534, 0x7534,
  0x7534, 0x963c, 0xb544, 0x553c, 0x7534, 0x553c, 0x762c, 0x7524, 0x132c, 0xd41b, 0x180c, 0x5444,
  0x119d, 0x30b5, 0x50cd, 0x0fcd, 0x4ebd, 0x2fc5, 0xd5dd, 0xd644, 0x961c, 0xd73c, 0xb73c, 0x543c,
  0x9534, 0x7534, 0x743c, 0x953c, 0x9744, 0xb83c, 0x9634, 0xb54c, 0x7534, 0x743c, 0x954c, 0x782c,
  0x31bd, 0xb3d5, 0xf4d5, 0x14d6, 0xf3cd, 0x91c5, 0xefac, 0x51bd, 0x71cd, 0x30bd, 0x8f8c, 0x8f9c,
  0x92bd, 0x51bd, 0x31b5, 0x51b5, 0x72bd, 0x92bd, 0x51bd, 0x51bd, 0x51b5, 0xefac, 0x6d94, 0x2d8c,
  0xcc83, 0x8f94, 0x36ce, 0xd4c5, 0x52b5, 0xd4c5, 0x93bd, 0x93bd, 0x93bd, 0x52bd, 0x10ad, 0x31b5,
  0xf0ac, 0x10ad, 0x31b5, 0x31b5, 0x31b5, 0x10a5, 0xcf9c, 0x0b7c, 0x8e94, 0x51b5, 0x2d8c, 0xcb73,
  0x8552, 0x4c84, 0x896b, 0x485b, 0x896b, 0xca73, 0x896b, 0x2d74, 0xcd12, 0x9123, 0xd413, 0x4d33,
  0x055b, 0x0a33, 0x753c, 0x543c, 0x1524, 0x7544, 0x854a, 0x014a, 0x887b, 0x333c, 0x7634, 0x553c,
  0x7534, 0x753c, 0x7534, 0xb644, 0x7534, 0x553c, 0x7534, 0x7534, 0x7534, 0x7534, 0x753c, 0x753c,
  0x553c, 0xb744, 0x5534, 0x753c, 0x7534, 0x7534, 0x7534, 0x7534, 0x7534, 0x763c, 0xd31b, 0x307c,
  0x317c, 0xd31b, 0x763c, 0x553c, 0x7534, 0x7534, 0x553c, 0x7534, 0x7534, 0x5534, 0xd744, 0x7534,
  0x753c, 0x7534, 0x7534, 0x7534, 0x7534, 0x7534, 0x7534, 0x5534, 0xb644, 0x7534, 0x7534, 0x7534,
  0x7534, 0x7534, 0x7534, 0x7534, 0x7534, 0x7534, 0xf74c, 0x7534, 0x7534, 0x7534, 0x7534, 0x7534,
  0x7534, 0x7534, 0x7534, 0x3624, 0x716c, 0x8d9c, 0x52bd, 0x72c5, 0xf1b4, 0x0c94, 0x0c94, 0xcfac,
  0x8fa4, 0xf0ac, 0xf0ac, 0x6d94, 0x2c94, 0x4c94, 0x4c8c, 0xa973, 0x4863, 0x0653, 0x0753, 0xc96b,
  0x0a74, 0x0653, 0x865b, 0x0653, 0x464b, 0x075b, 0x0663, 0x4863, 0xc84a, 0x8f2b, 0x184d, 0x5534,
  0x7534, 0x7534, 0x7534, 0x7534, 0x7534, 0x7534, 0x7534, 0x753c, 0xb644, 0x7534, 0x553c, 0x7534,
  0x7534, 0x7534, 0x7534, 0x7534, 0x7534, 0x763c, 0xb744, 0x5534, 0x7534, 0x7534, 0x7534, 0x7534,
  0x7534, 0x7534, 0x7534, 0x963c, 0xb64c, 0x5534, 0x7534, 0x7534, 0x7534, 0x7534, 0x7534, 0x7534,
  0x7534, 0xb63c, 0xb544, 0x553c, 0x7534, 0x7534, 0x562c, 0x5344, 0x10ad, 0x0dc5, 0x30bd, 0x30c5,
  0x50cd, 0x92dd, 0xb2d5, 0x34ce, 0xf4d5, 0xf2dd, 0xb2c5, 0x521b, 0x1c15, 0x7b35, 0xf944, 0x5534,
  0x7634, 0x7634, 0x7724, 0x743c, 0x725c, 0x9734, 0x5634, 0xb64c, 0x7534, 0xb544, 0xb54c, 0x3434,
  0xb2cd, 0x34e6, 0x14d6, 0x34d6, 0xd3cd, 0xd4cd, 0x31bd, 0x31b5, 0x51b5, 0x51bd, 0xf3d5, 0xf3d5,
  0x92c5, 0xb3c5, 0x72bd, 0x93bd, 0x93c5, 0x51bd, 0x30b5, 0x10b5, 0xf0ac, 0xcfa4, 0xaf9c, 0x2c84,
  0xc75a, 0xcb73, 0x4d84, 0x72b5, 0x31b5, 0x93bd, 0x52b5, 0x72b5, 0x72bd, 0x31b5, 0x30b5, 0x10b5,
  0xcfa4, 0xcfa4, 0x6d94, 0x0b8c, 0x0c8c, 0xad94, 0x4863, 0x4963, 0xc652, 0xae94, 0x4863, 0x8963,
  0x6c84, 0x896b, 0xca6b, 0xca73, 0x896b, 0x896b, 0x4863, 0x4d84, 0xb03b, 0x1414, 0x9213, 0xce5b,
  0x0a43, 0xd123, 0x352c, 0xca3a, 0x853a, 0x4863, 0xc84a, 0x9133, 0x3524, 0xb924, 0x553c, 0x553c,
  0x7534, 0x7534, 0x7534, 0xb644, 0x7534, 0x553c, 0x7534, 0x7534, 0x7534, 0x7534, 0x7534, 0x753c,
  0x7534, 0xb744, 0x7534, 0x7534, 0x7534, 0x7534, 0x7534, 0x7534, 0x7534, 0x7634, 0xd31b, 0x307c,
  0x317c, 0xd31b, 0x7634, 0x7534, 0x7534, 0x7534, 0x7534, 0x7534, 0x7534, 0x7534, 0xd744, 0x7534,
  0x7534, 0x7534, 0x7534, 0x7534, 0x7534, 0x7534, 0x7534, 0x5534, 0xb644, 0x7534, 0x7534, 0x7534,
  0x7534, 0x7534, 0x7534, 0x7534, 0x7534, 0x7534, 0xf74c, 0x7534, 0x7534, 0x7534, 0x7534, 0x7534,
  0x7534, 0x7534, 0x7534, 0x7634, 0x954c, 0xd23b, 0x2c8c, 0x71bd, 0xf1b4, 0x30bd, 0x6d94, 0x0973,
  0xcc8b, 0xcfa4, 0x11ad, 0xafa4, 0x2c94, 0x4c94, 0x2b84, 0xca73, 0xca73, 0x475b, 0xc54a, 0xca6b,
  0xca6b, 0x0653, 0x4753, 0x0853, 0x475b, 0x065b, 0x4753, 0x0b2b, 0x7534, 0xf73c, 0xf744, 0x5534,
  0x7534, 0x7534, 0x7634, 0x7634, 0x7534, 0x7534, 0x7534, 0x753c, 0xb644, 0x7534, 0x7534, 0x7534,
  0x7534, 0x7534, 0x7534, 0x7534, 0x7534, 0x753c, 0xb644, 0x7534, 0x7534, 0x7534, 0x7534, 0x7534,
  0x7534, 0x7534, 0x7534, 0x963c, 0xd74c, 0x5534, 0x7534, 0x7534, 0x7534, 0x7534, 0x7534, 0x753c,
  0x7534, 0x9644, 0xb63c, 0x543c, 0x7634, 0x552c, 0x525c, 0xcfb4, 0xefbc, 0x72cd, 0xd4d5, 0x93cd,
  0x92cd, 0xd3d5, 0xf4d5, 0x35de, 0xd7e6, 0xb6e6, 0xd3dd, 0x9464, 0xf81c, 0x1835, 0x7534, 0x9724,
  0x7534, 0x332c, 0x3724, 0xd42b, 0x342c, 0x762c, 0x563c, 0xb644, 0x9634, 0x752c, 0x3424, 0x8f7c,
  0xf2d5, 0x14d6, 0x14d6, 0x14d6, 0xd4cd, 0xb3c5, 0xf4cd, 0x51b5, 0xf0ac, 0x30b5, 0x10b5, 0x51b5,
  0x93bd, 0x93bd, 0x72bd, 0x92bd, 0x93c5, 0x31b5, 0x10b5, 0x10b5, 0x11b5, 0x92bd, 0xaf9c, 0x51ad,
  0x6d8c, 0x4963, 0x4d84, 0x31ad, 0xf0ac, 0x10b5, 0x31b5, 0x51b5, 0x51b5, 0x51b5, 0x30b5, 0x31b5,
  0x10ad, 0xae9c, 0x2c8c, 0xcb83, 0x486b, 0x8973, 0x4863, 0x8963, 0x864a, 0x8963, 0xc652, 0x854a,
  0x854a, 0xc64a, 0x896b, 0x2b7c, 0xca73, 0xca73, 0x495b, 0x0a94, 0xcea4, 0x8f1b, 0x921b, 0x1033,
  0xd42b, 0x561c, 0x483b, 0xc742, 0x4d2b, 0xd444, 0x362c, 0xb734, 0x953c, 0x7534, 0x553c, 0x7534,
  0x7534, 0x7534, 0x7534, 0xb644, 0x7534, 0x753c, 0x7534, 0x7534, 0x7534, 0x7534, 0x7534, 0x7534,
  0x7534, 0xd744, 0x7534, 0x7534, 0x7534, 0x7534, 0x7534, 0x7534, 0x7534, 0x7634, 0x931b, 0x307c,
  0x317c, 0xd31b, 0x7534, 0x7534, 0x7534, 0x7534, 0x7534, 0x7534, 0x7534, 0x5534, 0xd644, 0x7534,
  0x7534, 0x7534, 0x7534, 0x7534, 0x7534, 0x7534, 0x7534, 0x5534, 0x9644, 0x7534, 0x7534, 0x7534,
  0x7534, 0x7534, 0x7534, 0x7534, 0x7534, 0x7534, 0xf744, 0x7534, 0x7534, 0x7534, 0x7534, 0x7534,
  0x7534, 0x7534, 0x7534, 0x562c, 0xd65c, 0x5724, 0xd14b, 0x71bd, 0xd4cd, 0x51b5, 0xefa4, 0x10ad,
  0x51b5, 0x72bd, 0x72bd, 0x31b5, 0xefa4, 0x6d94, 0xca7b, 0x0b7c, 0x896b, 0x0653, 0xc652, 0x6863,
  0x8963, 0xc552, 0x0653, 0x075b, 0x475b, 0x0653, 0x0c2b, 0x762c, 0xd834, 0x762c, 0xf64c, 0x5534,
  0x7534, 0x7534, 0x7634, 0x7534, 0x7534, 0x7534, 0x5534, 0x7534, 0xb644, 0x5534, 0x7534, 0x7534,
  0x7534, 0x7534, 0x7534, 0x7534, 0x7534, 0x753c, 0xb644, 0x5534, 0x7534, 0x7534, 0x7534, 0x7534,
  0x7534, 0x7534, 0x7534, 0x953c, 0xb644, 0x5534, 0x7534, 0x7534, 0x7534, 0x7534, 0x7534, 0x553c,
  0x7534, 0x9644, 0x963c, 0x5434, 0x772c, 0x333c, 0x92cd, 0xefbc, 0x11ad, 0x93c5, 0x70cd, 0x71cd,
  0xd2cd, 0x13de, 0xf3d5, 0x14de, 0x55e6, 0x55e6, 0x34e6, 0x75e6, 0xd2e5, 0xf4cd, 0xf54c, 0x1424,
  0x162c, 0x538d, 0x73ee, 0xf89d, 0xf64c, 0x352c, 0x141c, 0x7634, 0xb73c, 0x571c, 0x371c, 0x31b5,
  0x51cd, 0xb4cd, 0xf4d5, 0xf4d5, 0x34de, 0xb2c5, 0xd3c5, 0x92c5, 0x30c5, 0xcebc, 0x72bd, 0x72bd,
  0x52b5, 0x73bd, 0x52bd, 0x72bd, 0x73bd, 0xd4cd, 0xb3c5, 0xd4c5, 0xd4c5, 0x72bd, 0x51b5, 0xb3bd,
  0xef9c, 0xee94, 0x864a, 0x4d8c, 0x92b5, 0x31b5, 0x10ad, 0x31b5, 0x51b5, 0x30b5, 0x10ad, 0x72bd,
  0x6e94, 0x8a73, 0x8b7b, 0x8a73, 0xc75a, 0x4863, 0x075b, 0xc652, 0x8542, 0x475b, 0x0653, 0xc64a,
  0xc64a, 0xc652, 0x0a74, 0x8863, 0x4863, 0x896b, 0xca6b, 0x2d84, 0x2e84, 0xc92a, 0x5013, 0xd313,
  0x5724, 0xb91c, 0x0743, 0x3244, 0xba24, 0xf754, 0x543c, 0x5434, 0x7634, 0x7634, 0x7534, 0x7534,
  0x7534, 0x7534, 0x7534, 0xb644, 0x5534, 0x753c, 0x7534, 0x7534, 0x7534, 0x7534, 0x7534, 0x7534,
  0x7534, 0xb644, 0x5534, 0x7534, 0x7534, 0x7534, 0x7534, 0x7534, 0x7534, 0x7634, 0xd323, 0x317c,
  0x317c, 0xd31b, 0x963c, 0x753c, 0x763c, 0x953c, 0x763c, 0x953c, 0x963c, 0x753c, 0xd74c, 0x753c,
  0x963c, 0x963c, 0x953c, 0x953c, 0x953c, 0x953c, 0x963c, 0x753c, 0xb74c, 0x753c, 0x953c, 0x953c,
  0x953c, 0x963c, 0x963c, 0x963c, 0x963c, 0x753c, 0xd74c, 0x753c, 0x963c, 0x963c, 0x963c, 0x953c,
  0x753c, 0x753c, 0x753c, 0x952c, 0x9564, 0x7634, 0x5424, 0x4ebc, 0x903b, 0x93ad, 0x2c94, 0x6e94,
  0x31b5, 0xb3c5, 0x52bd, 0xefa4, 0xefa4, 0x4c8c, 0xca7b, 0x2c84, 0x4863, 0xc552, 0x8973, 0x075b,
  0x896b, 0xc652, 0x493b, 0x4753, 0x475b, 0x854a, 0x1434, 0xfb34, 0x563c, 0x9634, 0xb554, 0x763c,
  0x963c, 0x953c, 0x963c, 0x753c, 0x953c, 0x753c, 0x963c, 0x963c, 0xb644, 0x753c, 0x953c, 0x963c,
  0x963c, 0x963c, 0x963c, 0x963c, 0x953c, 0x763c, 0xd744, 0x753c, 0x963c, 0x963c, 0x963c, 0x963c,
  0x953c, 0x953c, 0x953c, 0x963c, 0xb64c, 0x753c, 0x963c, 0x963c, 0x963c, 0x953c, 0x953c, 0x953c,
  0x9634, 0x9644, 0x9644, 0x753c, 0x9824, 0x7174, 0x0fcd, 0xcfb4, 0x51bd, 0xb2cd, 0xf3dd, 0xf3dd,
  0xf4d5, 0x55de, 0x13de, 0x34e6, 0x54de, 0x34e6, 0x33ee, 0x14ce, 0x14d6, 0x54e6, 0x56ce, 0xf6a5,
  0xb744, 0x37be, 0x75e6, 0x55de, 0x75ee, 0xb6e6, 0x15be, 0x15b6, 0x4a63, 0x319d, 0x37ce, 0x34e6,
  0x13de, 0xd5d5, 0xf4d5, 0x35de, 0x35de, 0x76de, 0x14ce, 0x92bd, 0x56d6, 0x92c5, 0x30b5, 0x72bd,
  0x93bd, 0x32b5, 0x93c5, 0x72bd, 0xf5c5, 0x15ce, 0xd4c5, 0xf5cd, 0xb3c5, 0x72b5, 0x51b5, 0x72b5,
  0xefa4, 0xef9c, 0x2c84, 0x854a, 0x6d8c, 0x91b5, 0x92bd, 0x31b5, 0xf0ac, 0x10ad, 0xae9c, 0x10ad,
  0x2d8c, 0x2d84, 0x6e8c, 0x0d7c, 0x8a6b, 0x0863, 0x0863, 0x075b, 0x0753, 0x4c7c, 0x8863, 0x6863,
  0x475b, 0x0753, 0xc96b, 0x2b7c, 0x4863, 0x4863, 0x485b, 0x6c7c, 0x0da5, 0x4d4b, 0x5624, 0xd41b,
  0xd72c, 0x1a35, 0x772c, 0x953c, 0x7634, 0xd654, 0x753c, 0x953c, 0x9634, 0x763c, 0x963c, 0x963c,
  0x953c, 0x963c, 0x753c, 0xb74c, 0x753c, 0x963c, 0x963c, 0x953c, 0x953c, 0x953c, 0x953c, 0x963c,
  0x753c, 0xd74c, 0x753c, 0x963c, 0x963c, 0x953c, 0x753c, 0x753c, 0x753c, 0x963c, 0xd323, 0x307c,
  0x317c, 0x3424, 0xd744, 0x9644, 0xb644, 0xb644, 0xb644, 0xb644, 0xb644, 0x9644, 0x1855, 0x9644,
  0xb644, 0xb644, 0xb644, 0xb644, 0xd644, 0xb644, 0xb644, 0x963c, 0xf854, 0xb644, 0xb644, 0xb644,
  0xb644, 0xb644, 0xb644, 0xb644, 0xb644, 0x9644, 0x1755, 0xb644, 0xb644, 0xd644, 0xd644, 0xd644,
  0xd644, 0xd644, 0xb64c, 0xb53c, 0x1955, 0x7254, 0xf734, 0x947c, 0x736c, 0x9274, 0x70bd, 0x496b,
  0xcc7b, 0xf0a4, 0x72bd, 0xf0ac, 0xcfa4, 0x6c8c, 0x0b84, 0xca7b, 0x4c84, 0x4a5b, 0x4b5b, 0x4963,
  0x4a5b, 0x8f3b, 0x3c35, 0x323c, 0x4b4b, 0x466b, 0x723c, 0x393d, 0xb454, 0xd73c, 0xf664, 0x9644,
  0xd744, 0xd644, 0xb744, 0xb64c, 0xd644, 0xb644, 0xb644, 0xb644, 0xf74c, 0xb644, 0xb64c, 0xd744,
  0xb644, 0xb644, 0xb644, 0xb644, 0xb644, 0xb644, 0xf74c, 0x9644, 0xb644, 0xb644, 0xb644, 0xb644,
  0xb644, 0xb644, 0xb644, 0xb644, 0xf754, 0x9644, 0xb644, 0xb644, 0xb644, 0xb644, 0xb644, 0xb644,
  0xb63c, 0xb74c, 0xd654, 0x763c, 0x552c, 0xd0ac, 0x51cd, 0x93c5, 0xd3d5, 0xf4cd, 0xf5cd, 0x14de,
  0xf4dd, 0xf4d5, 0xf4d5, 0x14de, 0x34de, 0x55d6, 0x15e6, 0xf5dd, 0xf2d5, 0x14de, 0xf5d5, 0xd7ee,
  0xf9ee, 0xb7e6, 0xb8de, 0x96e6, 0x97e6, 0x76e6, 0x76d6, 0x97ee, 0xd3dd, 0x76be, 0x77d6, 0xb4c5,
  0xd2d5, 0xd3cd, 0x12de, 0x14d6, 0x36d6, 0x56de, 0x96e6, 0x76d6, 0x8f43, 0x758d, 0xb1d5, 0x52b5,
  0xb4b5, 0x10b5, 0x50bd, 0xb4c5, 0xb4c5, 0xd4c5, 0xb3bd, 0x15ce, 0xf4cd, 0x35d6, 0x52b5, 0x31ad,
  0xd3bd, 0xb3bd, 0x0f9d, 0xae8c, 0x085b, 0xc74a, 0x4a6b, 0xb3bd, 0x51b5, 0xefa4, 0x4d94, 0xefa4,
  0xcc83, 0x2d84, 0x8b6b, 0x4e84, 0xf5bd, 0x8a6b, 0x8a6b, 0x8a6b, 0x485b, 0x2c74, 0xcb73, 0x8963,
  0x8963, 0x896b, 0x4c7c, 0xc96b, 0x896b, 0xca6b, 0x085b, 0x4a7c, 0x0874, 0xd343, 0x9744, 0xf634,
  0x1745, 0x174d, 0x1845, 0xb64c, 0xb644, 0x3755, 0xb73c, 0xd64c, 0xd64c, 0xd44c, 0xb64c, 0xb744,
  0xd644, 0xd744, 0xb644, 0xf754, 0x9644, 0xb644, 0xb644, 0xb644, 0xb644, 0xb644, 0xb644, 0xb644,
  0x9644, 0x1855, 0x9644, 0xb644, 0xb644, 0xb644, 0xb644, 0xb644, 0xb644, 0xd744, 0x1424, 0x317c,
  0x317c, 0xd31b, 0x7534, 0x7534, 0x5534, 0x5534, 0x5534, 0x5534, 0x7534, 0x5534, 0xb644, 0x5534,
  0x7534, 0x7534, 0x7534, 0x7534, 0x553c, 0x7534, 0x7534, 0x5534, 0x9644, 0x7534, 0x7534, 0x7534,
  0x7534, 0x7534, 0x7534, 0x7534, 0x7534, 0x5534, 0xd744, 0x7534, 0x7534, 0x7534, 0x7534, 0x7534,
  0x7534, 0x7534, 0x553c, 0x742c, 0x9954, 0x532c, 0x553c, 0x370c, 0xefb4, 0x4f53, 0xd07c, 0x065b,
  0x4b5b, 0x8e8c, 0xf0ac, 0xf0b4, 0x8973, 0x4d84, 0x8a73, 0x8a5b, 0xd133, 0xd91c, 0xda24, 0x342c,
  0xf834, 0x5534, 0x7534, 0x192d, 0x7714, 0x055b, 0x4b43, 0xb834, 0x3334, 0x7534, 0xf744, 0x3434,
  0x5534, 0x7534, 0x7534, 0x7534, 0x5634, 0x7534, 0x7534, 0x753c, 0xb644, 0x5534, 0x7534, 0x7534,
  0x7534, 0x7534, 0x7534, 0x7534, 0x7534, 0x753c, 0xb644, 0x5534, 0x7534, 0x7534, 0x7534, 0x7534,
  0x7534, 0x7534, 0x7534, 0x753c, 0xb644, 0x5434, 0x7534, 0x7534, 0x7534, 0x7534, 0x7534, 0x7434,
  0x7434, 0x764c, 0x7544, 0x3334, 0x52a5, 0x92d5, 0xd3d5, 0x14de, 0x14de, 0xf3d5, 0x14de, 0xf4d5,
  0x72c5, 0x92cd, 0xf3d5, 0x34de, 0x34de, 0x13d6, 0xd3d5, 0xf3d5, 0xf3d5, 0xf4d5, 0xf3cd, 0x72c5,
  0x76e6, 0x55de, 0x55de, 0x96e6, 0x76de, 0x96e6, 0x96de, 0x56de, 0xd3d5, 0x16be, 0xf46c, 0xf1b4,
  0x94c5, 0xf3d5, 0x54e6, 0xf3d5, 0xf3d5, 0x35de, 0x55de, 0xb6ee, 0x9043, 0x922b, 0xd4bd, 0x14d6,
  0xf5cd, 0x71cd, 0x50ad, 0x95b5, 0x73bd, 0xb5b5, 0xd4bd, 0xd4bd, 0xd4bd, 0xefa4, 0x71bd, 0xf5d5,
  0xf5c5, 0xd4c5, 0x10a5, 0xce9c, 0x8d8c, 0xca73, 0xc64a, 0x0753, 0xca73, 0xd0a4, 0x11a5, 0xd09c,
  0x0f8c, 0xcd73, 0x463a, 0x8542, 0x4a6b, 0x0853, 0x853a, 0x453a, 0xc542, 0x8863, 0xc652, 0x0753,
  0x0653, 0x0653, 0x886b, 0x0553, 0xc963, 0x8963, 0xc54a, 0x4763, 0xcd4b, 0x7724, 0x7724, 0xb724,
  0x7634, 0x953c, 0x7534, 0x5534, 0x5534, 0xf744, 0x5534, 0x7534, 0x5534, 0x5534, 0x5534, 0x5534,
  0x5534, 0x7534, 0x7534, 0x9644, 0x5534, 0x7534, 0x7534, 0x7534, 0x7534, 0x7534, 0x7534, 0x7534,
  0x5534, 0xb644, 0x5534, 0x7534, 0x7534, 0x5534, 0x5534, 0x5534, 0x5534, 0x7634, 0x931b, 0x307c,
  0x317c, 0xd31b, 0x7634, 0x553c, 0x7534, 0x7534, 0x553c, 0x7534, 0x7534, 0x5534, 0xd744, 0x5534,
  0x753c, 0x7534, 0x7534, 0x7534, 0x753c, 0x7534, 0x753c, 0x5534, 0xb644, 0x753c, 0x7534, 0x7534,
  0x7534, 0x7534, 0x7534, 0x7534, 0x753c, 0x7534, 0xf74c, 0x7534, 0x7534, 0x7534, 0x7534, 0x7534,
  0x7534, 0x7534, 0x553c, 0x7534, 0xd854, 0x3534, 0x553c, 0x552c, 0x1575, 0x527c, 0x571c, 0x4c84,
  0xc26a, 0xcb83, 0x51b5, 0x32b5, 0x6e9c, 0x6e94, 0x29a4, 0x0e4c, 0xfb1c, 0x753c, 0x9534, 0x5544,
  0xf84c, 0x7434, 0x7534, 0xb734, 0x1c2d, 0x4c43, 0x8362, 0x583d, 0x3945, 0x742c, 0x1745, 0x5534,
  0x7634, 0x7534, 0x7434, 0x7534, 0x7534, 0x7534, 0x7534, 0x753c, 0xb644, 0x5534, 0x753c, 0x7534,
  0x753c, 0x7534, 0x7534, 0x7534, 0x7534, 0x753c, 0xb644, 0x7534, 0x7534, 0x7534, 0x7534, 0x7534,
  0x7534, 0x7534, 0x7534, 0x963c, 0xb64c, 0x5534, 0x7534, 0x7534, 0x7534, 0x7534, 0x7534, 0x7534,
  0x7534, 0x7544, 0x353c, 0x76ce, 0xf4cd, 0x94c5, 0x13de, 0x14d6, 0xb3cd, 0xb3cd, 0x34de, 0x14de,
  0xd3cd, 0xf4d5, 0xd3cd, 0x72c5, 0x71c5, 0xb2cd, 0xb2cd, 0xb2d5, 0xf3d5, 0x34de, 0x55de, 0xaea4,
  0x14d6, 0x76e6, 0x55de, 0x75e6, 0x55de, 0x96e6, 0x75e6, 0xb7e6, 0x15ce, 0x13de, 0xb36c, 0x343c,
  0x2fc5, 0xf3d5, 0xd3cd, 0xb3cd, 0xf4d5, 0xf4d5, 0x15d6, 0x96ee, 0xf9de, 0x112b, 0x0f0b, 0xf18c,
  0x54b5, 0x2f7c, 0x15d6, 0xf4d5, 0x72c5, 0x93c5, 0xd4d5, 0xb3cd, 0xb3b5, 0x93bd, 0x14ce, 0xf3c5,
  0x92bd, 0x72b5, 0x10a5, 0x30a5, 0x30a5, 0xce94, 0x0f9d, 0x6c8c, 0x8a6b, 0x0653, 0x8542, 0x084b,
  0xc442, 0x0653, 0x885b, 0x064b, 0x853a, 0x8542, 0xc64a, 0x064b, 0xc752, 0x8a6b, 0x885b, 0x0753,
  0x0653, 0x4853, 0x896b, 0x465b, 0x4763, 0x0653, 0x8342, 0x2d6c, 0xb81c, 0xb61c, 0xb734, 0x7634,
  0xb634, 0x9634, 0x7534, 0x7534, 0x7534, 0xf74c, 0x5534, 0x7534, 0x7534, 0x7534, 0x7534, 0x7534,
  0x7534, 0x7534, 0x7534, 0xb644, 0x7534, 0x753c, 0x7534, 0x7534, 0x7534, 0x7534, 0x7534, 0x753c,
  0x7534, 0xd744, 0x5534, 0x7534, 0x7534, 0x7534, 0x7534, 0x7534, 0x7534, 0x7634, 0xd31b, 0x307c,
  0x317c, 0xd31b, 0x763c, 0x553c, 0x7534, 0x7534, 0x753c, 0x7534, 0x753c, 0x7534, 0xd744, 0x5534,
  0x753c, 0x753c, 0x7534, 0x7534, 0x753c, 0x7534, 0x753c, 0x5534, 0xb644, 0x753c, 0x7534, 0x7534,
  0x7534, 0x7534, 0x7534, 0x7534, 0x553c, 0x7534, 0xd74c, 0x7534, 0x7534, 0x7534, 0x7534, 0x7534,
  0x7534, 0x7534, 0x7534, 0x7534, 0xf64c, 0x5534, 0x563c, 0x543c, 0x3524, 0x7364, 0x935c, 0x7634,
  0xc96b, 0x4362, 0xcfa4, 0x31b5, 0x12ad, 0x897b, 0x49ac, 0xb26c, 0x9924, 0x553c, 0x7434, 0x753c,
  0xd84c, 0x5434, 0x563c, 0x763c, 0x3b35, 0x9a24, 0x0c4b, 0x9755, 0xf354, 0xb63c, 0xd644, 0x743c,
  0x7534, 0x7634, 0x553c, 0x743c, 0x7534, 0x7534, 0x7534, 0x753c, 0xb644, 0x7534, 0x553c, 0x7534,
  0x753c, 0x753c, 0x7534, 0x7534, 0x753c, 0x753c, 0xb644, 0x5534, 0x7534, 0x7534, 0x7534, 0x7534,
  0x7534, 0x7534, 0x7534, 0x963c, 0xb64c, 0x5534, 0x7534, 0x7534, 0x553c, 0x553c, 0x7534, 0x7634,
  0x753c, 0xd423, 0x37b6, 0x53ee, 0xd3d5, 0x15d6, 0x55de, 0x34de, 0xb3cd, 0xd3cd, 0x35de, 0x35de,
  0xd3cd, 0xb3cd, 0x72c5, 0xd4d5, 0xd3cd, 0x10b5, 0x92cd, 0xb2cd, 0xf3dd, 0x75e6, 0xf3d5, 0x14d6,
  0x96e6, 0xb6ee, 0x96e6, 0x14de, 0xf3d5, 0x96e6, 0x35de, 0x55de, 0xb7e6, 0x35d6, 0xb4bd, 0x3614,
  0x757d, 0x0fbd, 0xb0ac, 0xb3c5, 0xf4d5, 0x15d6, 0x15d6, 0xf4d5, 0xb6ee, 0xb4bd, 0xd33b, 0xd001,
  0x0f4b, 0xd243, 0xb74c, 0x3395, 0x94a5, 0x74ad, 0x159d, 0x929c, 0xf4cd, 0x72b5, 0xd4bd, 0xb2bd,
  0x0fa5, 0x10a5, 0xefa4, 0x6d8c, 0xad94, 0x8d94, 0xee9c, 0xce9c, 0xce9c, 0x6c84, 0xc86b, 0x6b84,
  0x8663, 0x8563, 0xc54a, 0xc54a, 0x064b, 0xc642, 0x0653, 0x075b, 0x0753, 0x8a63, 0x485b, 0x4753,
  0x074b, 0x475b, 0x8863, 0x4853, 0x4853, 0xc54a, 0x0853, 0xd36c, 0x351c, 0xb724, 0xb634, 0x963c,
  0x9634, 0x7634, 0x7534, 0x7534, 0x7534, 0xf74c, 0x5534, 0x753c, 0x7534, 0x7534, 0x7534, 0x7534,
  0x7534, 0x753c, 0x7534, 0xb644, 0x5534, 0x553c, 0x7534, 0x7534, 0x7534, 0x7534, 0x7534, 0x753c,
  0x553c, 0xb744, 0x5534, 0x753c, 0x7534, 0x7534, 0x7534, 0x7534, 0x7534, 0x7634, 0xd31b, 0x307c,
  0x317c, 0xd31b, 0x753c, 0x553c, 0x7534, 0x7534, 0x553c, 0x7534, 0x753c, 0x753c, 0xb744, 0x5534,
  0x553c, 0x7534, 0x7534, 0x7534, 0x553c, 0x7534, 0x553c, 0x5534, 0xb644, 0x553c, 0x7534, 0x7534,
  0x7534, 0x7534, 0x7534, 0x7534, 0x553c, 0x5534, 0xd74c, 0x7534, 0x7534, 0x7534, 0x7534, 0x7534,
  0x7534, 0x7534, 0x7534, 0x5534, 0xf64c, 0x3534, 0x7534, 0x543c, 0x762c, 0x5344, 0x7184, 0x782c,
  0x753c, 0x8542, 0xcc73, 0x2c84, 0xcfa4, 0x6b94, 0x8a4b, 0x5244, 0x7634, 0x762c, 0x7434, 0x7434,
  0xb64c, 0xf82c, 0x743c, 0x5434, 0xb534, 0x163d, 0xd73c, 0xbc6d, 0x557d, 0xd554, 0xd554, 0x143c,
  0x5634, 0x5634, 0x543c, 0x7534, 0x7634, 0x7534, 0x7534, 0x753c, 0xb644, 0x5534, 0x553c, 0x7534,
  0x553c, 0x7534, 0x7534, 0x7534, 0x7534, 0x753c, 0xb644, 0x5534, 0x7534, 0x7534, 0x7534, 0x7534,
  0x7534, 0x7534, 0x7534, 0x763c, 0xb64c, 0x5534, 0x7534, 0x7534, 0x553c, 0x7534, 0x7534, 0x7444,
  0x152c, 0x5043, 0x96e6, 0xf3dd, 0x14de, 0x35de, 0x14d6, 0xb3cd, 0xd3d5, 0x14d6, 0x55de, 0xf4d5,
  0xd3cd, 0xd3cd, 0xf4d5, 0xd3cd, 0x92c5, 0x14d6, 0xf3d5, 0xb2cd, 0x76e6, 0xf3d5, 0x14d6, 0x75e6,
  0x14d6, 0xf3d5, 0x55e6, 0x14de, 0xb2d5, 0xf3d5, 0x35de, 0x34de, 0x74e6, 0xd4cd, 0x93cd, 0xf56c,
  0x561c, 0x94ad, 0xefbc, 0x73c5, 0xd4cd, 0xf4d5, 0x14d6, 0xf4d5, 0x55e6, 0xb7ee, 0xf28c, 0x3695,
  0x96e6, 0xb18c, 0x951b, 0x362c, 0x151c, 0xd31b, 0x3414, 0x9313, 0xcc42, 0x52bd, 0x93c5, 0x33b5,
  0x4d94, 0x8e9c, 0x2c8c, 0x4c8c, 0x2b84, 0x2b84, 0x2c8c, 0x2c8c, 0x6d94, 0x6c84, 0xc96b, 0x908c,
  0x4a5b, 0x4753, 0x0853, 0x4853, 0x074b, 0x064b, 0xc54a, 0xc652, 0x485b, 0xca6b, 0x485b, 0x465b,
  0x885b, 0x4653, 0x475b, 0x4763, 0x0563, 0x056b, 0x134c, 0x3555, 0xc842, 0xb834, 0x953c, 0x9534,
  0x553c, 0x553c, 0x7534, 0x7534, 0x5534, 0xd74c, 0x5534, 0x553c, 0x7534, 0x7534, 0x7534, 0x7534,
  0x7534, 0x7534, 0x7534, 0xb644, 0x5534, 0x553c, 0x7534, 0x7534, 0x7534, 0x7534, 0x7534, 0x553c,
  0x7534, 0xb644, 0x5534, 0x753c, 0x7534, 0x7534, 0x7534, 0x7534, 0x7534, 0x7634, 0xd31b, 0x307c,
  0x317c, 0xd31b, 0x753c, 0x553c, 0x7534, 0x7534, 0x553c, 0x7534, 0x7534, 0x5534, 0xd744, 0x7534,
  0x7534, 0x7534, 0x7534, 0x7534, 0x553c, 0x7534, 0x553c, 0x5534, 0x9644, 0x553c, 0x7534, 0x7534,
  0x7534, 0x7534, 0x7534, 0x7534, 0x7534, 0x5534, 0xd74c, 0x7534, 0x7534, 0x7534, 0x7534, 0x7534,
  0x7534, 0x7534, 0x7534, 0x5534, 0xb754, 0x3534, 0x553c, 0x553c, 0x553c, 0x5534, 0x3534, 0x514c,
  0x7834, 0xd13b, 0x495b, 0x8a6b, 0xcda4, 0xca93, 0x4953, 0x714c, 0x563c, 0x7534, 0x553c, 0x9734,
  0x9a4d, 0x1b3d, 0xf734, 0x752c, 0x8e4b, 0xce4b, 0xc933, 0x103c, 0x5a65, 0x5b4d, 0x1945, 0x7534,
  0x7634, 0x5534, 0x553c, 0x543c, 0x553c, 0x7534, 0x5534, 0x753c, 0xb644, 0x5534, 0x553c, 0x7534,
  0x553c, 0x7534, 0x7534, 0x7534, 0x7534, 0x753c, 0xb644, 0x5534, 0x7534, 0x7534, 0x7534, 0x7534,
  0x7534, 0x7534, 0x7534, 0x763c, 0xb64c, 0x5534, 0x7534, 0x7534, 0x7534, 0x7534, 0x7534, 0x953c,
  0x0f2b, 0xb5b5, 0x15de, 0xf4d5, 0x34d6, 0x14d6, 0xf4d5, 0xd4d5, 0xb3cd, 0xd3d5, 0x14de, 0xf4d5,
  0x14d6, 0x35de, 0x35de, 0x92cd, 0x92c5, 0x14d6, 0x55de, 0xf3d5, 0xd3d5, 0xd3d5, 0x55e6, 0x55de,
  0x30bd, 0xd3d5, 0xf3dd, 0x34de, 0x14de, 0x14de, 0x55e6, 0x55de, 0xf3d5, 0x10bd, 0x94cd, 0x93bd,
  0x342c, 0x963c, 0xefc4, 0x93cd, 0xf5cd, 0xf4cd, 0x14d6, 0x35de, 0x56de, 0x56de, 0x94f6, 0x31ee,
  0xf4d5, 0xd2c5, 0x0dd5, 0x138d, 0x3734, 0x7634, 0x7434, 0x953c, 0x521b, 0x8d6b, 0xaeac, 0xafa4,
  0x8e9c, 0xce9c, 0x0b84, 0x2b84, 0x0b84, 0xca7b, 0x0b84, 0x2b84, 0xcc7b, 0xca73, 0x877b, 0xc9a3,
  0xc783, 0x0643, 0x896b, 0xca7b, 0xc64a, 0x0653, 0x0653, 0x064b, 0x0653, 0x8863, 0x0653, 0x4763,
  0x8673, 0x866b, 0x886b, 0x2c6c, 0x8c43, 0xb53c, 0x771c, 0xf46c, 0x8b43, 0x7634, 0x553c, 0x7534,
  0x7534, 0x7534, 0x553c, 0x553c, 0x5534, 0xd74c, 0x5534, 0x553c, 0x7534, 0x7534, 0x7534, 0x7534,
  0x7534, 0x7534, 0x7534, 0xb644, 0x5534, 0x553c, 0x7534, 0x7534, 0x7534, 0x7534, 0x7534, 0x553c,
  0x7534, 0xb744, 0x5534, 0x7534, 0x7534, 0x7534, 0x7534, 0x7534, 0x7534, 0x7634, 0xd31b, 0x307c,
  0x317c, 0xd31b, 0x763c, 0x753c, 0x753c, 0x7534, 0x553c, 0x753c, 0x753c, 0x7534, 0xd744, 0x7534,
  0x753c, 0x753c, 0x7534, 0x753c, 0x753c, 0x7534, 0x753c, 0x5534, 0xb644, 0x753c, 0x7534, 0x7534,
  0x7534, 0x7534, 0x7534, 0x7534, 0x753c, 0x7534, 0xf74c, 0x7534, 0x7534, 0x7534, 0x7534, 0x753c,
  0x753c, 0x753c, 0x7534, 0x7534, 0xd754, 0x752c, 0x7534, 0x7534, 0x553c, 0x7534, 0x962c, 0x7534,
  0x7634, 0x743c, 0x8a5b, 0x076b, 0x2a7c, 0x8b7b, 0x0553, 0x6e44, 0x992c, 0x7534, 0x7534, 0x7634,
  0xb33c, 0x083b, 0x333c, 0x982c, 0xd34b, 0xd554, 0x9344, 0xcc53, 0xc743, 0x304c, 0xd544, 0xb63c,
  0x7855, 0x7534, 0x7634, 0x7534, 0x7534, 0x7534, 0x7534, 0x753c, 0xb644, 0x7534, 0x553c, 0x7534,
  0x753c, 0x7534, 0x7534, 0x7534, 0x7534, 0x753c, 0xb644, 0x5534, 0x753c, 0x7534, 0x7534, 0x7534,
  0x7534, 0x7534, 0x7534, 0x963c, 0xb64c, 0x5534, 0x7534, 0x7534, 0x753c, 0x753c, 0x753c, 0x972c,
  0xce53, 0xb8e6, 0x56de, 0xf4dd, 0x34d6, 0x55de, 0x35e6, 0x14de, 0xf4d5, 0x14de, 0x35de, 0x35de,
  0x14de, 0x35de, 0x35de, 0x55de, 0x34de, 0x35de, 0x55de, 0x34de, 0xd3d5, 0x34de, 0xb2cd, 0xefb4,
  0x10bd, 0x34de, 0x13de, 0x34e6, 0x14de, 0x55de, 0x56e6, 0x55e6, 0x34d6, 0x14de, 0x93c5, 0x92d5,
  0x147d, 0x7724, 0xf5c5, 0x71c5, 0xb4c5, 0x15ce, 0x35de, 0x35de, 0x56de, 0x76de, 0x56de, 0xd3d5,
  0xf4d5, 0x77d6, 0x78de, 0xb174, 0x7534, 0x7634, 0x563c, 0x7634, 0xb734, 0x951b, 0x8d5b, 0x4a9c,
  0x0c84, 0xae94, 0xca7b, 0xca7b, 0xca7b, 0x0b7c, 0x2b84, 0x2b7c, 0xc983, 0x8973, 0x8d43, 0xce4b,
  0x0d4c, 0x473b, 0x8883, 0x0ead, 0x0653, 0x074b, 0x064b, 0x0553, 0x0653, 0x0a6c, 0xca63, 0x8d43,
  0x2f64, 0xcd53, 0xce43, 0x762c, 0x3c1d, 0x192d, 0x962c, 0x193d, 0x9634, 0x7534, 0x563c, 0x563c,
  0x7534, 0x7534, 0x553c, 0x553c, 0x7534, 0xf74c, 0x7534, 0x753c, 0x753c, 0x7534, 0x753c, 0x7534,
  0x7534, 0x753c, 0x7534, 0xb644, 0x7534, 0x553c, 0x7534, 0x7534, 0x7534, 0x753c, 0x753c, 0x753c,
  0x553c, 0xd744, 0x7534, 0x753c, 0x753c, 0x7534, 0x7534, 0x7534, 0x753c, 0x763c, 0xd31b, 0x307c,
  0x317c, 0xd31b, 0x763c, 0x753c, 0x7534, 0x7534, 0x553c, 0x7534, 0x7534, 0x5534, 0xd744, 0x7534,
  0x753c, 0x753c, 0x7534, 0x753c, 0x543c, 0x7534, 0x753c, 0x5534, 0xb644, 0x7534, 0x7534, 0x7534,
  0x7534, 0x7534, 0x7534, 0x7534, 0x7534, 0x5534, 0xf74c, 0x7534, 0x7534, 0x7534, 0x7534, 0x7534,
  0x7534, 0x7534, 0x553c, 0x7534, 0xf744, 0x752c, 0x7534, 0x553c, 0x7634, 0x7534, 0x753c, 0x7634,
  0x7634, 0x753c, 0xcd43, 0x0553, 0x4763, 0x485b, 0x8b6b, 0x4753, 0xb53c, 0x992c, 0x992c, 0x7554,
  0x8773, 0x033b, 0xd344, 0x7634, 0x9534, 0x5534, 0x3444, 0x7a2c, 0x7444, 0xcb53, 0xb354, 0x5344,
  0x104c, 0x3044, 0x7534, 0x7634, 0x563c, 0x7534, 0x7534, 0x753c, 0xb644, 0x7534, 0x553c, 0x7534,
  0x7534, 0x7534, 0x7534, 0x7534, 0x7534, 0x753c, 0xb644, 0x5534, 0x7534, 0x7534, 0x7534, 0x7534,
  0x7534, 0x7534, 0x7534, 0x963c, 0xb64c, 0x5534, 0x7534, 0x7534, 0x7534, 0x7534, 0x7534, 0x9734,
  0x0e2b, 0x55c6, 0x34de, 0xd3dd, 0x75e6, 0x75e6, 0x55e6, 0x55e6, 0x96e6, 0x96e6, 0x75e6, 0xf3d5,
  0xd3cd, 0x14d6, 0x35de, 0x34de, 0x14d6, 0x14d6, 0x96e6, 0x35de, 0x55e6, 0x55de, 0x35de, 0x31bd,
  0x10bd, 0x55e6, 0x14de, 0x14de, 0x34de, 0x55de, 0x55de, 0x34de, 0x34de, 0x55d6, 0xf4d5, 0xd3d5,
  0x129d, 0x3614, 0x745c, 0x51bd, 0xb3cd, 0x15d6, 0x35de, 0x55e6, 0x75e6, 0x55e6, 0x14e6, 0xf4dd,
  0xb7de, 0x38f7, 0x8c63, 0x552c, 0x973c, 0x5434, 0x753c, 0x743c, 0x7534, 0x9634, 0x9213, 0x8a3a,
  0x8a73, 0xce9c, 0xca7b, 0xca7b, 0xca73, 0x896b, 0x2b7c, 0x4863, 0xc973, 0x1044, 0x371c, 0x393d,
  0x982c, 0xd033, 0x8863, 0x8c94, 0x0753, 0x064b, 0x4853, 0x064b, 0xc44a, 0xcb63, 0x1044, 0xf834,
  0xcf5b, 0x542c, 0xbe25, 0xfa2c, 0x953c, 0x9534, 0x3534, 0xb65c, 0xb72c, 0x972c, 0x753c, 0x753c,
  0x7634, 0x7534, 0x7534, 0x7534, 0x7534, 0xf74c, 0x5534, 0x553c, 0x7534, 0x7534, 0x7534, 0x7534,
  0x7534, 0x7534, 0x7534, 0xb644, 0x7534, 0x553c, 0x7534, 0x7534, 0x7534, 0x7534, 0x7534, 0x7534,
  0x7534, 0xb744, 0x5534, 0x7534, 0x7534, 0x7534, 0x7534, 0x7534, 0x7534, 0x7634, 0xd31b, 0x307c,
  0x317c, 0xd31b, 0x7634, 0x553c, 0x7534, 0x7534, 0x553c, 0x7534, 0x7534, 0x5534, 0xd744, 0x5534,
  0x753c, 0x7534, 0x7534, 0x753c, 0x7534, 0x7534, 0x753c, 0x5534, 0xb644, 0x7534, 0x7534, 0x7534,
  0x7534, 0x7534, 0x7534, 0x7534, 0x7534, 0x5534, 0xf74c, 0x7534, 0x7534, 0x7534, 0x7534, 0x7534,
  0x7534, 0x7534, 0x553c, 0x7534, 0xf74c, 0x5534, 0x553c, 0x553c, 0x7634, 0x553c, 0x753c, 0x563c,
  0x7534, 0x553c, 0x1855, 0x8b3b, 0x0843, 0x0543, 0x4673, 0x897b, 0x8a43, 0x1034, 0x1044, 0xce5b,
  0x8463, 0x8b4b, 0xb744, 0x7534, 0x7534, 0x762c, 0x962c, 0x7434, 0x123c, 0x7734, 0x193d, 0x5244,
  0xcb6b, 0x4d4b, 0x543c, 0x543c, 0x7234, 0x963c, 0x9634, 0x753c, 0xb64c, 0x5534, 0x7634, 0x7534,
  0x7534, 0x7534, 0x7534, 0x7534, 0x7534, 0x763c, 0xb744, 0x7534, 0x7534, 0x7534, 0x7534, 0x7534,
  0x7534, 0x7534, 0x7534, 0x963c, 0xb64c, 0x5534, 0x7534, 0x7534, 0x7534, 0x7534, 0x7534, 0x743c,
  0xd41b, 0x3495, 0x74f6, 0x14e6, 0xd3dd, 0x75e6, 0x76e6, 0x96ee, 0xb6ee, 0x75e6, 0x55de, 0x14d6,
  0xf3cd, 0x34d6, 0x34d6, 0x34de, 0x14d6, 0x51bd, 0xf4d5, 0x96e6, 0x96e6, 0xb6ee, 0x96e6, 0x55de,
  0x14d6, 0x14de, 0xf3dd, 0xf3dd, 0x75e6, 0x54de, 0x34de, 0x35de, 0xf3d5, 0xf4cd, 0x14ce, 0xd4cd,
  0x93bd, 0x515c, 0x3614, 0x137d, 0x51c5, 0xd4cd, 0x54de, 0x56de, 0x15de, 0x34d6, 0x35de, 0x97ee,
  0x1aef, 0xb49c, 0x9233, 0xf83c, 0x753c, 0x5734, 0x7534, 0x7534, 0x7534, 0x7534, 0x762c, 0xd41b,
  0x8b4b, 0xefa4, 0x8a6b, 0x8a6b, 0x2b9c, 0x8863, 0xc973, 0xcc53, 0x533c, 0xb724, 0x7534, 0xb65c,
  0x543c, 0x992c, 0x4b3b, 0xc873, 0x0743, 0x0653, 0x4653, 0x4753, 0x065b, 0x486b, 0x5334, 0xdd25,
  0x4f53, 0xf53c, 0xb734, 0x7534, 0x5534, 0x7634, 0x562c, 0x9564, 0x8e43, 0xb62c, 0x7434, 0x7534,
  0x563c, 0x7634, 0x7534, 0x7534, 0x7534, 0xf744, 0x7534, 0x7534, 0x7534, 0x7534, 0x7534, 0x7534,
  0x7534, 0x7534, 0x7534, 0xb644, 0x7534, 0x553c, 0x7534, 0x7534, 0x7534, 0x7534, 0x7534, 0x7534,
  0x7534, 0xb744, 0x5534, 0x7534, 0x7534, 0x7534, 0x7534, 0x7534, 0x7534, 0x7634, 0xd31b, 0x307c,
  0x317c, 0xd31b, 0x7534, 0x553c, 0x7534, 0x7534, 0x7534, 0x7534, 0x7534, 0x5534, 0xb644, 0x5534,
  0x7534, 0x7534, 0x7534, 0x7534, 0x7534, 0x7534, 0x7534, 0x5534, 0x9644, 0x5534, 0x7534, 0x7534,
  0x7534, 0x7534, 0x7534, 0x7534, 0x7534, 0x5534, 0xd744, 0x5534, 0x7534, 0x7534, 0x7534, 0x7534,
  0x7534, 0x7534, 0x7534, 0x5534, 0xd744, 0x5534, 0x7534, 0x7534, 0x7534, 0x7534, 0x7534, 0x7534,
  0x7534, 0x762c, 0xd844, 0x7634, 0x733c, 0xce33, 0x4a3b, 0x4663, 0xc262, 0x025b, 0x045b, 0x0553,
  0xc763, 0xd133, 0xdb2c, 0x9824, 0x962c, 0x972c, 0xb834, 0xd82c, 0xf444, 0x5434, 0xd64c, 0x5434,
  0x962c, 0x9734, 0x7634, 0x5534, 0x7434, 0x7534, 0xb63c, 0x953c, 0xb644, 0x5434, 0x7534, 0x7634,
  0x7534, 0x7534, 0x7534, 0x7534, 0x7534, 0x753c, 0xb644, 0x5534, 0x7534, 0x7534, 0x7534, 0x7534,
  0x5534, 0x7534, 0x5534, 0x753c, 0xb644, 0x5534, 0x7534, 0x7534, 0x7534, 0x7534, 0x7534, 0x743c,
  0xd41b, 0x3595, 0x12de, 0x91cd, 0x92cd, 0xd3cd, 0xf3d5, 0x14d6, 0x55de, 0x14d6, 0x14d6, 0xf3d5,
  0xb2c5, 0xf3d5, 0x14d6, 0xf4d5, 0xb2cd, 0xb3cd, 0x75e6, 0xb7ee, 0xb7ee, 0x96e6, 0x76de, 0x75de,
  0x75e6, 0x55e6, 0xd3d5, 0x14de, 0x55e6, 0x34de, 0x34de, 0x34de, 0xd3d5, 0xd3d5, 0xb3cd, 0xb3c5,
  0x92c5, 0x51bd, 0xd513, 0x3324, 0x10a5, 0x73cd, 0x33de, 0x14d6, 0xf3d5, 0x76de, 0x76de, 0x959d,
  0x525c, 0x9223, 0x762c, 0xb544, 0x753c, 0x5534, 0x7534, 0x7534, 0x5534, 0x7534, 0x553c, 0x543c,
  0x8f23, 0x8d94, 0xcc93, 0x4d84, 0x8f94, 0xc673, 0x8c43, 0x7534, 0x7634, 0x5534, 0x5434, 0xd844,
  0x7534, 0x772c, 0xcd53, 0x4994, 0x0a84, 0x4653, 0x8863, 0x885b, 0xca7b, 0x8873, 0xc93a, 0xb52c,
  0x3b25, 0x9724, 0x752c, 0x7534, 0x7534, 0x7534, 0x762c, 0xf254, 0xc33a, 0x7234, 0x952c, 0x762c,
  0x543c, 0x7634, 0x7634, 0x7534, 0x5534, 0xd744, 0x5534, 0x7534, 0x7534, 0x7534, 0x7534, 0x7534,
  0x7534, 0x7534, 0x7534, 0x9644, 0x5534, 0x553c, 0x7534, 0x7534, 0x7534, 0x7534, 0x7534, 0x7534,
  0x7534, 0xb644, 0x5534, 0x7534, 0x7534, 0x7534, 0x7534, 0x7534, 0x5534, 0x7534, 0x931b, 0x307c,
  0x317c, 0x1424, 0x963c, 0x9644, 0x963c, 0xb63c, 0x9644, 0x963c, 0x963c, 0x753c, 0xf74c, 0x753c,
  0x9644, 0x963c, 0xb63c, 0x9644, 0x963c, 0x963c, 0x963c, 0x753c, 0xd754, 0x963c, 0x963c, 0x963c,
  0x963c, 0x963c, 0x963c, 0x963c, 0x9644, 0x753c, 0xf754, 0x963c, 0x963c, 0x963c, 0x963c, 0x963c,
  0x963c, 0x963c, 0x963c, 0x753c, 0x174d, 0x753c, 0x9644, 0x9644, 0x9644, 0x963c, 0x9644, 0x9644,
  0x9544, 0x9544, 0xf754, 0x7544, 0x9544, 0xb64c, 0x954c, 0x5144, 0x3244, 0x324c, 0x8a53, 0x4563,
  0xc87b, 0x8b4b, 0x0d4c, 0x8d43, 0x4f54, 0xbb4d, 0x384d, 0xb444, 0x763c, 0x963c, 0x165d, 0x7544,
  0x973c, 0xb644, 0x9544, 0x9644, 0x9744, 0xb63c, 0x9544, 0xb64c, 0xd84c, 0x7644, 0x9544, 0x9544,
  0xb63c, 0x9644, 0xb63c, 0xb63c, 0x963c, 0x9644, 0xd74c, 0x753c, 0x963c, 0x963c, 0x963c, 0x963c,
  0x963c, 0x963c, 0x963c, 0xb644, 0xf74c, 0x753c, 0x963c, 0x963c, 0x9644, 0x9644, 0x9644, 0xb63c,
  0x535c, 0xd5cd, 0xd2bd, 0x91bd, 0x50b5, 0x10b5, 0x50bd, 0x71bd, 0xb2c5, 0x92c5, 0x92c5, 0x92c5,
  0x72c5, 0xb3d5, 0xb3cd, 0xb3cd, 0xf4d5, 0x35de, 0x55de, 0x56de, 0xb7e6, 0xb7e6, 0x97e6, 0x96e6,
  0x76de, 0x34de, 0x14de, 0x35de, 0x14de, 0xf4d5, 0x34d6, 0x34d6, 0xf3d5, 0x92cd, 0x71bd, 0x71bd,
  0x92c5, 0x52bd, 0xd25b, 0x1123, 0x577d, 0xb3c5, 0x37de, 0x35e6, 0x14ee, 0x56d6, 0xb374, 0x132c,
  0x952c, 0xb644, 0x7544, 0xd65c, 0xb644, 0x963c, 0x963c, 0xb63c, 0xb63c, 0xb63c, 0xb63c, 0xb644,
  0x1234, 0x2a94, 0xaeac, 0xeda4, 0xae84, 0x5064, 0x943c, 0xb734, 0x9544, 0xb63c, 0x953c, 0x1855,
  0x9544, 0xb834, 0x1044, 0xcd4b, 0xcd63, 0x075b, 0x2a74, 0x2c7c, 0x2b7c, 0xd19c, 0xc55a, 0x0653,
  0x1a4d, 0xb73c, 0x9644, 0xb644, 0xb644, 0xb644, 0xb63c, 0x926c, 0xca53, 0x1c2d, 0x964c, 0x754c,
  0xb63c, 0xb63c, 0x9544, 0x9544, 0x953c, 0x174d, 0x753c, 0x963c, 0x963c, 0x963c, 0x963c, 0x963c,
  0xb63c, 0xb63c, 0x963c, 0xd74c, 0x963c, 0x9644, 0x963c, 0x963c, 0x963c, 0x963c, 0x963c, 0x963c,
  0x953c, 0xf74c, 0x753c, 0xb63c, 0xb63c, 0xb63c, 0x963c, 0x963c, 0x963c, 0xb63c, 0x1424, 0x307c,
  0x317c, 0xd423, 0x963c, 0x763c, 0x963c, 0x953c, 0x7644, 0x963c, 0x963c, 0x753c, 0xf74c, 0x753c,
  0x963c, 0x963c, 0x963c, 0x7644, 0x963c, 0x963c, 0x963c, 0x753c, 0xd754, 0x763c, 0x963c, 0x953c,
  0x953c, 0x953c, 0x963c, 0x963c, 0x9644, 0x753c, 0xf74c, 0x753c, 0x963c, 0x963c, 0x963c, 0x963c,
  0x963c, 0x963c, 0x963c, 0x753c, 0xf74c, 0x753c, 0x9644, 0x9644, 0x963c, 0x963c, 0x9644, 0x9544,
  0x9544, 0x953c, 0xf74c, 0x753c, 0x963c, 0x963c, 0x7544, 0x9844, 0xd934, 0xf82c, 0xd644, 0x8f4b,
  0x0b6c, 0x4463, 0x4663, 0xc272, 0x4b4b, 0xdc35, 0xd63c, 0x763c, 0x973c, 0x953c, 0xf754, 0x754c,
  0x744c, 0x744c, 0x9544, 0x9644, 0x763c, 0x953c, 0x953c, 0xb63c, 0xf84c, 0x763c, 0x963c, 0xb63c,
  0x9544, 0x963c, 0x963c, 0x963c, 0x963c, 0x9644, 0xd74c, 0x753c, 0x963c, 0x963c, 0x963c, 0x963c,
  0x963c, 0x963c, 0x963c, 0x9644, 0xd64c, 0x753c, 0x953c, 0x953c, 0x963c, 0x953c, 0x9544, 0xf72c,
  0xcf53, 0x51b5, 0x8a74, 0x096c, 0x6b74, 0x6c8c, 0xcc94, 0xee9c, 0x30ad, 0x0fad, 0x51b5, 0x51bd,
  0x71bd, 0xb3cd, 0xb3cd, 0x91bd, 0xb2c5, 0xf3cd, 0x92c5, 0xf4cd, 0xf4cd, 0xb3c5, 0x35d6, 0xf4cd,
  0xd3c5, 0xd2c5, 0x92bd, 0xb2c5, 0x92c5, 0xb3cd, 0xb3cd, 0xd3cd, 0xd3d5, 0x30b5, 0xad9c, 0x4b84,
  0xc973, 0x6c84, 0xd3d5, 0x737c, 0x5064, 0x0bd5, 0x55a5, 0x75b5, 0xb55c, 0xd243, 0x962c, 0xb53c,
  0x7444, 0x7644, 0x773c, 0xd754, 0x9544, 0x963c, 0x963c, 0x963c, 0x963c, 0x963c, 0x963c, 0xb63c,
  0x963c, 0x8b6b, 0x6c94, 0x51ad, 0x8d9c, 0x9744, 0xb63c, 0x7544, 0xb53c, 0x744c, 0x7544, 0xf754,
  0x9544, 0xb734, 0xd744, 0x393d, 0x9924, 0x475b, 0x4a94, 0xc963, 0xc873, 0xcb73, 0x4753, 0x055b,
  0xf644, 0x953c, 0x9544, 0x963c, 0x9634, 0xb63c, 0x963c, 0xd364, 0xcb43, 0xb534, 0xf654, 0x754c,
  0x7744, 0x9644, 0x9544, 0x9544, 0x753c, 0x174d, 0x753c, 0x963c, 0x963c, 0x963c, 0x953c, 0x963c,
  0xb63c, 0x953c, 0x953c, 0xd74c, 0x753c, 0x9644, 0x963c, 0x953c, 0x963c, 0x963c, 0x963c, 0x963c,
  0x753c, 0xf74c, 0x753c, 0xb63c, 0x963c, 0x963c, 0x763c, 0x763c, 0x763c, 0x963c, 0xd423, 0x317c,
  0x317c, 0xd31b, 0x7534, 0x5534, 0x5534, 0x7534, 0x7534, 0x7534, 0x7534, 0x5534, 0xb644, 0x5534,
  0x7534, 0x7534, 0x7534, 0x7534, 0x7534, 0x7534, 0x7534, 0x5534, 0x9644, 0x7534, 0x7534, 0x7534,
  0x7534, 0x7534, 0x7534, 0x7534, 0x553c, 0x5534, 0xd74c, 0x5534, 0x7534, 0x7534, 0x7534, 0x7534,
  0x7534, 0x7534, 0x7534, 0x5534, 0xd74c, 0x5534, 0x553c, 0x7534, 0x7534, 0x7534, 0x5534, 0x7534,
  0x7534, 0x7534, 0xb744, 0x5534, 0x7634, 0x762c, 0x7534, 0x553c, 0x543c, 0x5434, 0x7534, 0x783c,
  0xf84c, 0xd32b, 0x8a5b, 0xc46a, 0x522c, 0x3935, 0x762c, 0x5534, 0x553c, 0x553c, 0x1a35, 0x772c,
  0xd744, 0xb824, 0x972c, 0x7534, 0x7434, 0x7634, 0x7634, 0x953c, 0xd54c, 0x5434, 0x5634, 0x5634,
  0x553c, 0x7534, 0x7534, 0x7534, 0x7534, 0x753c, 0xb644, 0x5534, 0x7534, 0x7534, 0x7534, 0x7534,
  0x7534, 0x7534, 0x7534, 0x753c, 0xb644, 0x5534, 0x7534, 0x7534, 0x7534, 0x7534, 0x7534, 0xb72c,
  0x4c2b, 0xcb6b, 0x465b, 0x454b, 0x8753, 0x465b, 0xc85b, 0x6b7c, 0x6c8c, 0x6c8c, 0xcd94, 0xcd9c,
  0x6c8c, 0x8d94, 0x2fad, 0xcd9c, 0xce9c, 0x0fa5, 0x50b5, 0x30ad, 0x2fad, 0x6c8c, 0x30ad, 0xefa4,
  0xee9c, 0xad94, 0xee9c, 0x8d94, 0x0fad, 0x71bd, 0x51bd, 0x30bd, 0x0fb5, 0xefa4, 0x2a7c, 0xc863,
  0x875b, 0xc963, 0xaf94, 0x52b5, 0x6e74, 0x1375, 0x3444, 0x5314, 0x5604, 0x571c, 0x752c, 0xb63c,
  0x743c, 0x7534, 0x762c, 0xb63c, 0x753c, 0x7534, 0x7534, 0x7534, 0x553c, 0x7534, 0x5534, 0x7534,
  0x772c, 0xd33b, 0x467b, 0x0c84, 0x6d84, 0x7544, 0x5534, 0x543c, 0x7534, 0x7634, 0x762c, 0xf744,
  0x543c, 0x3434, 0x543c, 0x7634, 0x9924, 0xc342, 0xce4b, 0xce33, 0x4553, 0xcb6b, 0x472b, 0xc352,
  0x123c, 0x7434, 0x7434, 0x5534, 0x5634, 0x563c, 0x3534, 0x184d, 0x132c, 0x3324, 0x0f2c, 0x723c,
  0x762c, 0x7534, 0x7534, 0x7534, 0x7534, 0xd74c, 0x5534, 0x7534, 0x7534, 0x7534, 0x5534, 0x7534,
  0x7534, 0x7534, 0x7534, 0xb644, 0x5534, 0x553c, 0x7534, 0x7534, 0x7534, 0x7534, 0x7534, 0x7534,
  0x7534, 0xb644, 0x5534, 0x7534, 0x5534, 0x5534, 0x5534, 0x5534, 0x7534, 0x7634, 0xd31b, 0x307c,
  0x317c, 0xd31b, 0x7634, 0x7534, 0x7534, 0x7534, 0x7534, 0x7534, 0x7534, 0x7534, 0xd744, 0x7534,
  0x7534, 0x7534, 0x7534, 0x7534, 0x7534, 0x7534, 0x7534, 0x5534, 0xb644, 0x7534, 0x7534, 0x7534,
  0x7534, 0x7534, 0x7534, 0x7534, 0x7534, 0x7534, 0xd74c, 0x7534, 0x7534, 0x7534, 0x7534, 0x7534,
  0x7534, 0x7534, 0x7534, 0x7534, 0xf74c, 0x5534, 0x753c, 0x7534, 0x7534, 0x7534, 0x7534, 0x7534,
  0x553c, 0x553c, 0xb64c, 0x543c, 0x753c, 0x753c, 0x7634, 0x7534, 0x7634, 0x7634, 0x753c, 0x743c,
  0x1745, 0x772c, 0x342c, 0x8242, 0x0e44, 0xb63c, 0x3444, 0x573c, 0x7534, 0x9534, 0xb054, 0xc953,
  0x4c74, 0x6f7c, 0xd04b, 0x763c, 0xb83c, 0x1534, 0x912b, 0x1334, 0xf744, 0x752c, 0x7534, 0x7434,
  0x7534, 0x7534, 0x7534, 0x7534, 0x7534, 0x763c, 0xb744, 0x7534, 0x7534, 0x7534, 0x7534, 0x7534,
  0x7534, 0x7534, 0x7534, 0x963c, 0xb744, 0x5534, 0x7534, 0x7534, 0x7534, 0x7534, 0x7534, 0x763c,
  0x1234, 0x8d53, 0x8973, 0x0553, 0x475b, 0x8663, 0x885b, 0x8863, 0x0974, 0x0974, 0x8863, 0xc86b,
  0xc863, 0x475b, 0xc96b, 0xc973, 0xc86b, 0x097c, 0x4b84, 0x8c8c, 0x2b84, 0xad94, 0x4b84, 0x0a7c,
  0x8763, 0x8763, 0x8863, 0x6b84, 0x0ea5, 0xeea4, 0x2fa5, 0x4c84, 0x896b, 0x4b7c, 0xc863, 0x4653,
  0x875b, 0x8763, 0x4b7c, 0xaed4, 0xf0a4, 0x781c, 0x354c, 0x736c, 0xd194, 0x979d, 0x3534, 0x563c,
  0x553c, 0x7534, 0x5534, 0xb64c, 0x763c, 0x7634, 0x7534, 0x7534, 0x553c, 0x753c, 0x7534, 0x7634,
  0x762c, 0x1845, 0x883a, 0x49b4, 0x2b94, 0x7a1c, 0x743c, 0x7634, 0x7634, 0x7634, 0x7634, 0xf74c,
  0x743c, 0x5534, 0x553c, 0x972c, 0x762c, 0xc83a, 0xf92c, 0xfc2c, 0xc62a, 0x32ad, 0xc863, 0x4953,
  0xb73c, 0x7534, 0x7534, 0x7634, 0x762c, 0xf73c, 0x7534, 0xf84c, 0x743c, 0x8e33, 0xd02b, 0x743c,
  0x7534, 0x753c, 0x7634, 0x7634, 0x7534, 0xf74c, 0x7534, 0x7534, 0x7634, 0x7634, 0x7534, 0x7534,
  0x7534, 0x753c, 0x7534, 0xb644, 0x7534, 0x753c, 0x7534, 0x7534, 0x7534, 0x7534, 0x7534, 0x7634,
  0x7534, 0xd744, 0x7534, 0x7534, 0x7534, 0x7534, 0x7534, 0x7534, 0x7534, 0x7634, 0xd31b, 0x307c,
  0x317c, 0xd31b, 0x7634, 0x7534, 0x7534, 0x7534, 0x7534, 0x7534, 0x7534, 0x5534, 0xd744, 0x7534,
  0x7534, 0x7534, 0x7534, 0x7534, 0x7534, 0x7534, 0x7534, 0x5534, 0xb644, 0x7534, 0x7534, 0x7534,
  0x7534, 0x7534, 0x7534, 0x7534, 0x7534, 0x5534, 0xd74c, 0x7534, 0x7534, 0x7534, 0x7534, 0x7534,
  0x7534, 0x7534, 0x7534, 0x7534, 0xf74c, 0x5534, 0x7534, 0x7534, 0x7534, 0x7534, 0x7534, 0x7634,
  0x7634, 0x7634, 0xd744, 0x5534, 0x753c, 0x7534, 0x7534, 0x753c, 0x7534, 0x7534, 0x7534, 0x553c,
  0xd74c, 0x7434, 0x9934, 0xd03b, 0x0543, 0xd13b, 0x563c, 0xce3b, 0xb534, 0x333c, 0x0c74, 0x055b,
  0x8542, 0x4673, 0x465b, 0x894b, 0x8843, 0xc94b, 0x0643, 0x4b3b, 0x3955, 0x5734, 0x5634, 0x7534,
  0x7534, 0x7534, 0x7534, 0x7534, 0x7534, 0x763c, 0xb744, 0x7534, 0x7534, 0x7534, 0x7534, 0x7534,
  0x7534, 0x7534, 0x7534, 0x963c, 0xb74c, 0x5534, 0x7534, 0x7534, 0x7534, 0x7534, 0x7534, 0x7534,
  0xb62c, 0x533c, 0x5044, 0x8943, 0x8653, 0x4753, 0x464b, 0x8753, 0x8863, 0x885b, 0x475b, 0x875b,
  0x885b, 0x064b, 0x4753, 0x8863, 0x8863, 0x875b, 0xc86b, 0x0974, 0xc86b, 0x8b84, 0x4a7c, 0x875b,
  0x875b, 0xc863, 0x875b, 0x475b, 0x8863, 0x8863, 0xc963, 0xc96b, 0xc96b, 0xe96b, 0x885b, 0x4753,
  0x0653, 0x0653, 0x0b7c, 0x4ea4, 0x30c5, 0xd5cd, 0xb4d5, 0x74de, 0x74ee, 0xb4a5, 0x151c, 0x7634,
  0x553c, 0x553c, 0x7534, 0xd644, 0x9634, 0x7534, 0x7534, 0x7534, 0x7534, 0x7534, 0x7534, 0x7634,
  0x5534, 0x374d, 0x1023, 0x0aac, 0xd174, 0x343c, 0x7634, 0x9534, 0x7634, 0x7534, 0x5634, 0xf64c,
  0x553c, 0x7634, 0x7534, 0x7634, 0xf82c, 0x0843, 0xfb34, 0xfb1c, 0x152c, 0x896b, 0x8a63, 0x7634,
  0xb834, 0x762c, 0x7634, 0x7634, 0x7634, 0x7534, 0x332c, 0x173d, 0xb134, 0x1144, 0x534c, 0x5444,
  0x762c, 0x7434, 0x7534, 0x7534, 0x7534, 0xf74c, 0x7534, 0x7534, 0x7634, 0x7634, 0x7534, 0x7534,
  0x7534, 0x7534, 0x7534, 0xb644, 0x7534, 0x553c, 0x7534, 0x7534, 0x7534, 0x7534, 0x7534, 0x7534,
  0x5534, 0xd744, 0x7534, 0x7534, 0x9634, 0x7534, 0x7534, 0x7534, 0x7534, 0x7634, 0xd31b, 0x307c,
  0x317c, 0xd31b, 0x763c, 0x553c, 0x7534, 0x7534, 0x553c, 0x7534, 0x7534, 0x7534, 0xb744, 0x5534,
  0x753c, 0x753c, 0x7534, 0x553c, 0x7534, 0x7534, 0x7534, 0x5534, 0xb644, 0x7534, 0x7534, 0x7534,
  0x7534, 0x7534, 0x7534, 0x7534, 0x7534, 0x7534, 0xd74c, 0x7534, 0x7534, 0x7534, 0x7534, 0x7534,
  0x7534, 0x7534, 0x7534, 0x7534, 0xf74c, 0x5534, 0x753c, 0x7534, 0x7534, 0x7534, 0x553c, 0x553c,
  0x753c, 0x7534, 0xd644, 0x5434, 0x563c, 0x7634, 0x7534, 0x553c, 0x7534, 0x7534, 0x7534, 0x553c,
  0xf74c, 0x5534, 0x743c, 0xb834, 0x1244, 0x4e2b, 0x4a33, 0x8e2b, 0x0a3b, 0x4663, 0xca5b, 0x0853,
  0x0753, 0x474b, 0x4653, 0x4563, 0x287c, 0xe883, 0x4663, 0x064b, 0xcc4b, 0x743c, 0xb734, 0x7634,
  0x753c, 0x7534, 0x7534, 0x7534, 0x7534, 0x753c, 0xb644, 0x5534, 0x7534, 0x7534, 0x7534, 0x7534,
  0x7534, 0x7534, 0x7534, 0x963c, 0xb64c, 0x5534, 0x7534, 0x7534, 0x553c, 0x7534, 0x7534, 0x7534,
  0x752c, 0xb74c, 0xb72c, 0x0833, 0xc35a, 0xc74a, 0x0653, 0x4653, 0x475b, 0x4753, 0x0653, 0x875b,
  0x4753, 0x875b, 0x885b, 0x474b, 0x4753, 0xc963, 0xc963, 0x4753, 0x4653, 0x8863, 0xc963, 0x4753,
  0x4653, 0x064b, 0x4653, 0x064b, 0x464b, 0x4753, 0xa863, 0x2a7c, 0x8863, 0xc96b, 0x885b, 0x064b,
  0x064b, 0xc96b, 0x8a6b, 0x0d7c, 0xceac, 0x10c5, 0xb0c4, 0x71cd, 0x13de, 0x5354, 0x552c, 0x762c,
  0x7534, 0x7534, 0x5634, 0xb64c, 0x753c, 0x7534, 0x7534, 0x7634, 0x7634, 0x7534, 0x7534, 0x7534,
  0x3434, 0xf644, 0x752c, 0x964c, 0x3434, 0x856b, 0x9734, 0x7534, 0x553c, 0x7534, 0x5534, 0xf64c,
  0x553c, 0x762c, 0x753c, 0x553c, 0x3925, 0xc552, 0x9344, 0x1b25, 0xf924, 0x574d, 0xf73c, 0x3b25,
  0xd834, 0x7634, 0x7534, 0x7534, 0x7534, 0xb73c, 0x963c, 0xf744, 0x743c, 0xd133, 0x4753, 0x0843,
  0xb82c, 0x743c, 0x553c, 0x753c, 0x7534, 0xf74c, 0x7534, 0x7534, 0x7534, 0x7534, 0x7534, 0x7534,
  0x7534, 0x7534, 0x963c, 0xb644, 0x7534, 0x763c, 0x7534, 0x7534, 0x7534, 0x7534, 0x7534, 0x753c,
  0x7534, 0xb644, 0x7534, 0x963c, 0x7534, 0x763c, 0x7534, 0x7534, 0x7534, 0x763c, 0xd31b, 0x307c,
  0x317c, 0xd31b, 0x7534, 0x7534, 0x553c, 0x7534, 0x7534, 0x7534, 0x7534, 0x5534, 0xd744, 0x5534,
  0x753c, 0x753c, 0x7534, 0x553c, 0x7534, 0x7534, 0x7534, 0x5534, 0xb644, 0x7534, 0x7534, 0x7534,
  0x7534, 0x7534, 0x7534, 0x7534, 0x7534, 0x5534, 0xf74c, 0x7534, 0x7534, 0x7534, 0x7534, 0x7534,
  0x7534, 0x7534, 0x7534, 0x7534, 0xf74c, 0x5534, 0x753c, 0x7534, 0x7534, 0x7534, 0x7534, 0x7534,
  0x7534, 0x7534, 0xd644, 0x5434, 0x7534, 0x7534, 0x7534, 0x7534, 0x7534, 0x7534, 0x7534, 0x753c,
  0xf74c, 0x5534, 0x7534, 0x7434, 0x7634, 0x9544, 0x143c, 0xb934, 0xcf3b, 0x8442, 0xc96b, 0x0653,
  0x065b, 0x0653, 0x485b, 0x485b, 0x864a, 0xc54a, 0xc54a, 0x054b, 0x464b, 0x4a3b, 0x733c, 0x7534,
  0x782c, 0x772c, 0x753c, 0x7534, 0x7534, 0x753c, 0xb544, 0x5534, 0x7534, 0x7534, 0x7534, 0x7534,
  0x753c, 0x7534, 0x7534, 0x9634, 0xb64c, 0x5534, 0x7534, 0x7534, 0x7534, 0x7534, 0x7534, 0x7534,
  0x5534, 0x9644, 0xb744, 0x333c, 0x8e33, 0xc83a, 0xc552, 0x475b, 0x875b, 0x4753, 0x4753, 0x4753,
  0x885b, 0xcb5b, 0xca53, 0x4653, 0x4663, 0xc96b, 0x474b, 0x054b, 0xc54a, 0x475b, 0x475b, 0x054b,
  0x064b, 0x064b, 0x064b, 0x064b, 0x064b, 0x064b, 0x064b, 0x2a64, 0xc963, 0x8763, 0x8763, 0x0753,
  0x495b, 0x485b, 0x0763, 0x8ea4, 0x50c5, 0xefc4, 0xb1b4, 0x32dd, 0x10ad, 0x161c, 0x753c, 0x7534,
  0x7534, 0x7534, 0x5534, 0xb644, 0x753c, 0x7534, 0x7534, 0x7534, 0x7534, 0x7534, 0x7534, 0x7534,
  0x5534, 0xd74c, 0x7634, 0x7734, 0x3434, 0x4d33, 0x5444, 0x753c, 0x7534, 0x7534, 0x7534, 0xf744,
  0x7534, 0x7534, 0x7534, 0x743c, 0xb734, 0x7724, 0x275b, 0x734c, 0x5a25, 0xbb55, 0x3a2d, 0x5a2d,
  0x192d, 0x5434, 0x353c, 0x7634, 0xb844, 0xcf33, 0xb82c, 0xf844, 0xd233, 0x553c, 0x8a3b, 0xcc43,
  0x7734, 0x553c, 0x553c, 0x743c, 0x7534, 0xf74c, 0x7534, 0x7634, 0x7534, 0x7534, 0x553c, 0x553c,
  0x7534, 0x7534, 0x7534, 0xb644, 0x7534, 0x753c, 0x7534, 0x7534, 0x7534, 0x7534, 0x7534, 0x7534,
  0x7534, 0xb644, 0x5534, 0x763c, 0x7534, 0x763c, 0x7534, 0x7534, 0x7534, 0x7634, 0xd31b, 0x307c,
  0x317c, 0xd31b, 0x7634, 0x7534, 0x553c, 0x7534, 0x7534, 0x7534, 0x7534, 0x5534, 0xd744, 0x5534,
  0x7534, 0x7534, 0x7534, 0x7534, 0x7534, 0x7534, 0x7534, 0x5534, 0xb644, 0x7534, 0x7534, 0x7534,
  0x7534, 0x7534, 0x7534, 0x7534, 0x7534, 0x5534, 0xd74c, 0x7534, 0x7534, 0x7534, 0x7534, 0x7534,
  0x7534, 0x7534, 0x7534, 0x7534, 0xf74c, 0x5534, 0x7534, 0x7534, 0x7534, 0x7534, 0x7534, 0x7534,
  0x7534, 0x7534, 0xb744, 0x5534, 0x7534, 0x7534, 0x7534, 0x7534, 0x7534, 0x7534, 0x7534, 0x753c,
  0xd74c, 0x5534, 0x7534, 0x7534, 0x7534, 0x553c, 0x7634, 0x9634, 0x113c, 0x8542, 0x0b7c, 0x0653,
  0x475b, 0x4863, 0x4863, 0xc64a, 0x8542, 0x863a, 0x453a, 0xc752, 0x0863, 0x854a, 0xc642, 0x063b,
  0xc642, 0x4d33, 0xb62c, 0x7634, 0x5534, 0x9634, 0xb744, 0x7434, 0x553c, 0x7534, 0x7534, 0x7534,
  0x7534, 0x553c, 0x7534, 0x953c, 0xd64c, 0x5534, 0x7534, 0x7534, 0x7534, 0x7534, 0x7534, 0x7534,
  0x7534, 0x963c, 0xb644, 0x7534, 0x953c, 0xd03b, 0x083b, 0x494b, 0x8b4b, 0x8b43, 0x8c43, 0xcf43,
  0x3344, 0x5444, 0x563c, 0x8e3b, 0xc95b, 0x074b, 0xc542, 0xc64a, 0xc542, 0x4753, 0x4853, 0x0653,
  0x4653, 0x4653, 0x064b, 0x064b, 0x064b, 0x064b, 0x064b, 0xc863, 0x8763, 0x896b, 0xcb7b, 0x4d9c,
  0x4c9c, 0x4973, 0xcc8b, 0x8dac, 0x10c5, 0x73c5, 0xcecc, 0xf2dd, 0x963c, 0x5534, 0x7534, 0x7534,
  0x7534, 0x7534, 0x5534, 0xb644, 0x753c, 0x7534, 0x7534, 0x7534, 0x7534, 0x7534, 0x7534, 0x7634,
  0x7634, 0xd74c, 0x753c, 0x7534, 0x753c, 0x543c, 0x743c, 0x7534, 0x7634, 0x7534, 0x5534, 0xf74c,
  0x553c, 0x553c, 0x753c, 0x922b, 0x103c, 0x3d25, 0x4e43, 0x413a, 0x322c, 0x9c55, 0x5b2d, 0x5a2d,
  0x7a2d, 0x5b2d, 0x7b35, 0xb62c, 0x8c33, 0x424a, 0x483b, 0x1845, 0x3334, 0x763c, 0x962c, 0x753c,
  0x753c, 0x743c, 0x7534, 0x762c, 0x7634, 0xf74c, 0x7434, 0x7634, 0x753c, 0x553c, 0x553c, 0x753c,
  0x7534, 0x753c, 0x7534, 0xb644, 0x7534, 0x753c, 0x7534, 0x7534, 0x7534, 0x7534, 0x7534, 0x7534,
  0x7534, 0xb744, 0x7534, 0x7534, 0x7534, 0x7534, 0x7534, 0x7534, 0x7534, 0x7634, 0xd31b, 0x307c,
  0x317c, 0x931b, 0x7634, 0x7534, 0x553c, 0x7534, 0x7534, 0x7534, 0x7534, 0x5534, 0xb744, 0x5534,
  0x7534, 0x7534, 0x7534, 0x7534, 0x7534, 0x7534, 0x7534, 0x5534, 0xb644, 0x7534, 0x7534, 0x7534,
  0x7534, 0x7534, 0x7534, 0x7534, 0x7534, 0x5534, 0xd74c, 0x7534, 0x7534, 0x7534, 0x7534, 0x7534,
  0x7534, 0x7534, 0x7534, 0x7534, 0xf74c, 0x5534, 0x7534, 0x7534, 0x7534, 0x7534, 0x7534, 0x7534,
  0x7534, 0x7534, 0xb744, 0x5534, 0x7534, 0x7534, 0x7534, 0x7534, 0x7534, 0x7534, 0x7534, 0x753c,
  0xd74c, 0x7434, 0x7534, 0x7534, 0x7634, 0x7534, 0x7534, 0x953c, 0x8f43, 0xc64a, 0xca73, 0x485b,
  0x8863, 0xc64a, 0xc64a, 0x8542, 0x8542, 0x843a, 0x8542, 0x2b7c, 0xcb7b, 0x4442, 0x844a, 0x844a,
  0x834a, 0x824a, 0x0c23, 0x1935, 0x553c, 0x5544, 0xb83c, 0x5534, 0x553c, 0x553c, 0x553c, 0x553c,
  0x553c, 0x553c, 0x7534, 0x963c, 0xb64c, 0x5534, 0x7534, 0x7534, 0x7534, 0x7534, 0x7534, 0x7534,
  0x7534, 0x9644, 0xb644, 0x7534, 0x7534, 0x753c, 0x5344, 0x543c, 0x7534, 0x753c, 0x753c, 0x553c,
  0x5534, 0x7534, 0x7634, 0x763c, 0x5444, 0xd13b, 0x0843, 0xc552, 0xc542, 0x474b, 0x0753, 0xc54a,
  0x4753, 0x4753, 0x064b, 0xc54a, 0xc64a, 0x064b, 0x064b, 0xc863, 0x8763, 0x485b, 0x0c7c, 0xefb4,
  0x6dac, 0x4da4, 0x0c9c, 0xafb4, 0x8fac, 0x8fb4, 0x91cd, 0xd25c, 0x3624, 0x553c, 0x7534, 0x7534,
  0x7534, 0x7534, 0x5534, 0xb744, 0x753c, 0x553c, 0x7534, 0x7534, 0x7534, 0x7534, 0x7534, 0x7534,
  0x7634, 0xd64c, 0x753c, 0x7634, 0x7534, 0x553c, 0x753c, 0x7534, 0x7534, 0x7534, 0x5534, 0xf74c,
  0x7534, 0x7534, 0x753c, 0x953c, 0x072a, 0x8a4b, 0xd223, 0x064b, 0x902b, 0xbd45, 0x5b2d, 0xd634,
  0x3b35, 0x1b25, 0x1825, 0x0743, 0x043a, 0xc742, 0x0f4c, 0x1755, 0xb624, 0x7634, 0x763c, 0x9734,
  0x7634, 0x7534, 0x553c, 0x753c, 0x7634, 0x1745, 0x7434, 0x553c, 0x553c, 0x7634, 0x752c, 0x7534,
  0x7534, 0x753c, 0x7534, 0xb644, 0x7434, 0x753c, 0x7534, 0x7534, 0x7534, 0x7534, 0x7534, 0x7534,
  0x7534, 0xb744, 0x5534, 0x7534, 0x7534, 0x7534, 0x7534, 0x7534, 0x7534, 0x7634, 0xd31b, 0x307c,
  0x317c, 0x9323, 0x763c, 0x753c, 0x553c, 0x7534, 0x753c, 0x553c, 0x753c, 0x7534, 0xd744, 0x553c,
  0x753c, 0x753c, 0x753c, 0x753c, 0x7534, 0x753c, 0x753c, 0x5534, 0x964c, 0x753c, 0x753c, 0x753c,
  0x753c, 0x753c, 0x753c, 0x753c, 0x553c, 0x553c, 0xd74c, 0x7534, 0x753c, 0x753c, 0x753c, 0x753c,
  0x753c, 0x753c, 0x753c, 0x7534, 0xf74c, 0x553c, 0x753c, 0x753c, 0x753c, 0x753c, 0x553c, 0x753c,
  0x753c, 0x553c, 0xb644, 0x5534, 0x753c, 0x753c, 0x753c, 0x753c, 0x753c, 0x553c, 0x553c, 0x753c,
  0xd74c, 0x5534, 0x753c, 0x753c, 0x753c, 0x7634, 0x763c, 0x3244, 0xc842, 0x075b, 0x0b74, 0x0653,
  0xc652, 0xc54a, 0x8542, 0x8542, 0x8542, 0x8542, 0x8542, 0x475b, 0xc963, 0x853a, 0xc642, 0xc642,
  0x8542, 0x843a, 0x677b, 0x8d43, 0xf844, 0x5634, 0xb54c, 0x553c, 0x7634, 0x7534, 0x7534, 0x7534,
  0x7534, 0x7534, 0x7534, 0x953c, 0xb64c, 0x7534, 0x753c, 0x753c, 0x553c, 0x553c, 0x753c, 0x753c,
  0x553c, 0x9644, 0xb644, 0x7534, 0x7634, 0x7534, 0x753c, 0x763c, 0x7534, 0x7534, 0x753c, 0x543c,
  0x543c, 0x753c, 0x7434, 0x543c, 0x7734, 0x9a3c, 0x8c43, 0x844a, 0x854a, 0x0653, 0xc652, 0x8542,
  0xc54a, 0xc64a, 0xc64a, 0xc64a, 0xc54a, 0xc54a, 0x8542, 0x885b, 0x895b, 0x8763, 0x8973, 0x10a5,
  0xafac, 0xafb4, 0x8eb4, 0x2ea4, 0x8b93, 0x4c8c, 0xd45c, 0x152c, 0x753c, 0x753c, 0x753c, 0x753c,
  0x753c, 0x553c, 0x553c, 0xb644, 0x753c, 0x553c, 0x753c, 0x753c, 0x753c, 0x553c, 0x553c, 0x7534,
  0x7534, 0xf64c, 0x753c, 0x7534, 0x7534, 0x753c, 0x553c, 0x553c, 0x7534, 0x7534, 0x7434, 0xf74c,
  0x753c, 0x7534, 0x7534, 0x953c, 0x5644, 0x463b, 0x474b, 0x0b5b, 0xc55a, 0x194d, 0x5b25, 0x1a2d,
  0x7534, 0x8e43, 0x8532, 0x4252, 0x4342, 0x482a, 0x113c, 0xf954, 0x7634, 0x972c, 0x7534, 0x763c,
  0x3334, 0x5434, 0x563c, 0x553c, 0x753c, 0x3745, 0x543c, 0x553c, 0x753c, 0x7534, 0x753c, 0x753c,
  0x753c, 0x753c, 0x7534, 0xb64c, 0x553c, 0x753c, 0x7534, 0x553c, 0x553c, 0x753c, 0x753c, 0x753c,
  0x553c, 0xb744, 0x553c, 0x753c, 0x753c, 0x753c, 0x753c, 0x753c, 0x753c, 0x763c, 0xd323, 0x307c,
  0x317c, 0x9223, 0x553c, 0x553c, 0x353c, 0x7434, 0x5534, 0x543c, 0x543c, 0x3434, 0xb644, 0x3434,
  0x553c, 0x553c, 0x5434, 0x543c, 0x5434, 0x5434, 0x5434, 0x3434, 0x9644, 0x5434, 0x5434, 0x543c,
  0x7434, 0x5434, 0x5534, 0x553c, 0x543c, 0x3434, 0xb64c, 0x3434, 0x553c, 0x5534, 0x5434, 0x5434,
  0x5434, 0x5434, 0x7434, 0x3434, 0xb64c, 0x3434, 0x553c, 0x5534, 0x5534, 0x5534, 0x5534, 0x553c,
  0x543c, 0x343c, 0x9644, 0x3434, 0x553c, 0x5534, 0x5434, 0x343c, 0x343c, 0x343c, 0x543c, 0x343c,
  0xb64c, 0x3434, 0x353c, 0x343c, 0x343c, 0x3534, 0x333c, 0x0a43, 0xc65a, 0xc652, 0x896b, 0xc54a,
  0xc54a, 0x8542, 0x8542, 0x8542, 0x8542, 0x4542, 0x864a, 0xc64a, 0x475b, 0x8542, 0x8542, 0x8542,
  0x4442, 0x4442, 0x8763, 0x2aa4, 0xd133, 0x1835, 0x9644, 0x3434, 0x3344, 0x333c, 0x343c, 0x3434,
  0x3534, 0x5434, 0x5434, 0x543c, 0x954c, 0x3434, 0x543c, 0x5534, 0x353c, 0x353c, 0x5434, 0x5534,
  0x3434, 0x753c, 0x7544, 0x3434, 0x3434, 0x3534, 0x3534, 0x343c, 0x343c, 0x343c, 0x343c, 0x143c,
  0x143c, 0x353c, 0x353c, 0x343c, 0x3434, 0x763c, 0x0b3b, 0x8552, 0x854a, 0xc652, 0xc652, 0x8542,
  0x854a, 0xc64a, 0xc64a, 0xc64a, 0xc64a, 0xc64a, 0x4442, 0x095b, 0x4963, 0x4863, 0x8873, 0x086b,
  0xcc8b, 0x8fb4, 0xf0bc, 0xcaa3, 0xc85a, 0x973c, 0x123c, 0x353c, 0x353c, 0x5434, 0x343c, 0x5434,
  0x5434, 0x553c, 0x3434, 0x9644, 0x543c, 0x343c, 0x5434, 0x5434, 0x5434, 0x543c, 0x343c, 0x5534,
  0x5434, 0x954c, 0x343c, 0x5534, 0x5534, 0x3534, 0x3534, 0x343c, 0x343c, 0x343c, 0x343c, 0x964c,
  0x343c, 0x353c, 0x343c, 0x343c, 0x9534, 0xce53, 0x844a, 0xc64a, 0x085b, 0x9554, 0x3b25, 0x982c,
  0x834a, 0xc74a, 0x4642, 0x433a, 0x843a, 0x0453, 0x913b, 0x545c, 0xca4a, 0x8c4b, 0x8b43, 0x553c,
  0x4c33, 0xce43, 0x7734, 0x5744, 0x3544, 0x945c, 0xd433, 0x3534, 0x343c, 0x3344, 0x1444, 0x343c,
  0x3434, 0x353c, 0x7434, 0x9644, 0x3434, 0x353c, 0x5534, 0x5434, 0x5434, 0x5434, 0x5434, 0x543c,
  0x3434, 0x9644, 0x3434, 0x553c, 0x5534, 0x5534, 0x553c, 0x553c, 0x553c, 0x553c, 0x931b, 0x307c,
  0x317c, 0x9223, 0x553c, 0x553c, 0x353c, 0x5434, 0x553c, 0x543c, 0x543c, 0x3434, 0xb644, 0x3434,
  0x553c, 0x543c, 0x543c, 0x543c, 0x7434, 0x543c, 0x543c, 0x3434, 0x964c, 0x5434, 0x7434, 0x543c,
  0x7434, 0x7434, 0x7434, 0x5434, 0x543c, 0x3434, 0xb64c, 0x3434, 0x543c, 0x543c, 0x543c, 0x543c,
  0x543c, 0x543c, 0x543c, 0x3434, 0xb64c, 0x3434, 0x553c, 0x5534, 0x5534, 0x553c, 0x543c, 0x543c,
  0x543c, 0x343c, 0x9544, 0x3434, 0x543c, 0x553c, 0x543c, 0x543c, 0x543c, 0x343c, 0x543c, 0x922b,
  0x9544, 0x343c, 0x353c, 0x353c, 0x353c, 0x553c, 0xcf43, 0x075b, 0xc552, 0xc64a, 0x8963, 0x8542,
  0x8542, 0x8542, 0x8542, 0x8542, 0x8542, 0x844a, 0x8542, 0xc64a, 0x0753, 0x443a, 0xc552, 0xc552,
  0x854a, 0x8552, 0x434a, 0x085b, 0xc452, 0xcf43, 0x3a3d, 0x5534, 0x3534, 0x3434, 0x343c, 0x3444,
  0x3444, 0x343c, 0x3534, 0x7534, 0x954c, 0x3434, 0x543c, 0x543c, 0x343c, 0x343c, 0x543c, 0x5434,
  0x3434, 0x753c, 0x7544, 0x343c, 0x343c, 0x343c, 0x343c, 0x3534, 0x5534, 0x3534, 0x343c, 0x343c,
  0x143c, 0x343c, 0x343c, 0x343c, 0x333c, 0x333c, 0xc93a, 0x4452, 0x444a, 0x8a63, 0x4963, 0x854a,
  0x854a, 0x854a, 0x854a, 0x854a, 0x854a, 0x854a, 0x8542, 0x886b, 0xca73, 0x0632, 0x884a, 0xcc83,
  0x897b, 0xcc83, 0x6eb4, 0xc983, 0x7724, 0x9544, 0x3544, 0x343c, 0x543c, 0x343c, 0x343c, 0x543c,
  0x543c, 0x543c, 0x3434, 0x9544, 0x543c, 0x343c, 0x543c, 0x5434, 0x5434, 0x543c, 0x343c, 0x553c,
  0x3434, 0x954c, 0x343c, 0x343c, 0x553c, 0x5534, 0x353c, 0x343c, 0x343c, 0x553c, 0x343c, 0xb64c,
  0x343c, 0x353c, 0x3534, 0x343c, 0x3434, 0x9534, 0x4a53, 0xc54a, 0x4552, 0x5254, 0x5a45, 0xd92c,
  0x864a, 0x065b, 0x0653, 0xc44a, 0xc54a, 0x494b, 0x3544, 0x524c, 0x103c, 0xce43, 0x5634, 0x3534,
  0xd333, 0x753c, 0x122c, 0xc83a, 0xca32, 0xb84c, 0x5834, 0x553c, 0x5544, 0x553c, 0x5534, 0x553c,
  0x5434, 0x3434, 0x3434, 0x964c, 0x3434, 0x353c, 0x5534, 0x5434, 0x5434, 0x5434, 0x7434, 0x543c,
  0x3434, 0x9644, 0x3434, 0x553c, 0x553c, 0x553c, 0x5534, 0x553c, 0x553c, 0x553c, 0x931b, 0x307c,
  0x317c, 0x9323, 0x763c, 0x753c, 0x553c, 0x7534, 0x753c, 0x753c, 0x753c, 0x553c, 0xd744, 0x553c,
  0x753c, 0x753c, 0x753c, 0x553c, 0x7534, 0x753c, 0x753c, 0x5534, 0xb64c, 0x753c, 0x753c, 0x753c,
  0x753c, 0x753c, 0x753c, 0x553c, 0x553c, 0x553c, 0xf74c, 0x553c, 0x753c, 0x753c, 0x753c, 0x553c,
  0x553c, 0x553c, 0x753c, 0x553c, 0xd74c, 0x553c, 0x753c, 0x753c, 0x753c, 0x553c, 0x553c, 0x753c,
  0x753c, 0x553c, 0xb644, 0x553c, 0x753c, 0x553c, 0x553c, 0x553c, 0x553c, 0x553c, 0x553c, 0x753c,
  0xf74c, 0x543c, 0x753c, 0x7534, 0x7534, 0x753c, 0xcf4b, 0x886b, 0x8542, 0x8542, 0x895b, 0x8542,
  0x8542, 0xc64a, 0xc542, 0xc64a, 0x8542, 0x8542, 0x843a, 0xc64a, 0x4853, 0x8542, 0x0653, 0x8763,
  0x4753, 0xc64a, 0x8552, 0xc44a, 0x075b, 0xc552, 0x2e4c, 0xb54c, 0x193d, 0xd834, 0x9734, 0x5634,
  0x553c, 0x553c, 0x553c, 0x763c, 0xd64c, 0x543c, 0x753c, 0x553c, 0x553c, 0x553c, 0x553c, 0x753c,
  0x553c, 0x963c, 0xb644, 0x553c, 0x553c, 0x553c, 0x553c, 0x553c, 0x553c, 0x553c, 0x753c, 0x7434,
  0x7434, 0x743c, 0x7534, 0x7434, 0x553c, 0x763c, 0x4b3b, 0x844a, 0x4442, 0x0c74, 0xcb6b, 0xc54a,
  0xc54a, 0xc54a, 0xc64a, 0x854a, 0x854a, 0x8542, 0xc542, 0x0a6c, 0xca6b, 0x094b, 0x2d74, 0x2c84,
  0x4b8c, 0x4b94, 0xcc8b, 0x142c, 0x762c, 0xb64c, 0x7544, 0x7534, 0x553c, 0x553c, 0x553c, 0x7534,
  0x753c, 0x7534, 0x553c, 0xb644, 0x753c, 0x553c, 0x553c, 0x7534, 0x7534, 0x553c, 0x553c, 0x553c,
  0x7534, 0xf74c, 0x753c, 0x553c, 0x553c, 0x553c, 0x553c, 0x553c, 0x7534, 0x7534, 0x7534, 0xf74c,
  0x753c, 0x7534, 0x7534, 0x7534, 0x573c, 0x732c, 0x953c, 0xc73a, 0x844a, 0x0953, 0x323c, 0x1a2d,
  0x962c, 0x0353, 0x044b, 0xc542, 0xc542, 0x5344, 0x752c, 0x055b, 0xc83a, 0xd934, 0x343c, 0x353c,
  0x7534, 0x3434, 0xb824, 0x0a33, 0x462a, 0x7765, 0x8b33, 0xc532, 0x8d43, 0x333c, 0xb834, 0x963c,
  0x753c, 0x753c, 0x753c, 0xb64c, 0x7534, 0x753c, 0x7534, 0x753c, 0x753c, 0x753c, 0x753c, 0x753c,
  0x553c, 0xb644, 0x553c, 0x753c, 0x753c, 0x753c, 0x753c, 0x753c, 0x753c, 0x763c, 0xd31b, 0x307c,
  0x317c, 0x931b, 0x7634, 0x7534, 0x553c, 0x7534, 0x7534, 0x7534, 0x7534, 0x5534, 0xd744, 0x7534,
  0x753c, 0x7534, 0x7534, 0x753c, 0x7534, 0x7534, 0x7534, 0x5534, 0xb644, 0x7534, 0x7534, 0x7534,
  0x7534, 0x7534, 0x7534, 0x7534, 0x7534, 0x5534, 0xd74c, 0x7534, 0x7534, 0x7534, 0x7534, 0x7534,
  0x7534, 0x7534, 0x7534, 0x5534, 0xd74c, 0x3534, 0x753c, 0x7534, 0x7534, 0x7534, 0x7534, 0x7534,
  0x753c, 0x7534, 0xb644, 0x7534, 0x7534, 0x7534, 0x7534, 0x7534, 0x7534, 0x7534, 0x7534, 0x753c,
  0xd74c, 0x5534, 0x7534, 0x7534, 0x7534, 0x7634, 0xcf53, 0xc652, 0xc542, 0xc642, 0x485b, 0xc542,
  0xc642, 0x064b, 0xc64a, 0xc64a, 0x8642, 0xc64a, 0x864a, 0xc64a, 0x8863, 0x0653, 0xc64a, 0xc74a,
  0x064b, 0x064b, 0x074b, 0xc74a, 0x0753, 0x065b, 0x8773, 0x0553, 0x867b, 0xc86b, 0x6f54, 0xb53c,
  0x762c, 0x7634, 0x7534, 0x953c, 0xd74c, 0x5534, 0x7534, 0x7534, 0x7534, 0x7534, 0x7534, 0x7534,
  0x7534, 0x963c, 0xb63c, 0x5534, 0x7534, 0x7534, 0x7534, 0x7534, 0x7534, 0x7534, 0x7534, 0x5534,
  0x7534, 0x553c, 0x7634, 0x5634, 0x543c, 0x7534, 0x5434, 0xca32, 0xc652, 0x876b, 0x8963, 0x4753,
  0x0753, 0xc64a, 0x064b, 0xc54a, 0x0753, 0xc64a, 0xc54a, 0xcb6b, 0x4853, 0x2b84, 0xad9c, 0x0b84,
  0xcb83, 0x0b94, 0x7154, 0x7734, 0x343c, 0xb644, 0x953c, 0x7534, 0x7534, 0x7534, 0x7534, 0x7534,
  0xb63c, 0x963c, 0x5534, 0xb744, 0x753c, 0x7534, 0x7534, 0x7534, 0x7534, 0x7534, 0x7534, 0x7534,
  0x5534, 0xf744, 0x753c, 0x7534, 0x7534, 0x7534, 0x7534, 0x7534, 0x7534, 0x7534, 0x7534, 0xd74c,
  0x553c, 0x7534, 0x7534, 0x553c, 0x543c, 0x563c, 0xb834, 0x9144, 0x833a, 0x4873, 0x323c, 0x9b3d,
  0xf91c, 0xd12b, 0x922b, 0x4c53, 0x8a3b, 0xb92c, 0x143c, 0x0e74, 0x0b23, 0xd04b, 0x992c, 0x3034,
  0x2f44, 0xd233, 0x1244, 0x7544, 0x0a2b, 0x8953, 0x033a, 0x4342, 0x4542, 0x433a, 0xc742, 0xd233,
  0x953c, 0x7734, 0x7534, 0xf84c, 0x3334, 0x5434, 0x753c, 0x7534, 0x7534, 0x7534, 0x7534, 0x7534,
  0x7534, 0xb744, 0x7534, 0x7534, 0x7534, 0x7534, 0x7534, 0x7534, 0x7534, 0x7634, 0xd31b, 0x307c,
  0x317c, 0xd31b, 0x7634, 0x7534, 0x7534, 0x7534, 0x7534, 0x7534, 0x7534, 0x5534, 0xd744, 0x5534,
  0x753c, 0x7534, 0x7534, 0x7534, 0x7534, 0x7534, 0x7534, 0x5534, 0xb644, 0x7534, 0x7534, 0x7534,
  0x7534, 0x7534, 0x7534, 0x7534, 0x7534, 0x5534, 0xf74c, 0x7534, 0x7534, 0x7534, 0x7534, 0x7534,
  0x7534, 0x7534, 0x7534, 0x7534, 0xf74c, 0x5534, 0x7534, 0x7534, 0x7534, 0x7534, 0x7534, 0x7534,
  0x753c, 0x7534, 0xb744, 0x5534, 0x7534, 0x7534, 0x7534, 0x7534, 0x7534, 0x7534, 0x7534, 0x7534,
  0xf744, 0x7434, 0x7534, 0x7534, 0x7634, 0xd32b, 0xb3ad, 0x855a, 0xc642, 0x064b, 0x8963, 0x8542,
  0xc542, 0x064b, 0x064b, 0xc64a, 0xc64a, 0xc64a, 0x8542, 0xc64a, 0x8863, 0xc54a, 0x0653, 0xc64a,
  0xc54a, 0x8542, 0xc642, 0x064b, 0x4753, 0x475b, 0xc96b, 0x4653, 0x876b, 0x8a73, 0x2974, 0x6c6c,
  0x5354, 0x7634, 0x7434, 0x763c, 0xd64c, 0x5534, 0x7534, 0x7534, 0x7534, 0x7534, 0x7534, 0x7534,
  0x7534, 0x9644, 0xb644, 0x7534, 0x7534, 0x7534, 0x553c, 0x7534, 0x7534, 0x7534, 0x7534, 0x5534,
  0x5534, 0x7534, 0x7534, 0x7534, 0x7534, 0x7534, 0xb734, 0xd22b, 0xc74a, 0xca6b, 0x485b, 0x0653,
  0x485b, 0x064b, 0xc64a, 0xc64a, 0x4753, 0x4753, 0x054b, 0xee63, 0x4953, 0x8763, 0x8863, 0x0a7c,
  0xca83, 0x8963, 0x7634, 0x7634, 0x5534, 0xb644, 0x953c, 0x7634, 0x7534, 0x553c, 0x7634, 0x7634,
  0xb634, 0xb73c, 0x7534, 0xb644, 0x753c, 0x7534, 0x7534, 0x7534, 0x7534, 0x7534, 0x7534, 0x963c,
  0x7534, 0xf74c, 0x753c, 0x7534, 0x7534, 0x7534, 0x7534, 0x7534, 0x7534, 0x7534, 0x7534, 0xf74c,
  0x753c, 0x7534, 0x7534, 0x7534, 0x733c, 0x762c, 0x5734, 0xb73c, 0x0f44, 0x0c54, 0xb33c, 0xf83c,
  0xb724, 0xb92c, 0xda34, 0xfa2c, 0xdb24, 0xfb2c, 0x333c, 0x7244, 0x7534, 0xcf33, 0x9634, 0x753c,
  0x763c, 0x753c, 0x753c, 0xb92c, 0x743c, 0xf744, 0x112c, 0xc83a, 0xc63a, 0xc542, 0x853a, 0xc442,
  0x4a4b, 0x7834, 0x132c, 0x743c, 0x8b33, 0x743c, 0x3534, 0x7434, 0x7534, 0x763c, 0x7534, 0x7534,
  0x7534, 0xd744, 0x7534, 0x7534, 0x7534, 0x7534, 0x7534, 0x7534, 0x7534, 0x7634, 0xd31b, 0x307c,
  0x317c, 0xd31b, 0x763c, 0x553c, 0x7534, 0x7534, 0x553c, 0x7534, 0x7534, 0x5534, 0xd644, 0x5534,
  0x753c, 0x7534, 0x7534, 0x553c, 0x7534, 0x7534, 0x7534, 0x5534, 0xb64c, 0x7534, 0x7534, 0x7534,
  0x7534, 0x7534, 0x7534, 0x7534, 0x7534, 0x5534, 0xf74c, 0x7534, 0x7534, 0x7534, 0x7534, 0x7534,
  0x7534, 0x7534, 0x7534, 0x5534, 0xf74c, 0x5534, 0x753c, 0x7534, 0x7534, 0x7534, 0x7534, 0x7534,
  0x753c, 0x7534, 0xb644, 0x5534, 0x753c, 0x7534, 0x7534, 0x7534, 0x7534, 0x7534, 0x7534, 0x753c,
  0xd74c, 0x5534, 0x553c, 0x553c, 0x7534, 0x752c, 0x134c, 0x2c94, 0x854a, 0xc642, 0x4853, 0x8642,
  0xc64a, 0x0653, 0x0753, 0xc64a, 0xc642, 0xc64a, 0xc642, 0x8542, 0x485b, 0xc542, 0x064b, 0xc64a,
  0x064b, 0x0653, 0x4753, 0x485b, 0x485b, 0x896b, 0x896b, 0x475b, 0xc963, 0x096c, 0x097c, 0x8a6c,
  0x8a6b, 0x972c, 0x7534, 0x753c, 0xd64c, 0x5534, 0x7534, 0x7534, 0x7534, 0x7534, 0x7534, 0x7534,
  0x7534, 0x9644, 0xb644, 0x7534, 0x7534, 0x7534, 0x553c, 0x7534, 0x7534, 0x7534, 0x753c, 0x5534,
  0x5534, 0x7534, 0x7534, 0x7534, 0x7534, 0x7534, 0x753c, 0x5534, 0x4c43, 0xa86b, 0x0653, 0xc64a,
  0x064b, 0x064b, 0x0653, 0x885b, 0x4753, 0x4753, 0x4653, 0xcb63, 0x4853, 0x475b, 0x4653, 0x6c84,
  0x8973, 0xa863, 0x9634, 0x7534, 0x7534, 0xd73c, 0x953c, 0x7534, 0x7534, 0x7534, 0x553c, 0x7534,
  0x7534, 0x7534, 0x5534, 0xb644, 0x753c, 0x7534, 0x7534, 0x7534, 0x7534, 0x7534, 0x7534, 0xb63c,
  0x7534, 0xd74c, 0x753c, 0x7534, 0x7534, 0x7534, 0x553c, 0x7534, 0x7534, 0x7534, 0x5534, 0xf74c,
  0x753c, 0x553c, 0x7534, 0x7534, 0x762c, 0x743c, 0x563c, 0x7634, 0x952c, 0x393d, 0x074b, 0x856a,
  0xd03b, 0xcd33, 0x503c, 0xb534, 0xf82c, 0x3735, 0xb634, 0x194d, 0x953c, 0x982c, 0x7834, 0x7534,
  0x7534, 0x7534, 0x5434, 0x7624, 0x103c, 0x543c, 0x780c, 0xc84a, 0x8452, 0xc54a, 0xc45a, 0x854a,
  0x4242, 0x484b, 0xf824, 0x744c, 0x5734, 0x3644, 0x762c, 0x3334, 0x7534, 0x7534, 0x7534, 0x753c,
  0x7534, 0xd744, 0x5534, 0x7534, 0x7534, 0x7534, 0x7534, 0x7534, 0x7534, 0x7634, 0xd31b, 0x307c,
  0x317c, 0xd31b, 0x763c, 0x553c, 0x7534, 0x7534, 0x553c, 0x7534, 0x7534, 0x5534, 0xd644, 0x5534,
  0x753c, 0x7534, 0x7534, 0x553c, 0x7534, 0x7534, 0x7534, 0x5534, 0xb64c, 0x7534, 0x7534, 0x7534,
  0x7534, 0x7534, 0x7534, 0x7534, 0x7534, 0x7434, 0xf74c, 0x7534, 0x7534, 0x7534, 0x7534, 0x7534,
  0x7534, 0x7534, 0x7534, 0x7534, 0xf74c, 0x5534, 0x753c, 0x7534, 0x7534, 0x753c, 0x7534, 0x753c,
  0x753c, 0x7534, 0xb644, 0x5534, 0x753c, 0x753c, 0x7534, 0x753c, 0x7534, 0x7534, 0x553c, 0x753c,
  0xd74c, 0x5534, 0x553c, 0x553c, 0x7534, 0x9634, 0xd423, 0xd15b, 0x497b, 0x433a, 0xca63, 0x853a,
  0xc64a, 0x0753, 0x0753, 0x064b, 0xc642, 0xc64a, 0xc64a, 0x0753, 0x4753, 0xc64a, 0xc64a, 0xc64a,
  0xc64a, 0xc64a, 0x4753, 0x485b, 0x8863, 0x4863, 0xc973, 0x0653, 0xc96b, 0x2974, 0x2874, 0x2994,
  0xc95b, 0x9934, 0x7434, 0x753c, 0xd64c, 0x5434, 0x7534, 0x7534, 0x7534, 0x7534, 0x7534, 0x7534,
  0x7534, 0x9544, 0xb644, 0x5534, 0x7534, 0x7534, 0x553c, 0x7534, 0x7534, 0x7534, 0x753c, 0x5534,
  0x5534, 0x7534, 0x7534, 0x7534, 0x7534, 0x7534, 0x543c, 0x7634, 0x3244, 0x0663, 0x8863, 0x0753,
  0xc64a, 0xc64a, 0xc64a, 0x064b, 0x0653, 0x4753, 0x064b, 0xc95b, 0x4853, 0x8963, 0x895b, 0xc863,
  0x475b, 0x464b, 0x7534, 0x7534, 0x7534, 0xd73c, 0x953c, 0x553c, 0x7534, 0x7634, 0x7534, 0x7534,
  0x7534, 0x7534, 0x5534, 0xb744, 0x753c, 0x7534, 0x553c, 0x553c, 0x7534, 0x7534, 0x753c, 0x7534,
  0x5534, 0xd74c, 0x753c, 0x7534, 0x7534, 0x7534, 0x553c, 0x7534, 0x7534, 0x7534, 0x5534, 0xf74c,
  0x753c, 0x753c, 0x7534, 0x7534, 0x553c, 0x7534, 0x743c, 0x7534, 0x552c, 0x9754, 0x972c, 0x5434,
  0xd243, 0xcb43, 0xc93b, 0x8d33, 0x3334, 0x3234, 0xd033, 0x7354, 0x1334, 0x5434, 0x323c, 0x1234,
  0x5434, 0x7534, 0x7334, 0x952c, 0xfa24, 0x1845, 0x1134, 0x8b63, 0xce4b, 0xc742, 0x8442, 0xce33,
  0x712c, 0x0442, 0x5244, 0x5b55, 0x7634, 0x7534, 0x952c, 0x753c, 0x5434, 0x5434, 0x7434, 0x753c,
  0x553c, 0xb744, 0x5534, 0x7534, 0x7534, 0x7534, 0x7534, 0x7534, 0x7534, 0x7634, 0xd31b, 0x307c,
  0x317c, 0xd31b, 0x7634, 0x7534, 0x7534, 0x7534, 0x553c, 0x7534, 0x7534, 0x5534, 0xd744, 0x5534,
  0x7534, 0x7534, 0x7534, 0x7534, 0x7534, 0x7534, 0x7534, 0x5534, 0xb644, 0x7534, 0x7534, 0x7534,
  0x7534, 0x7534, 0x7534, 0x7534, 0x7534, 0x5534, 0xd74c, 0x7534, 0x7534, 0x7534, 0x7534, 0x7534,
  0x7534, 0x7534, 0x7534, 0x7534, 0xf74c, 0x5534, 0x7534, 0x7534, 0x7534, 0x7534, 0x7534, 0x7534,
  0x7534, 0x7534, 0xb644, 0x5534, 0x7534, 0x7534, 0x7534, 0x7534, 0x7534, 0x7534, 0x7534, 0x753c,
  0xd74c, 0x5534, 0x753c, 0x553c, 0x7634, 0x7534, 0x753c, 0x1524, 0x8f84, 0x8552, 0x485b, 0xc53a,
  0x8542, 0xc64a, 0x0753, 0x0753, 0x0643, 0x064b, 0x064b, 0x8542, 0x4753, 0xc64a, 0x0653, 0x4753,
  0xc64a, 0x0653, 0x0653, 0x475b, 0x896b, 0x2b7c, 0xc973, 0x8863, 0x896b, 0x286c, 0x6c8c, 0x2894,
  0x943c, 0x563c, 0x5534, 0x753c, 0xd64c, 0x5534, 0x7534, 0x7534, 0x7534, 0x7534, 0x7534, 0x7534,
  0x7534, 0x9644, 0xb63c, 0x7534, 0x7534, 0x7534, 0x7534, 0x7534, 0x7534, 0x7534, 0x7534, 0x5534,
  0x5534, 0x7534, 0x7534, 0x7534, 0x7534, 0x7534, 0x543c, 0x772c, 0x5434, 0x8773, 0x485b, 0x0653,
  0x0653, 0xc64a, 0xc64a, 0x0653, 0x064b, 0x4653, 0x0553, 0x895b, 0x4853, 0x475b, 0x4953, 0x4653,
  0x475b, 0x8653, 0x3144, 0x753c, 0x5534, 0xb744, 0x7544, 0x7534, 0x553c, 0x7634, 0x7534, 0x7534,
  0x7534, 0x553c, 0x5534, 0xd744, 0xb634, 0x7534, 0x7534, 0x7534, 0x7534, 0x7534, 0x7534, 0x7534,
  0x5534, 0xd74c, 0x753c, 0x7534, 0x7534, 0x7534, 0x7534, 0x7534, 0x7534, 0x7534, 0x7534, 0xf744,
  0x753c, 0x7534, 0x7534, 0x7534, 0x753c, 0x7534, 0x7534, 0x7534, 0x5534, 0xd64c, 0x762c, 0x972c,
  0x9534, 0x7634, 0x783c, 0x573c, 0x5634, 0x5534, 0x333c, 0xb44c, 0x752c, 0x543c, 0xcc3b, 0x7434,
  0x9834, 0xd734, 0xf934, 0xfa34, 0xfa24, 0xf844, 0x751c, 0x7c1d, 0x7b25, 0x7675, 0x175d, 0xb91c,
  0xda34, 0xd03b, 0x883a, 0xd644, 0xb52c, 0x9634, 0x7534, 0x7534, 0x7534, 0x7534, 0x5434, 0x7534,
  0x7534, 0xb744, 0x7534, 0x7534, 0x7534, 0x7534, 0x7534, 0x7534, 0x7534, 0x7634, 0xd31b, 0x307c,
  0x317c, 0xd31b, 0x7634, 0x7534, 0x7534, 0x7534, 0x7534, 0x7534, 0x7534, 0x7534, 0xd744, 0x7534,
  0x7534, 0x7534, 0x7534, 0x7534, 0x7534, 0x7534, 0x7534, 0x7534, 0xb644, 0x7534, 0x7534, 0x7534,
  0x7534, 0x7534, 0x7534, 0x7534, 0x7534, 0x5534, 0xf744, 0x7534, 0x7534, 0x7534, 0x7534, 0x7534,
  0x7534, 0x7534, 0x7534, 0x7534, 0xf744, 0x5534, 0x7534, 0x7534, 0x7534, 0x7534, 0x7534, 0x7534,
  0x7534, 0x7534, 0xb744, 0x7534, 0x7534, 0x7534, 0x7534, 0x7534, 0x7534, 0x7534, 0x7534, 0x753c,
  0xf744, 0x5534, 0x7534, 0x7534, 0x7634, 0x553c, 0x7534, 0x762c, 0x724c, 0xcc83, 0x075b, 0xc642,
  0x0643, 0xc64a, 0x064b, 0xc54a, 0x064b, 0xc542, 0x0653, 0x0653, 0x475b, 0x0653, 0x475b, 0x475b,
  0x064b, 0x475b, 0x433a, 0x475b, 0x8863, 0x2b7c, 0x896b, 0x8863, 0x8a7b, 0x096c, 0xcb83, 0xd04b,
  0x972c, 0x553c, 0x7534, 0x9534, 0xd74c, 0x5534, 0x7534, 0x7534, 0x7534, 0x7534, 0x7534, 0x7534,
  0x7534, 0x963c, 0xb63c, 0x7534, 0x7534, 0x7534, 0x7534, 0x7534, 0x7534, 0x7534, 0x7534, 0x5534,
  0x5534, 0x7534, 0x7534, 0x7534, 0x7534, 0x7534, 0x743c, 0x772c, 0x543c, 0x8973, 0x485b, 0x0653,
  0xc64a, 0xc652, 0xc54a, 0xc64a, 0x064b, 0x064b, 0xc54a, 0x895b, 0x885b, 0x875b, 0x8b5b, 0x885b,
  0xa763, 0x8763, 0x8b53, 0x9634, 0x7534, 0xb64c, 0x753c, 0x762c, 0x553c, 0x7534, 0x7534, 0x7534,
  0x7534, 0x7534, 0x5534, 0xb73c, 0xd73c, 0x963c, 0x7534, 0x7534, 0x7534, 0x7534, 0x7534, 0x7634,
  0x5534, 0xf744, 0x7534, 0x7534, 0x7534, 0x7534, 0x7534, 0x7534, 0x7534, 0x7534, 0x7534, 0xf744,
  0x753c, 0x7534, 0x7534, 0x7534, 0x7534, 0x7534, 0x7534, 0x7434, 0x543c, 0xb74c, 0x553c, 0x7534,
  0x7534, 0x553c, 0x543c, 0x543c, 0x753c, 0x7634, 0x3634, 0xf74c, 0x7434, 0x753c, 0xb73c, 0xf92c,
  0xb824, 0x7814, 0x5434, 0xb364, 0x3134, 0x1945, 0xb62c, 0x752c, 0x7524, 0xd82c, 0x5444, 0x183d,
  0x343c, 0x783c, 0x763c, 0x954c, 0xb624, 0x7634, 0x5444, 0x7534, 0x7534, 0x7534, 0x7534, 0x7534,
  0x7534, 0xd744, 0x7534, 0x7534, 0x7534, 0x7534, 0x7534, 0x7534, 0x7534, 0x7634, 0xd31b, 0x307c,
  0x317c, 0xd31b, 0x763c, 0x7534, 0x7534, 0x7534, 0x7534, 0x7534, 0x7534, 0x5534, 0xb744, 0x5534,
  0x7534, 0x7534, 0x7534, 0x7534, 0x7534, 0x7534, 0x7534, 0x5534, 0xb644, 0x7534, 0x7534, 0x5534,
  0x7534, 0x7534, 0x7534, 0x7534, 0x7534, 0x5534, 0xd74c, 0x7534, 0x7534, 0x7534, 0x7534, 0x7534,
  0x7534, 0x7534, 0x7534, 0x5534, 0xf744, 0x5534, 0x7534, 0x7534, 0x7534, 0x7534, 0x7534, 0x7534,
  0x7534, 0x7534, 0xb644, 0x5534, 0x7534, 0x7534, 0x7534, 0x7534, 0x7534, 0x7534, 0x7534, 0x7534,
  0xd744, 0x5434, 0x7534, 0x762c, 0x5534, 0x353c, 0x5534, 0x543c, 0x3524, 0x2e74, 0x0c84, 0x4442,
  0xc64a, 0xc542, 0xc64a, 0xc64a, 0x0653, 0x054b, 0xc54a, 0x475b, 0x8863, 0x0653, 0x475b, 0x475b,
  0xc54a, 0x475b, 0x0653, 0x475b, 0x475b, 0xc973, 0xca73, 0x475b, 0x075b, 0x4663, 0x4b4b, 0x782c,
  0x752c, 0x353c, 0x7534, 0x753c, 0xb64c, 0x5534, 0x7534, 0x7534, 0x7534, 0x7534, 0x7534, 0x7534,
  0x7534, 0x963c, 0xb63c, 0x5534, 0x7534, 0x7534, 0x7534, 0x7534, 0x7534, 0x7534, 0x7534, 0x5534,
  0x5534, 0x7534, 0x7534, 0x7534, 0x7534, 0x7534, 0x553c, 0x5634, 0x7254, 0x8973, 0x8963, 0x0753,
  0x0653, 0x0653, 0xc652, 0xc54a, 0xc54a, 0x064b, 0x0653, 0x8a5b, 0x4653, 0x885b, 0x8b5b, 0x074b,
  0x4653, 0x4553, 0x8753, 0xb62c, 0x752c, 0xb644, 0x753c, 0xb52c, 0x113c, 0x543c, 0x5534, 0x7534,
  0x7534, 0x7534, 0x5534, 0xb73c, 0x963c, 0x7534, 0x7534, 0x7534, 0x7534, 0x7534, 0x7534, 0x7534,
  0x5534, 0xd744, 0x7534, 0x7534, 0x7534, 0x7534, 0x7534, 0x7534, 0x7534, 0x7534, 0x5534, 0xd744,
  0x7534, 0x7534, 0x7534, 0x7534, 0x7534, 0x752c, 0x7534, 0x7534, 0x5434, 0x9754, 0x7534, 0x7534,
  0x5634, 0x5534, 0x7534, 0x7534, 0x7534, 0x7534, 0x5434, 0xf744, 0x562c, 0xf934, 0x1b35, 0x752c,
  0x7724, 0x9a14, 0x8c43, 0x465b, 0x4673, 0x0a94, 0x8f33, 0xba24, 0xb824, 0x3424, 0xc652, 0xb81c,
  0x7424, 0x7634, 0x553c, 0xb54c, 0x5534, 0x5634, 0x7534, 0x5534, 0x5534, 0x7534, 0x7534, 0x7534,
  0x7534, 0xd744, 0x7534, 0x7534, 0x7534, 0x7534, 0x7534, 0x7534, 0x7534, 0x7634, 0x931b, 0x307c,
  0x317c, 0x1424, 0x9644, 0x763c, 0x963c, 0x953c, 0x9644, 0x963c, 0x9644, 0x753c, 0xf74c, 0x753c,
  0x9544, 0x953c, 0x953c, 0x7544, 0x953c, 0x953c, 0x953c, 0x753c, 0xd754, 0x753c, 0x953c, 0x9544,
  0x9544, 0x9644, 0x9644, 0x953c, 0x9644, 0x753c, 0xf74c, 0x753c, 0x953c, 0x953c, 0x953c, 0x953c,
  0x953c, 0x953c, 0x953c, 0x753c, 0xf74c, 0x753c, 0x9644, 0x953c, 0x963c, 0x763c, 0x753c, 0x753c,
  0x9544, 0x753c, 0xf74c, 0x753c, 0x963c, 0x753c, 0x953c, 0x953c, 0x953c, 0x953c, 0x953c, 0x753c,
  0xf74c, 0x753c, 0x963c, 0x953c, 0x9544, 0x963c, 0x963c, 0xb544, 0x7734, 0x1285, 0x52ad, 0x497b,
  0x8a83, 0x0b74, 0xc74a, 0x885b, 0x485b, 0x4753, 0x4753, 0xc64a, 0x2b7c, 0x0a74, 0x896b, 0x896b,
  0xea73, 0x475b, 0x8863, 0xc96b, 0xca73, 0x2b7c, 0x2b7c, 0xc96b, 0x0a74, 0x466b, 0xb53c, 0xb63c,
  0xb63c, 0x7444, 0x763c, 0xb63c, 0xd64c, 0x753c, 0xb53c, 0x963c, 0x7544, 0x763c, 0x953c, 0x753c,
  0x953c, 0x964c, 0xb644, 0x753c, 0x963c, 0x963c, 0x7544, 0x953c, 0x953c, 0x953c, 0x953c, 0x753c,
  0x753c, 0x9544, 0x953c, 0x9544, 0x953c, 0x953c, 0x9644, 0x7544, 0xd18c, 0xcb7b, 0xca73, 0x4863,
  0x4963, 0x4863, 0x4863, 0x075b, 0x075b, 0x8863, 0x896b, 0xcb6b, 0xc763, 0xca6b, 0x8a5b, 0x885b,
  0x475b, 0x8763, 0x0974, 0xd63c, 0x763c, 0xd74c, 0xd74c, 0x5144, 0xc652, 0x7154, 0xb73c, 0x963c,
  0x963c, 0x9644, 0x753c, 0xd74c, 0xf74c, 0x963c, 0x963c, 0x963c, 0x953c, 0x953c, 0x963c, 0x963c,
  0x753c, 0xf74c, 0x753c, 0x953c, 0x953c, 0x753c, 0x7544, 0x753c, 0x953c, 0x9644, 0x753c, 0xf74c,
  0x753c, 0x9544, 0x953c, 0x753c, 0x953c, 0x953c, 0x763c, 0x973c, 0x9634, 0xf74c, 0x953c, 0x7544,
  0x953c, 0x953c, 0x963c, 0x953c, 0x9544, 0x9444, 0x5644, 0xb754, 0xb63c, 0x7d35, 0xf834, 0x7254,
  0x744c, 0x2f5c, 0x0763, 0xca7b, 0x2c6c, 0xae94, 0xb63c, 0xf934, 0xd734, 0x323c, 0x487b, 0x3064,
  0xd744, 0xb634, 0x953c, 0xf654, 0x943c, 0x7644, 0x963c, 0x9544, 0x953c, 0x963c, 0x9644, 0x9644,
  0x753c, 0xf74c, 0x753c, 0xb644, 0x953c, 0x953c, 0x953c, 0x953c, 0x753c, 0x963c, 0xd423, 0x317c,
  0x317c, 0x3424, 0xb63c, 0x963c, 0x963c, 0x953c, 0x9644, 0x963c, 0x963c, 0x753c, 0xf74c, 0x953c,
  0x9644, 0x9644, 0x9644, 0x9644, 0x963c, 0x963c, 0xb63c, 0x953c, 0xd754, 0xb63c, 0xd644, 0xd744,
  0xb644, 0xb63c, 0xb63c, 0x9644, 0x9644, 0x753c, 0xf754, 0x963c, 0x9644, 0x9644, 0x963c, 0x963c,
  0x963c, 0x963c, 0xb63c, 0x953c, 0xf754, 0x753c, 0x9644, 0x963c, 0x963c, 0x9644, 0x963c, 0x9644,
  0x9644, 0x953c, 0xf74c, 0x753c, 0x9644, 0x963c, 0x963c, 0xb63c, 0xb63c, 0x963c, 0x9644, 0x9644,
  0x174d, 0x763c, 0xb63c, 0x9544, 0x9644, 0xb63c, 0xb644, 0xb644, 0x9744, 0x5344, 0xf47c, 0x13a5,
  0xcfa4, 0x2c94, 0x4853, 0x453a, 0x485b, 0xc963, 0x4753, 0x485b, 0x2b74, 0xca73, 0xc96b, 0xca73,
  0xc973, 0x8863, 0xc863, 0xc96b, 0x0a74, 0x2b7c, 0x2a7c, 0xca73, 0x4763, 0x876b, 0xd734, 0xb644,
  0x963c, 0x9544, 0x9544, 0xd73c, 0xd654, 0x953c, 0xb63c, 0xb63c, 0x9644, 0x9644, 0x963c, 0x9644,
  0x953c, 0xb64c, 0xd64c, 0x953c, 0x963c, 0x963c, 0x9644, 0x963c, 0x963c, 0x963c, 0x963c, 0x953c,
  0x7544, 0x9644, 0xb63c, 0x9544, 0x963c, 0x9544, 0xb834, 0x545c, 0x0ebd, 0x0b74, 0x2c84, 0x0b7c,
  0x2b7c, 0x0b7c, 0x2c84, 0xca7b, 0x896b, 0xea73, 0xca6b, 0xca6b, 0x4974, 0xc96b, 0xca63, 0x0a6c,
  0x885b, 0x8773, 0x2d6c, 0xb73c, 0x973c, 0xb54c, 0x3064, 0x0c74, 0x8562, 0x7244, 0xb744, 0xb63c,
  0xb63c, 0xb63c, 0x753c, 0x3855, 0xf74c, 0x963c, 0x9644, 0x963c, 0xb63c, 0x963c, 0x963c, 0x963c,
  0x753c, 0xf754, 0xb53c, 0xb63c, 0x963c, 0x9644, 0x9644, 0x9644, 0x963c, 0x9644, 0x953c, 0x174d,
  0x9544, 0x9644, 0x9644, 0x9644, 0x9544, 0x9544, 0x9544, 0x9544, 0x7644, 0xf754, 0x9644, 0x9544,
  0x9544, 0x9544, 0x9444, 0x9644, 0x973c, 0x764c, 0x743c, 0x355d, 0xf834, 0xb72c, 0x7064, 0x0a8c,
  0xada4, 0x2ba4, 0x4c94, 0x0c74, 0xcb73, 0x8ba4, 0x3054, 0xd63c, 0xf72c, 0x7344, 0x8993, 0x467b,
  0x743c, 0xb744, 0xb73c, 0x1865, 0x762c, 0xb63c, 0x9644, 0x9644, 0x9644, 0x963c, 0x9644, 0x9644,
  0x963c, 0xf74c, 0x753c, 0xb644, 0x963c, 0x963c, 0x963c, 0x963c, 0x963c, 0xb63c, 0xd323, 0x307c,
  0x317c, 0x3424, 0x7534, 0x7534, 0x7534, 0x7534, 0x7534, 0x7534, 0x7534, 0x5534, 0xb644, 0x5534,
  0x7534, 0x7534, 0x7534, 0x7534, 0x7534, 0x7534, 0x7534, 0x7534, 0xb644, 0x5534, 0x5534, 0x7634,
  0x9634, 0x9634, 0x7634, 0x7534, 0x7534, 0x5534, 0xd744, 0x7534, 0x7534, 0x7534, 0x7534, 0x7534,
  0x7534, 0x7534, 0x7534, 0x5534, 0xd744, 0x3434, 0x7534, 0x7534, 0x7534, 0x7534, 0x7534, 0x7534,
  0x7534, 0x7534, 0xb644, 0x5534, 0x7534, 0x7534, 0x7534, 0x7534, 0x7534, 0x7534, 0x7534, 0x7534,
  0xd744, 0x5534, 0x7534, 0x7534, 0x7534, 0x7534, 0x7534, 0x7534, 0x7534, 0x762c, 0xb644, 0xd243,
  0x7595, 0xcfac, 0x8d94, 0x8b73, 0x0753, 0x475b, 0x8863, 0x0653, 0x885b, 0x064b, 0x475b, 0x886b,
  0x886b, 0x8863, 0x8863, 0x8863, 0xa86b, 0x896b, 0xca7b, 0x475b, 0x465b, 0x867b, 0x9824, 0x762c,
  0x5534, 0x7534, 0x543c, 0x9634, 0xb644, 0x5534, 0x7534, 0x7534, 0x7534, 0x7534, 0x7534, 0x7534,
  0x5534, 0x753c, 0x963c, 0x5534, 0x7534, 0x7534, 0x7534, 0x7534, 0x7534, 0x7534, 0x7534, 0x5534,
  0x5534, 0x7534, 0x7534, 0x7534, 0x5534, 0x553c, 0x5724, 0x545c, 0xcdc4, 0xae84, 0xf0a4, 0xcb7b,
  0x0b7c, 0xca7b, 0x2b7c, 0x8973, 0x886b, 0x4863, 0x4763, 0x4b7c, 0xca63, 0xc97b, 0x875b, 0x8763,
  0x055b, 0xce4b, 0x7534, 0x762c, 0x3534, 0x4d6c, 0xc88b, 0x4883, 0xc842, 0x3835, 0x5534, 0x7534,
  0x7534, 0x7534, 0x5534, 0x5955, 0x5534, 0x7534, 0x7534, 0x7534, 0x7534, 0x7534, 0x7534, 0x7534,
  0x5534, 0xd744, 0x7534, 0x7534, 0x7534, 0x7534, 0x7534, 0x7534, 0x7534, 0x7534, 0x5534, 0xd744,
  0x7534, 0x7534, 0x7534, 0x7534, 0x7534, 0x7534, 0x7534, 0x7534, 0x5534, 0xb644, 0x5534, 0x7534,
  0x7534, 0x7534, 0x553c, 0x5634, 0x5634, 0x5534, 0x552c, 0x9a4d, 0x771c, 0x315c, 0x2c84, 0x4b8c,
  0xcb8b, 0x8b83, 0xca83, 0x0b7c, 0x8973, 0x2a8c, 0xca7b, 0x8d5b, 0xb254, 0x4e64, 0xca7b, 0x0a84,
  0x8c4b, 0xb82c, 0xb734, 0xbb5d, 0xb73c, 0x7534, 0x553c, 0x7534, 0x5534, 0x5534, 0x7534, 0x7534,
  0x5534, 0xb744, 0x5534, 0x7534, 0x7534, 0x7534, 0x7534, 0x7534, 0x7534, 0x7534, 0x911b, 0x517c,
  0x307c, 0x5524, 0x9634, 0x7534, 0x7534, 0x7534, 0x553c, 0x7534, 0x7534, 0x5534, 0xd744, 0x5534,
  0x753c, 0x753c, 0x7534, 0x753c, 0x7534, 0x7534, 0x7534, 0x5534, 0xb644, 0x7534, 0x7534, 0x7534,
  0x7534, 0x7634, 0x963c, 0x763c, 0x753c, 0x7534, 0xf74c, 0x7534, 0x7534, 0x7534, 0x7534, 0x7534,
  0x7534, 0x7534, 0x7534, 0x7534, 0xf74c, 0x5534, 0x7534, 0x7534, 0x7534, 0x7534, 0x7534, 0x7534,
  0x7534, 0x7534, 0xb644, 0x5534, 0x7534, 0x7534, 0x7534, 0x7534, 0x7534, 0x7534, 0x7534, 0x753c,
  0xd74c, 0x5534, 0x7534, 0x7534, 0x7534, 0x7534, 0x7534, 0x7534, 0x7534, 0x7534, 0xf654, 0x5434,
  0x912b, 0xf394, 0x11bd, 0x30b5, 0x2b84, 0x4753, 0x885b, 0x4753, 0x485b, 0xc54a, 0x8863, 0xc96b,
  0xca73, 0xca7b, 0x8873, 0x8873, 0x8863, 0xca6b, 0x6c84, 0x0653, 0x875b, 0xc973, 0xfa2c, 0x9634,
  0x543c, 0x7634, 0x7534, 0x9634, 0xb64c, 0x5534, 0x7534, 0x7534, 0x7534, 0x7534, 0x7534, 0x7534,
  0x7534, 0x9644, 0xb63c, 0x7534, 0x7534, 0x7534, 0x553c, 0x7534, 0x7534, 0x7534, 0x7534, 0x5534,
  0x5534, 0x7534, 0x7534, 0x7534, 0x7534, 0x553c, 0x7634, 0xd32b, 0x33b5, 0xeeac, 0x14c6, 0x4c8c,
  0x2b84, 0x6c8c, 0x0b7c, 0xca73, 0xca73, 0x4863, 0xc97b, 0x0c7c, 0xcc73, 0xc983, 0x055b, 0x0653,
  0x514c, 0xb92c, 0x7634, 0x7534, 0x343c, 0x6d74, 0xc98b, 0x476b, 0x484b, 0x9834, 0x7534, 0x7534,
  0x7534, 0x7534, 0x5534, 0xb63c, 0x753c, 0x7534, 0x7534, 0x7534, 0x7534, 0x7534, 0x7534, 0x7534,
  0x5534, 0xd74c, 0x753c, 0x7534, 0x7534, 0x7534, 0x7534, 0x7534, 0x7534, 0x7534, 0x5534, 0xf74c,
  0x753c, 0x753c, 0x7534, 0x7534, 0x7534, 0x7534, 0x7534, 0x7534, 0x7534, 0xb744, 0x7534, 0x7534,
  0x7634, 0x7634, 0x553c, 0x7634, 0x7634, 0xd834, 0x3c25, 0xdb1d, 0x303c, 0xcdbb, 0x4da4, 0x6c8c,
  0x2b94, 0x0b8c, 0x0c8c, 0x2ba4, 0x2b9c, 0xae9c, 0x0c84, 0x2c94, 0x4b94, 0x4b8c, 0x4c8c, 0xca83,
  0x476b, 0xf734, 0xf924, 0xd844, 0x762c, 0xb52c, 0x7634, 0x7534, 0x7534, 0x9634, 0x7634, 0x763c,
  0x7634, 0xd744, 0x7434, 0x7534, 0x7534, 0x7534, 0x7534, 0x7534, 0x753c, 0x5534, 0x921b, 0x517c,
  0x317c, 0x141c, 0x7634, 0x753c, 0x763c, 0x7534, 0x553c, 0x7534, 0x7534, 0x7534, 0xd744, 0x5534,
  0x753c, 0x753c, 0x753c, 0x753c, 0x7534, 0x7534, 0x7534, 0x5534, 0xb644, 0x7534, 0x7534, 0x753c,
  0x7534, 0x7534, 0x753c, 0x7534, 0x7534, 0x5534, 0xf74c, 0x7534, 0x7534, 0x7534, 0x7534, 0x7534,
  0x7534, 0x7534, 0x7534, 0x7534, 0xd74c, 0x5534, 0x753c, 0x7534, 0x7534, 0x753c, 0x7534, 0x7534,
  0x753c, 0x553c, 0xb744, 0x5534, 0x753c, 0x7534, 0x7534, 0x7534, 0x7534, 0x7534, 0x753c, 0x753c,
  0xd74c, 0x5534, 0x7534, 0x7534, 0x7534, 0x7534, 0x7534, 0x7534, 0x7534, 0x7534, 0xd554, 0x752c,
  0x3624, 0xb46c, 0x53cd, 0xd3cd, 0x6c9c, 0x064b, 0x485b, 0x0753, 0x485b, 0x0753, 0x4863, 0xc96b,
  0xc97b, 0x0974, 0x096c, 0xc96b, 0x8863, 0xc86b, 0x0974, 0x065b, 0x065b, 0x113c, 0xd734, 0x553c,
  0x753c, 0x7634, 0x7534, 0x763c, 0xd64c, 0x5534, 0x7534, 0x7534, 0x7534, 0x7534, 0x7534, 0x7534,
  0x7534, 0x9644, 0xb63c, 0x7534, 0x7534, 0x7534, 0x753c, 0x7534, 0x7534, 0x7534, 0x7534, 0x5534,
  0x5534, 0x753c, 0x7534, 0x7634, 0x743c, 0x553c, 0x753c, 0xd41b, 0x905b, 0x2fc5, 0x4d94, 0xcb83,
  0xefa4, 0xae9c, 0xae9c, 0x2c84, 0x8d8c, 0x8d8c, 0xca7b, 0x2c7c, 0x8d94, 0xc97b, 0x0563, 0x312c,
  0xfb1c, 0x543c, 0x743c, 0x7534, 0x772c, 0x8f5c, 0x0c9c, 0x4653, 0x0e4c, 0x982c, 0x7534, 0x7534,
  0x7534, 0x7534, 0x7534, 0xb644, 0x753c, 0x7534, 0x7534, 0x7534, 0x7534, 0x7534, 0x7534, 0x7534,
  0x5534, 0xd74c, 0x753c, 0x7534, 0x7534, 0x753c, 0x753c, 0x753c, 0x7534, 0x7534, 0x5534, 0xf74c,
  0x753c, 0x753c, 0x753c, 0x7534, 0x7534, 0x7534, 0x7534, 0x7534, 0x553c, 0xb744, 0x553c, 0x7534,
  0x553c, 0x553c, 0x553c, 0x7634, 0xb624, 0x9634, 0x9033, 0xb17c, 0x6e94, 0x2ecc, 0x6db4, 0x6ca4,
  0x2da4, 0x2c9c, 0x2c9c, 0x6dac, 0x2c9c, 0x6ea4, 0x4da4, 0x6da4, 0x6b94, 0xad9c, 0x8d9c, 0x8a8b,
  0x4c94, 0x4d74, 0x953c, 0x1a45, 0x3a3d, 0xb62c, 0x7534, 0x7534, 0xb73c, 0xd73c, 0x9634, 0x7634,
  0x953c, 0xb644, 0x753c, 0x7534, 0x7534, 0x7534, 0x7534, 0x7534, 0x753c, 0x763c, 0xd31b, 0x307c,
  0x317c, 0xd31b, 0x7634, 0x753c, 0x763c, 0x7534, 0x553c, 0x7534, 0x7534, 0x5534, 0xd644, 0x7534,
  0x753c, 0x753c, 0x7534, 0x753c, 0x7534, 0x753c, 0x7534, 0x5534, 0xb644, 0x7534, 0x753c, 0x753c,
  0x753c, 0x753c, 0x7534, 0x7534, 0x753c, 0x7534, 0xf74c, 0x7534, 0x7534, 0x753c, 0x7534, 0x7534,
  0x7534, 0x7534, 0x7534, 0x5534, 0xd74c, 0x5534, 0x753c, 0x7534, 0x7534, 0x753c, 0x7534, 0x753c,
  0x753c, 0x553c, 0xb644, 0x5534, 0x753c, 0x753c, 0x7534, 0x7534, 0x7534, 0x553c, 0x753c, 0x753c,
  0xd74c, 0x5534, 0x553c, 0x7534, 0x7534, 0x7534, 0x7534, 0x7534, 0x7534, 0x7634, 0xf654, 0x5534,
  0x162c, 0xd46c, 0xf0c4, 0x10b5, 0x4d9c, 0x8542, 0x075b, 0x485b, 0xca73, 0x8863, 0xc973, 0xc973,
  0xc973, 0xca7b, 0x0b7c, 0xc96b, 0x8763, 0x8873, 0xca7b, 0x0463, 0x885b, 0x982c, 0x7534, 0x543c,
  0x7534, 0x7634, 0x7534, 0x753c, 0xb64c, 0x5534, 0x7534, 0x7534, 0x553c, 0x553c, 0x7534, 0x7534,
  0x7534, 0x9644, 0xb63c, 0x7534, 0x7534, 0x7534, 0x553c, 0x7534, 0x7534, 0x7534, 0x753c, 0x553c,
  0x553c, 0x553c, 0x7534, 0x7634, 0x543c, 0x753c, 0x7534, 0x9734, 0x101b, 0x52ad, 0x31bd, 0x6d9c,
  0x8d9c, 0xcea4, 0xcfa4, 0xcfa4, 0x30ad, 0xae94, 0x2c8c, 0x8d8c, 0x8873, 0x8863, 0x4663, 0x962c,
  0x9534, 0x7534, 0x7634, 0x7634, 0x3334, 0x2a94, 0x8eac, 0x484b, 0xb634, 0x7534, 0x7534, 0x7534,
  0x7534, 0x7534, 0x5534, 0xb644, 0x753c, 0x553c, 0x7534, 0x7534, 0x7534, 0x7534, 0x7534, 0x753c,
  0x5534, 0xd74c, 0x753c, 0x7534, 0x7534, 0x753c, 0x753c, 0x753c, 0x7534, 0x7534, 0x5534, 0xd74c,
  0x553c, 0x753c, 0x753c, 0x7534, 0x7534, 0x7534, 0x7534, 0x753c, 0x553c, 0xb744, 0x553c, 0x7534,
  0x753c, 0x762c, 0x962c, 0x1244, 0x4c63, 0xcc83, 0x4db4, 0xcdcc, 0x2dac, 0x4eac, 0x6cb4, 0x6cb4,
  0x2dac, 0x4dac, 0x4cac, 0x2da4, 0x0c9c, 0x8eac, 0x2ca4, 0xaeb4, 0x6d9c, 0xae9c, 0xcfac, 0xaea4,
  0x6d9c, 0x8c9c, 0x4a63, 0x794d, 0xd91c, 0x593d, 0x7634, 0x7534, 0x963c, 0xf73c, 0x9634, 0x763c,
  0x7534, 0x7444, 0xd333, 0x7534, 0x7534, 0x7534, 0x7534, 0x7534, 0x753c, 0x763c, 0xd31b, 0x317c,
  0x317c, 0xd31b, 0x7634, 0x553c, 0x7534, 0x7534, 0x553c, 0x7534, 0x7534, 0x5534, 0xb644, 0x5534,
  0x753c, 0x7534, 0x7534, 0x553c, 0x7534, 0x7534, 0x7534, 0x5534, 0xb644, 0x7534, 0x753c, 0x553c,
  0x7534, 0x7534, 0x7534, 0x7534, 0x7534, 0x7534, 0xd74c, 0x7534, 0x7534, 0x753c, 0x7534, 0x7534,
  0x7534, 0x7534, 0x7534, 0x5534, 0xd74c, 0x3534, 0x753c, 0x7534, 0x7534, 0x7534, 0x7534, 0x7534,
  0x553c, 0x553c, 0xb644, 0x5534, 0x7534, 0x7534, 0x7534, 0x7534, 0x7534, 0x7534, 0x553c, 0x553c,
  0xd74c, 0x5534, 0x7534, 0x7534, 0x7534, 0x7534, 0x7534, 0x7534, 0x7534, 0x7634, 0xd654, 0x353c,
  0xd433, 0x1385, 0x50c5, 0xcfac, 0x8fa4, 0x8442, 0x485b, 0x4863, 0x6c8c, 0x075b, 0x896b, 0xc973,
  0xca7b, 0xca7b, 0x8973, 0x896b, 0x8873, 0x0473, 0x485b, 0x8e2b, 0x3244, 0x7634, 0x7534, 0x553c,
  0x543c, 0x7634, 0x7534, 0x753c, 0xb644, 0x5534, 0x7534, 0x7534, 0x7534, 0x553c, 0x7534, 0x7534,
  0x7534, 0x9644, 0x963c, 0x5534, 0x7534, 0x7534, 0x553c, 0x7534, 0x7534, 0x7534, 0x7534, 0x5534,
  0x5534, 0x7534, 0x7534, 0x7534, 0x553c, 0x543c, 0x7534, 0x763c, 0xb423, 0x106c, 0x72d5, 0x2c9c,
  0x6ea4, 0xefb4, 0xf0b4, 0xf0b4, 0x30b5, 0x8e94, 0x0b84, 0xaf94, 0x896b, 0x8873, 0x8963, 0xcd5b,
  0x743c, 0x5534, 0x543c, 0x7634, 0x103c, 0xc8ab, 0x0c94, 0x4a4b, 0x7834, 0x324c, 0x7534, 0x7534,
  0x7534, 0x7534, 0x5534, 0xb644, 0x753c, 0x7534, 0x7534, 0x7534, 0x7534, 0x7534, 0x7534, 0x7534,
  0x5534, 0xd74c, 0x553c, 0x7534, 0x7534, 0x553c, 0x553c, 0x7534, 0x7534, 0x7534, 0x5534, 0xd74c,
  0x553c, 0x553c, 0x7534, 0x7534, 0x7534, 0x7534, 0x7534, 0x7534, 0x553c, 0xb744, 0x7534, 0x553c,
  0x5344, 0x752c, 0x552c, 0x7174, 0xccbb, 0x8ba3, 0x4a93, 0x2da4, 0xecab, 0x4cac, 0x2cac, 0x0cac,
  0x4dac, 0x4dac, 0x0cac, 0xcca3, 0xcb9b, 0x6dac, 0x0cac, 0x6dbc, 0xceb4, 0xceac, 0x8eac, 0xaea4,
  0x6da4, 0x2b94, 0x0b94, 0x4e74, 0xf724, 0x3a3d, 0x973c, 0x5434, 0x7534, 0x7534, 0x5534, 0x7534,
  0x5434, 0xd64c, 0x7434, 0x753c, 0x7534, 0x7534, 0x7534, 0x7534, 0x7534, 0x7634, 0x931b, 0x307c,
  0x317c, 0xd31b, 0x7634, 0x553c, 0x7534, 0x7534, 0x553c, 0x7534, 0x7534, 0x5534, 0xb644, 0x5534,
  0x7534, 0x7534, 0x7534, 0x553c, 0x7534, 0x7534, 0x7534, 0x5534, 0xb644, 0x7534, 0x7534, 0x7534,
  0x7534, 0x7534, 0x7534, 0x7534, 0x7534, 0x5534, 0xf74c, 0x7534, 0x7534, 0x7534, 0x7534, 0x7534,
  0x7534, 0x7534, 0x7534, 0x7534, 0xd74c, 0x3534, 0x753c, 0x7534, 0x7534, 0x7534, 0x7534, 0x7534,
  0x7534, 0x553c, 0xb644, 0x5534, 0x7534, 0x7534, 0x7534, 0x7534, 0x7534, 0x7534, 0x7534, 0x553c,
  0xd744, 0x5534, 0x7534, 0x7534, 0x7534, 0x7534, 0x7534, 0x7534, 0x5534, 0x7534, 0xf74c, 0x5534,
  0x143c, 0x129d, 0x51bd, 0xf0b4, 0xcb83, 0xc54a, 0x4863, 0x475b, 0xca73, 0x896b, 0x896b, 0xa973,
  0xc97b, 0x8763, 0x465b, 0x465b, 0xc742, 0xd033, 0x3945, 0xb82c, 0x9634, 0x543c, 0x7534, 0x7534,
  0x543c, 0x7634, 0x7534, 0x753c, 0xb644, 0x5434, 0x7534, 0x7534, 0x7534, 0x7534, 0x7534, 0x7534,
  0x7534, 0x9644, 0xb63c, 0x5534, 0x7534, 0x7534, 0x7534, 0x7534, 0x7534, 0x7534, 0x7534, 0x5534,
  0x5534, 0x7534, 0x5534, 0x7534, 0x7534, 0x7534, 0x7534, 0x7534, 0x152c, 0xd063, 0x71dd, 0x8eac,
  0xcfb4, 0x51c5, 0x51c5, 0x10b5, 0xcfa4, 0x2c8c, 0x8a7b, 0x6d94, 0x0b84, 0x886b, 0x896b, 0x5344,
  0x563c, 0x343c, 0x543c, 0x7634, 0x333c, 0x6ca4, 0xc993, 0x8c43, 0x7934, 0x7434, 0x7534, 0x7534,
  0x7534, 0x7534, 0x5534, 0xb644, 0x753c, 0x7534, 0x7534, 0x7534, 0x7534, 0x7534, 0x7534, 0x7534,
  0x5534, 0xd74c, 0x753c, 0x7534, 0x7534, 0x553c, 0x553c, 0x7534, 0x7534, 0x7534, 0x5534, 0xd74c,
  0x553c, 0x7534, 0x7534, 0x7534, 0x7534, 0x7534, 0x7534, 0x7534, 0x553c, 0xb744, 0x7534, 0x7534,
  0x5534, 0x762c, 0x7534, 0x8f94, 0x8dac, 0xcda3, 0xcba3, 0x2dac, 0xcca3, 0x0bac, 0xcca3, 0xcca3,
  0x0cac, 0x4cac, 0x2cac, 0xcba3, 0x0ba4, 0x6dbc, 0x0cb4, 0x6dbc, 0x4fc5, 0xefb4, 0x4dac, 0x8dac,
  0x4d9c, 0x0b84, 0x8a7b, 0x0a9c, 0x4a43, 0xfa2c, 0x5634, 0x5534, 0x7534, 0x7534, 0x7534, 0x7534,
  0x543c, 0xd644, 0x5534, 0x7534, 0x7534, 0x7534, 0x7534, 0x7534, 0x7534, 0x7634, 0x931b, 0x307c,
  0x317c, 0xd31b, 0x763c, 0x553c, 0x7534, 0x7534, 0x553c, 0x7534, 0x7534, 0x5534, 0xd644, 0x5534,
  0x753c, 0x7534, 0x7534, 0x553c, 0x7534, 0x7534, 0x7534, 0x7534, 0xb644, 0x7534, 0x7534, 0x7534,
  0x7534, 0x7534, 0x7534, 0x7534, 0x753c, 0x5534, 0xf74c, 0x7534, 0x7534, 0x753c, 0x7534, 0x7534,
  0x7534, 0x7534, 0x7534, 0x7534, 0xf74c, 0x5534, 0x753c, 0x7534, 0x7534, 0x7534, 0x7534, 0x7534,
  0x7534, 0x753c, 0xb644, 0x5534, 0x7534, 0x7534, 0x7534, 0x7534, 0x7534, 0x7534, 0x7534, 0x753c,
  0xd74c, 0x7534, 0x7534, 0x7534, 0x7534, 0x7534, 0x7534, 0x7534, 0x753c, 0x753c, 0x1745, 0x762c,
  0x3434, 0xd29c, 0xafac, 0xf0bc, 0x4973, 0x0753, 0x475b, 0x485b, 0xca73, 0x896b, 0x896b, 0x4863,
  0x485b, 0x475b, 0x065b, 0xc73a, 0x542c, 0x7d35, 0x3a35, 0x3334, 0x7534, 0x7534, 0x753c, 0x7534,
  0x553c, 0x7534, 0x7534, 0x963c, 0xb64c, 0x5534, 0x7534, 0x7534, 0x7534, 0x7534, 0x7534, 0x7534,
  0x7534, 0x9644, 0xb644, 0x7534, 0x7534, 0x7534, 0x753c, 0x7534, 0x7534, 0x7534, 0x7534, 0x7534,
  0x5534, 0x753c, 0x7534, 0x553c, 0x7534, 0x7634, 0x553c, 0x7534, 0x5634, 0x8f4b, 0x90d5, 0x6ea4,
  0x10bd, 0x71c5, 0x92cd, 0x30b5, 0xaea4, 0x8a7b, 0xaa7b, 0x2b8c, 0x485b, 0xca63, 0x953c, 0x9634,
  0x7534, 0x7634, 0x7534, 0x7534, 0x572c, 0xd554, 0x514c, 0x3434, 0x563c, 0x7534, 0x7534, 0x7534,
  0x7534, 0x7534, 0x7534, 0xb644, 0x753c, 0x7534, 0x7534, 0x7534, 0x7534, 0x7534, 0x7534, 0x7534,
  0x5534, 0xf74c, 0x753c, 0x7534, 0x7534, 0x753c, 0x753c, 0x7534, 0x7534, 0x7534, 0x7534, 0xf74c,
  0x553c, 0x753c, 0x7534, 0x7534, 0x7534, 0x7534, 0x7534, 0x7534, 0x553c, 0xb744, 0x553c, 0x7534,
  0x7534, 0x972c, 0x5734, 0x8c83, 0x4cb4, 0x8eb4, 0x0ba4, 0x6da4, 0xcba3, 0xccab, 0xcba3, 0xeba3,
  0xeca3, 0xcb9b, 0x0ba4, 0xcba3, 0xcca3, 0xaebc, 0x6dbc, 0x30cd, 0x92cd, 0x30bd, 0xceb4, 0x4da4,
  0x2d94, 0xca73, 0x8a73, 0x4c9c, 0x065b, 0x113c, 0xb634, 0x7534, 0x7534, 0x7634, 0x7534, 0x753c,
  0x7534, 0xd744, 0x5534, 0x7534, 0x7534, 0x7534, 0x7534, 0x7534, 0x7534, 0x763c, 0xd31b, 0x317c,
  0x317c, 0xd31b, 0x763c, 0x753c, 0x7534, 0x7534, 0x553c, 0x7534, 0x7534, 0x5534, 0xb644, 0x7534,
  0x753c, 0x7534, 0x7534, 0x753c, 0x7534, 0x7534, 0x7534, 0x7534, 0xb644, 0x7534, 0x7534, 0x7534,
  0x7534, 0x7534, 0x7534, 0x7534, 0x753c, 0x5534, 0xd74c, 0x7534, 0x7534, 0x7534, 0x7534, 0x7534,
  0x7534, 0x7534, 0x7534, 0x7534, 0xd74c, 0x5534, 0x753c, 0x7534, 0x7534, 0x7534, 0x7534, 0x7534,
  0x7534, 0x7534, 0xb644, 0x7534, 0x7534, 0x7534, 0x7534, 0x7534, 0x7534, 0x7534, 0x753c, 0x753c,
  0xf744, 0x5534, 0x7534, 0x7534, 0x7534, 0x7534, 0x7534, 0x7534, 0x7534, 0x753c, 0xf64c, 0x762c,
  0x3534, 0x11b5, 0xafac, 0xf0b4, 0x496b, 0x886b, 0x486b, 0xca7b, 0x2c84, 0x896b, 0xa96b, 0x075b,
  0x0753, 0x475b, 0x0653, 0x0933, 0xf93c, 0xb83c, 0x9644, 0x7534, 0x7534, 0x7534, 0x7534, 0x7534,
  0x7534, 0x7534, 0x7534, 0x963c, 0xb644, 0x5534, 0x7534, 0x7534, 0x7534, 0x7534, 0x7534, 0x7534,
  0x7534, 0x953c, 0xb63c, 0x7534, 0x7534, 0x7534, 0x753c, 0x7534, 0x7534, 0x7534, 0x7534, 0x7534,
  0x7534, 0x753c, 0x7534, 0x7534, 0x7534, 0x7534, 0x553c, 0x7534, 0x553c, 0x1334, 0x36be, 0xceb4,
  0xafac, 0x0fcd, 0x30c5, 0xaf9c, 0x4c9c, 0x2c8c, 0xcb7b, 0xca7b, 0x8963, 0xca63, 0x9634, 0x7634,
  0x7534, 0x7634, 0x7534, 0x7534, 0x5634, 0xd73c, 0xb634, 0x7634, 0x753c, 0x7534, 0x7534, 0x7534,
  0x7534, 0x7534, 0x7534, 0xb644, 0x753c, 0x7534, 0x7534, 0x7534, 0x7534, 0x7534, 0x7534, 0x7534,
  0x5534, 0xd74c, 0x753c, 0x7534, 0x7534, 0x7534, 0x753c, 0x7534, 0x7534, 0x7534, 0x7534, 0xf744,
  0x753c, 0x753c, 0x7534, 0x7534, 0x7534, 0x7534, 0x7534, 0x7534, 0x553c, 0xb644, 0x553c, 0x7534,
  0x7434, 0x762c, 0x782c, 0x316c, 0xe8b3, 0xd0a4, 0x2ba4, 0x0db4, 0xcc9b, 0x0ca4, 0xcba3, 0xcba3,
  0xcba3, 0xcba3, 0xcba3, 0xcca3, 0xcb9b, 0xaeb4, 0x11c5, 0xb3dd, 0x94c5, 0x4fc5, 0xeebc, 0x6fac,
  0x0c9c, 0xca93, 0x2d94, 0x4e94, 0x475b, 0x8a5b, 0xb92c, 0x7534, 0x7534, 0x7534, 0x7534, 0x7534,
  0x7534, 0xb744, 0x7534, 0x7534, 0x7534, 0x7534, 0x7534, 0x7534, 0x7534, 0x7634, 0xd31b, 0x307c,
  0x317c, 0x921b, 0x7534, 0x5534, 0x5534, 0x5534, 0x5534, 0x5534, 0x7534, 0x5534, 0xb644, 0x5534,
  0x5534, 0x5534, 0x5534, 0x5534, 0x7534, 0x5534, 0x7534, 0x5534, 0x9644, 0x7534, 0x7534, 0x5534,
  0x5534, 0x5534, 0x5534, 0x5534, 0x7534, 0x5534, 0xd644, 0x5534, 0x5534, 0x5534, 0x5534, 0x5534,
  0x5534, 0x5534, 0x7534, 0x5534, 0xd744, 0x3434, 0x7534, 0x7534, 0x5534, 0x7534, 0x7534, 0x7534,
  0x5534, 0x5534, 0x9644, 0x5534, 0x7534, 0x5534, 0x5534, 0x5534, 0x5534, 0x5534, 0x7534, 0x7534,
  0xd744, 0x5534, 0x7534, 0x5534, 0x5534, 0x5534, 0x5534, 0x5534, 0x5534, 0x7534, 0xd654, 0x352c,
  0x7544, 0x0fb5, 0x4d9c, 0xcfac, 0x6a6b, 0xc96b, 0x4963, 0x8a73, 0xca73, 0x4763, 0x4863, 0x4863,
  0x065b, 0x0753, 0x0653, 0x4a3b, 0xb834, 0x5634, 0xb644, 0x5434, 0x7534, 0x5534, 0x5534, 0x5534,
  0x5534, 0x5534, 0x5534, 0x753c, 0xb644, 0x5434, 0x7534, 0x5534, 0x5534, 0x7534, 0x7534, 0x7534,
  0x5534, 0x753c, 0x953c, 0x5534, 0x7534, 0x5534, 0x5534, 0x5534, 0x5534, 0x5534, 0x5534, 0x3434,
  0x3434, 0x7534, 0x5534, 0x5534, 0x5534, 0x5534, 0x5534, 0x5534, 0x5534, 0x3534, 0x315c, 0xefc4,
  0x0fbd, 0xcebc, 0xafb4, 0xcc8b, 0x2c9c, 0x8d9c, 0x4b84, 0x4c8c, 0x886b, 0xd043, 0x7534, 0x5534,
  0x5534, 0x5534, 0x5534, 0x5534, 0x5434, 0xb644, 0x753c, 0x5434, 0x7534, 0x5534, 0x5534, 0x5534,
  0x5534, 0x5534, 0x5534, 0x9644, 0x753c, 0x5534, 0x5534, 0x5534, 0x5534, 0x5534, 0x5534, 0x7534,
  0x5534, 0xb644, 0x553c, 0x7534, 0x7534, 0x7534, 0x7534, 0x5534, 0x7534, 0x7534, 0x5534, 0xd644,
  0x553c, 0x7534, 0x5534, 0x5534, 0x5534, 0x5534, 0x7534, 0x7534, 0x5434, 0xb644, 0x553c, 0x7534,
  0x5534, 0x5534, 0x752c, 0x533c, 0x8dbc, 0x0dac, 0xcba3, 0x6fb4, 0xcaa3, 0xcba3, 0xeba3, 0xcbab,
  0xcba3, 0xcba3, 0x8ba3, 0x8ba3, 0x89a3, 0x70c5, 0x72c5, 0xf4dd, 0xb2c5, 0x0fc5, 0xf0c4, 0x2da4,
  0x6da4, 0x4ca4, 0x2d94, 0x6f9c, 0x875b, 0x494b, 0x992c, 0x5534, 0x5534, 0x5534, 0x5534, 0x7534,
  0x5534, 0xb644, 0x5534, 0x7534, 0x7534, 0x7534, 0x5534, 0x5534, 0x5534, 0x7534, 0x931b, 0x307c,
  0x317c, 0x1424, 0xb644, 0xb644, 0xb644, 0xb644, 0xb744, 0xb644, 0xb644, 0x9644, 0x1855, 0x9644,
  0xb644, 0xb644, 0xb644, 0xb644, 0xd644, 0xb644, 0xb644, 0xb63c, 0xf754, 0xb63c, 0xb644, 0xb644,
  0xb644, 0xb644, 0xb644, 0xb644, 0xb644, 0x9644, 0x1755, 0x9644, 0xb644, 0xb644, 0xb644, 0xb644,
  0xb644, 0xb644, 0xb644, 0x9644, 0x1855, 0x9644, 0xd644, 0xb644, 0xb644, 0xb644, 0xb644, 0xb644,
  0xb644, 0xb644, 0x174d, 0x9644, 0xb644, 0xb644, 0xb644, 0xb644, 0xb644, 0xb644, 0xb644, 0x9644,
  0x1755, 0x9644, 0xd644, 0xb644, 0xd644, 0xd644, 0xd644, 0xb644, 0xb644, 0xb644, 0xf654, 0x9634,
  0xb554, 0xaeac, 0xcfac, 0x6d9c, 0x4d8c, 0x0d7c, 0x2c7c, 0x6c84, 0x8c8c, 0x4b84, 0x4c84, 0x2b84,
  0x2a74, 0xc87b, 0x8a63, 0xf73c, 0xf84c, 0xd744, 0xf754, 0xb644, 0xd744, 0xd644, 0xd644, 0xd644,
  0xd644, 0xd644, 0xb644, 0xb644, 0xf754, 0x9644, 0xd644, 0xd644, 0xb644, 0xb644, 0xb644, 0xb644,
  0xb644, 0xd74c, 0xd74c, 0x9644, 0xb744, 0xb744, 0xb644, 0xb644, 0xb644, 0xb644, 0xb644, 0xb644,
  0xb644, 0xd744, 0xb744, 0xd744, 0xd644, 0xd644, 0xb644, 0xd744, 0xb644, 0xd74c, 0x912b, 0xb19c,
  0x30c5, 0x31bd, 0xd0b4, 0xaea4, 0x6e9c, 0x8da4, 0xca83, 0x0a8c, 0xcc5b, 0xd744, 0xb744, 0xd744,
  0xd744, 0xb54c, 0xb744, 0xd744, 0xb644, 0x1755, 0xb64c, 0xb644, 0xb644, 0xb644, 0xb744, 0xb744,
  0xb744, 0xb644, 0x9644, 0xf74c, 0xb644, 0xb644, 0xd644, 0xd644, 0xd644, 0xd644, 0xb644, 0xb644,
  0x9644, 0x1755, 0xb644, 0xb644, 0xb644, 0xb644, 0xb644, 0xb644, 0xb644, 0xb644, 0x9644, 0x1755,
  0xb644, 0xb644, 0xb644, 0xb644, 0xb644, 0xb644, 0xb644, 0xb644, 0x9644, 0x1855, 0xb644, 0xb644,
  0xb54c, 0xd744, 0xb844, 0x953c, 0x12b5, 0x6fb4, 0xcd9b, 0x8eac, 0xcba3, 0x2dac, 0x6eac, 0x6ea4,
  0x6eac, 0x2dac, 0x4db4, 0x0cb4, 0xcbbb, 0x30bd, 0x71bd, 0x71c5, 0x90c5, 0x30cd, 0x33d5, 0x2dac,
  0xaeac, 0x30bd, 0xafa4, 0x90a4, 0x8773, 0xce53, 0xf944, 0xd644, 0xd744, 0xb744, 0xb744, 0xb744,
  0x9644, 0x1855, 0x963c, 0xd744, 0xb644, 0xb644, 0xb644, 0xd644, 0xd644, 0xd744, 0x3424, 0x517c,
  0x317c, 0xd323, 0x963c, 0x753c, 0x763c, 0x953c, 0x763c, 0x953c, 0x953c, 0x753c, 0xd74c, 0x753c,
  0x963c, 0x953c, 0x953c, 0x753c, 0x953c, 0x953c, 0x953c, 0x753c, 0xb74c, 0x753c, 0x953c, 0x953c,
  0x963c, 0x963c, 0x963c, 0x953c, 0x953c, 0x753c, 0xd74c, 0x753c, 0x963c, 0x963c, 0x963c, 0x963c,
  0x963c, 0x963c, 0x953c, 0x753c, 0xd74c, 0x553c, 0x963c, 0x963c, 0x963c, 0x963c, 0x963c, 0x963c,
  0x963c, 0x753c, 0xd74c, 0x753c, 0x963c, 0x963c, 0x963c, 0x963c, 0x963c, 0x963c, 0x963c, 0x753c,
  0xd74c, 0x753c, 0x963c, 0x963c, 0x963c, 0x963c, 0x953c, 0x953c, 0x953c, 0x953c, 0xf64c, 0x5634,
  0x735c, 0x6ea4, 0xafa4, 0x4d94, 0xcb83, 0x8a7b, 0xca7b, 0x6b84, 0x2b7c, 0xca7b, 0x2b7c, 0x0a7c,
  0xca6b, 0x867b, 0x514c, 0xfa2c, 0x753c, 0xb53c, 0xd64c, 0x753c, 0x963c, 0x963c, 0x963c, 0x953c,
  0x953c, 0x953c, 0x953c, 0x953c, 0xb64c, 0x753c, 0x953c, 0x953c, 0x963c, 0x953c, 0x953c, 0x963c,
  0x753c, 0x9644, 0xb644, 0x753c, 0x963c, 0x963c, 0x753c, 0x963c, 0x963c, 0x963c, 0x963c, 0x753c,
  0x753c, 0x963c, 0x963c, 0x963c, 0x953c, 0x953c, 0x963c, 0x963c, 0x753c, 0xd64c, 0x762c, 0xce53,
  0xacbc, 0xaeac, 0x8fac, 0x8ea4, 0x6e9c, 0x2d9c, 0x897b, 0x0b6c, 0x753c, 0x963c, 0x7544, 0x9734,
  0x963c, 0x9444, 0x963c, 0x963c, 0x753c, 0xd744, 0x9644, 0x963c, 0x963c, 0x963c, 0x963c, 0x963c,
  0x963c, 0x963c, 0x753c, 0xd744, 0x9644, 0x963c, 0x963c, 0x963c, 0x963c, 0x963c, 0x963c, 0x963c,
  0x753c, 0xd64c, 0x753c, 0x953c, 0x963c, 0x963c, 0x953c, 0x953c, 0x963c, 0x963c, 0x753c, 0xd74c,
  0x753c, 0x963c, 0x963c, 0x963c, 0x963c, 0x963c, 0x963c, 0x963c, 0x753c, 0xd74c, 0x753c, 0x963c,
  0x753c, 0xb52c, 0x763c, 0x7634, 0xb25c, 0xd1d5, 0xafac, 0x2ca4, 0xcb93, 0xcb93, 0x2da4, 0x30c5,
  0x0fc5, 0xeebc, 0xeec4, 0xd0c4, 0x4dbc, 0xd0c4, 0xd0bc, 0xefb4, 0x0fbd, 0xeebc, 0x8eb4, 0xcebc,
  0xcb8b, 0x8ea4, 0x0c94, 0x2e94, 0xc55a, 0xd03b, 0xb744, 0x963c, 0x963c, 0x963c, 0x963c, 0x963c,
  0x753c, 0xd74c, 0x753c, 0x963c, 0x963c, 0x963c, 0x963c, 0x963c, 0x963c, 0x963c, 0xd323, 0x317c,
  0x317c, 0xd31b, 0x7534, 0x7534, 0x7534, 0x7534, 0x7534, 0x7534, 0x7534, 0x5534, 0xb744, 0x5534,
  0x7534, 0x7534, 0x7534, 0x7534, 0x7534, 0x7534, 0x7534, 0x5534, 0xb644, 0x7534, 0x7534, 0x7534,
  0x7534, 0x7534, 0x7534, 0x7534, 0x7534, 0x5534, 0xd74c, 0x7534, 0x7534, 0x7534, 0x7534, 0x7534,
  0x7534, 0x7534, 0x7534, 0x5534, 0xd74c, 0x5534, 0x7534, 0x7534, 0x7534, 0x7534, 0x7534, 0x7534,
  0x7534, 0x7534, 0xb644, 0x5534, 0x7534, 0x7534, 0x7534, 0x7534, 0x7534, 0x7534, 0x7534, 0x7534,
  0xd744, 0x5534, 0x7534, 0x7534, 0x7534, 0x7534, 0x7534, 0x7534, 0x7534, 0x7534, 0xf74c, 0x5534,
  0x105c, 0x2d94, 0x6e9c, 0xafa4, 0xca7b, 0x8973, 0x0a7c, 0xca73, 0x0b84, 0x8a73, 0xca7b, 0xc86b,
  0xc67b, 0x8c43, 0x571c, 0x753c, 0x752c, 0x743c, 0xb644, 0x5534, 0x753c, 0x7534, 0x7534, 0x7534,
  0x7534, 0x7534, 0x7534, 0x963c, 0xb644, 0x5534, 0x7534, 0x7534, 0x7534, 0x7534, 0x7534, 0x7534,
  0x7534, 0x9644, 0xb63c, 0x5534, 0x7534, 0x7534, 0x7534, 0x7534, 0x7534, 0x7534, 0x7534, 0x5534,
  0x5534, 0x7534, 0x7534, 0x7534, 0x7534, 0x7534, 0x7534, 0x7534, 0x5534, 0xb644, 0x9834, 0x5113,
  0xae94, 0x8cac, 0x4ca4, 0x2cb4, 0xcb9b, 0xcb83, 0xca73, 0x7444, 0xb73c, 0x553c, 0x553c, 0x5634,
  0x7634, 0x7534, 0x7534, 0x7534, 0x5534, 0xb644, 0x753c, 0x7534, 0x7534, 0x7534, 0x7534, 0x7534,
  0x7534, 0x7534, 0x7534, 0xb644, 0x753c, 0x7534, 0x7534, 0x7534, 0x7534, 0x7534, 0x7534, 0x7534,
  0x5534, 0xd74c, 0x7534, 0x7534, 0x7534, 0x7534, 0x7534, 0x7534, 0x7534, 0x7534, 0x5534, 0xf744,
  0x753c, 0x7534, 0x7534, 0x7534, 0x7534, 0x7534, 0x7534, 0x7534, 0x553c, 0xb644, 0x7534, 0x7534,
  0x7534, 0x752c, 0x553c, 0x7634, 0xd033, 0x8abc, 0x4fbd, 0x4cac, 0x8a8b, 0x8983, 0xaeac, 0x2e8c,
  0x3064, 0x333c, 0x161c, 0x5534, 0x0e84, 0xf1b4, 0x2db4, 0x4dac, 0x8eac, 0x8db4, 0xaeb4, 0x0cac,
  0x8b8b, 0x2c9c, 0x2d94, 0xcd83, 0x863a, 0x7434, 0x7534, 0x7534, 0x7534, 0x7534, 0x7534, 0x7534,
  0x7534, 0xb744, 0x7534, 0x7634, 0x7534, 0x7534, 0x7534, 0x7534, 0x7534, 0x7634, 0xd31b, 0x307c,
  0x317c, 0xd31b, 0x7634, 0x7534, 0x7534, 0x7534, 0x7534, 0x7534, 0x7534, 0x5534, 0xd744, 0x5534,
  0x7534, 0x7534, 0x7534, 0x7534, 0x7534, 0x7534, 0x7534, 0x5534, 0xb744, 0x7534, 0x7534, 0x7534,
  0x7534, 0x7534, 0x7534, 0x7534, 0x7534, 0x7534, 0xf744, 0x7534, 0x7534, 0x7534, 0x7534, 0x7534,
  0x7534, 0x7534, 0x7534, 0x7534, 0xf74c, 0x5534, 0x7534, 0x7534, 0x7534, 0x7534, 0x7534, 0x7534,
  0x7534, 0x7534, 0xd744, 0x5534, 0x7634, 0x7534, 0x7534, 0x7534, 0x7534, 0x7534, 0x7534, 0x7534,
  0xf744, 0x7534, 0x7534, 0x7534, 0x7534, 0x7534, 0x7534, 0x7534, 0x7534, 0x753c, 0xf74c, 0x5634,
  0xcd63, 0xcc8b, 0x6e9c, 0x4d94, 0x0b84, 0xca73, 0x8963, 0x8963, 0x8a73, 0x4873, 0x2a84, 0x0a7c,
  0x886b, 0x9123, 0x9824, 0x7534, 0x7534, 0x953c, 0xd73c, 0x7534, 0x7534, 0x7534, 0x7534, 0x7534,
  0x7534, 0x7534, 0x7534, 0x963c, 0xb744, 0x5534, 0x7534, 0x7534, 0x7534, 0x7534, 0x7534, 0x7534,
  0x7534, 0x963c, 0xb63c, 0x7534, 0x7534, 0x7534, 0x7534, 0x7534, 0x7534, 0x7534, 0x7534, 0x5534,
  0x7534, 0x7534, 0x7534, 0x7534, 0x7534, 0x7534, 0x7534, 0x7534, 0x5534, 0xb644, 0x9744, 0x352c,
  0xb184, 0x2cac, 0x6d94, 0xcb93, 0xc983, 0x8963, 0xcf43, 0xf844, 0x9534, 0x553c, 0x7634, 0x553c,
  0x753c, 0x762c, 0x7534, 0x7534, 0x5534, 0xb644, 0x753c, 0x7534, 0x7534, 0x7534, 0x7534, 0x7534,
  0x7534, 0x7534, 0x7534, 0xb644, 0x753c, 0x7534, 0x7534, 0x7534, 0x7534, 0x7534, 0x7534, 0x7534,
  0x5534, 0xd74c, 0x7534, 0x7534, 0x7534, 0x7534, 0x7534, 0x7534, 0x7534, 0x7534, 0x5534, 0xf744,
  0x753c, 0x7534, 0x7534, 0x7534, 0x7534, 0x7534, 0x7534, 0x7534, 0x7534, 0xd744, 0x7534, 0x7534,
  0x553c, 0x7634, 0x7534, 0x753c, 0x9033, 0x4dc4, 0x0fa5, 0xad9c, 0x0b94, 0xcc73, 0xd143, 0x3524,
  0x5724, 0x7724, 0x9824, 0xb71c, 0x7614, 0xd0ac, 0x2e8c, 0x8e9c, 0x4db4, 0x2da4, 0x4db4, 0xcfbc,
  0x4ea4, 0x4da4, 0x4d94, 0x4c6b, 0x8e3b, 0xb634, 0x7534, 0x7534, 0x7534, 0x7534, 0x7534, 0x7534,
  0x7534, 0xd744, 0x7534, 0x7634, 0x7534, 0x7534, 0x7534, 0x7534, 0x7534, 0x7634, 0xd31b, 0x307c,
  0x317c, 0xd31b, 0x7634, 0x553c, 0x7534, 0x7534, 0x7534, 0x7534, 0x7534, 0x5534, 0xd744, 0x5534,
  0x7534, 0x7534, 0x7534, 0x7534, 0x7534, 0x7534, 0x7534, 0x5534, 0xb644, 0x7534, 0x7534, 0x7534,
  0x7534, 0x7534, 0x7534, 0x7534, 0x7534, 0x5534, 0xf74c, 0x7534, 0x7534, 0x7534, 0x7534, 0x7534,
  0x7534, 0x7534, 0x7534, 0x7534, 0xf74c, 0x5534, 0x753c, 0x7534, 0x7534, 0x7534, 0x7534, 0x7534,
  0x7534, 0x7534, 0xb744, 0x5534, 0x7534, 0x7534, 0x7534, 0x7534, 0x7534, 0x7534, 0x7534, 0x753c,
  0xf744, 0x5534, 0x7534, 0x7534, 0x7534, 0x7534, 0x7534, 0x7534, 0x7534, 0x753c, 0x184d, 0x5634,
  0x4b6b, 0xcc8b, 0x6e9c, 0x4d94, 0x0b8c, 0xca73, 0xca73, 0x8a6b, 0xca7b, 0x6b8c, 0x0b7c, 0x4a53,
  0x4f2b, 0x142c, 0x9634, 0x762c, 0x543c, 0x763c, 0xd73c, 0x7434, 0x7534, 0x7534, 0x7534, 0x7534,
  0x7534, 0x7534, 0x7534, 0x963c, 0xb74c, 0x5534, 0x7534, 0x7534, 0x7534, 0x7534, 0x7534, 0x7534,
  0x7534, 0x9644, 0xb63c, 0x5534, 0x7534, 0x7534, 0x753c, 0x7534, 0x7534, 0x7534, 0x7534, 0x7534,
  0x7534, 0x7534, 0x7534, 0x7534, 0x7534, 0x7534, 0x7534, 0x7534, 0x5534, 0xb644, 0x9644, 0x5534,
  0x923b, 0x335c, 0xd223, 0xd313, 0x141c, 0x5724, 0x7734, 0xd54c, 0x963c, 0x7534, 0x7634, 0x553c,
  0x553c, 0x762c, 0x7534, 0x7534, 0x5534, 0xb644, 0x753c, 0x7534, 0x7534, 0x7534, 0x7534, 0x7534,
  0x7534, 0x7534, 0x7534, 0xb644, 0x753c, 0x7534, 0x7534, 0x7534, 0x7534, 0x7534, 0x7534, 0x7534,
  0x5534, 0xd74c, 0x753c, 0x7534, 0x7534, 0x7534, 0x753c, 0x7534, 0x7534, 0x7534, 0x5534, 0xf74c,
  0x753c, 0x753c, 0x7534, 0x7534, 0x7534, 0x7534, 0x7534, 0x7534, 0x553c, 0xb744, 0x7534, 0x7534,
  0x7534, 0x553c, 0x553c, 0x9634, 0xd333, 0xca62, 0xce63, 0x973c, 0x781c, 0x9724, 0x762c, 0x7634,
  0x7634, 0x7534, 0x7534, 0x762c, 0xfa14, 0x9274, 0x123c, 0x7064, 0x8eb4, 0x6eac, 0x4dac, 0xaeac,
  0x6da4, 0x8eac, 0x6d94, 0x8d73, 0x7534, 0x7534, 0x7534, 0x7534, 0x7534, 0x7534, 0x7534, 0x7534,
  0x7534, 0xd744, 0x7534, 0x7634, 0x7534, 0x7534, 0x332c, 0x342c, 0x753c, 0x7534, 0xd31b, 0x307c,
  0x317c, 0xd31b, 0x763c, 0x553c, 0x7534, 0x7534, 0x553c, 0x7534, 0x7534, 0x5534, 0xd644, 0x5534,
  0x753c, 0x7534, 0x7534, 0x753c, 0x7534, 0x7534, 0x7534, 0x5534, 0xb644, 0x7534, 0x7534, 0x7534,
  0x7534, 0x7534, 0x7534, 0x7534, 0x753c, 0x7534, 0xd74c, 0x7534, 0x7534, 0x753c, 0x7534, 0x7534,
  0x7534, 0x753c, 0x7534, 0x5534, 0xf74c, 0x5534, 0x753c, 0x7534, 0x7534, 0x753c, 0x7534, 0x753c,
  0x753c, 0x753c, 0xb644, 0x5534, 0x753c, 0x753c, 0x753c, 0x753c, 0x753c, 0x753c, 0x553c, 0x553c,
  0xd74c, 0x5534, 0x753c, 0x753c, 0x753c, 0x7534, 0x7534, 0x753c, 0x7534, 0x553c, 0xf74c, 0x342c,
  0x4973, 0x2d9c, 0x6e9c, 0x6d94, 0xca8b, 0x0a84, 0xca7b, 0xca73, 0x2b84, 0xc873, 0x4732, 0x5023,
  0xd61b, 0x7634, 0x7534, 0x7534, 0x7534, 0x5544, 0xb644, 0x7534, 0x7534, 0x753c, 0x7534, 0x7534,
  0x7534, 0x7534, 0x7534, 0x963c, 0xb64c, 0x5534, 0x7534, 0x7534, 0x753c, 0x753c, 0x7534, 0x7534,
  0x7534, 0x9644, 0xb644, 0x7534, 0x7534, 0x7534, 0x553c, 0x7534, 0x7534, 0x7534, 0x753c, 0x5534,
  0x553c, 0x553c, 0x7534, 0x7534, 0x7534, 0x7534, 0x7534, 0x7534, 0x7534, 0xb644, 0x9544, 0x7534,
  0x952c, 0x5524, 0x3524, 0x7734, 0x763c, 0x753c, 0x5534, 0xd644, 0x743c, 0x7634, 0x7534, 0x553c,
  0x7534, 0x553c, 0x7534, 0x7534, 0x5534, 0xb644, 0x753c, 0x7534, 0x7534, 0x7534, 0x7534, 0x7534,
  0x7534, 0x7534, 0x7534, 0xb644, 0x753c, 0x753c, 0x7534, 0x753c, 0x7534, 0x7534, 0x7534, 0x753c,
  0x5534, 0xd74c, 0x753c, 0x7534, 0x7534, 0x753c, 0x753c, 0x753c, 0x7534, 0x753c, 0x5534, 0xd74c,
  0x753c, 0x753c, 0x753c, 0x7534, 0x7534, 0x7534, 0x7534, 0x753c, 0x553c, 0xb744, 0x553c, 0x7534,
  0x7534, 0x7534, 0x7534, 0x7534, 0x763c, 0x742c, 0x5434, 0xf944, 0x7534, 0x7534, 0x7534, 0x7534,
  0x7534, 0x7534, 0x7534, 0x7534, 0x134c, 0x393d, 0x3424, 0x342c, 0x6f84, 0xaeb4, 0x2fad, 0xae9c,
  0xaeac, 0x0c94, 0xc762, 0xce7b, 0x772c, 0x7534, 0x7534, 0x7534, 0x7534, 0x7534, 0x7534, 0x753c,
  0x553c, 0xb744, 0x7534, 0x7534, 0x7534, 0x753c, 0x5434, 0x4f23, 0x3434, 0xb734, 0xd41b, 0x307c,
  0x317c, 0xd31b, 0x9634, 0x7534, 0x553c, 0x7534, 0x7534, 0x7534, 0x7534, 0x5534, 0xd744, 0x5534,
  0x753c, 0x7534, 0x7534, 0x753c, 0x7534, 0x7534, 0x7534, 0x5534, 0xb644, 0x7534, 0x7534, 0x7534,
  0x7534, 0x7534, 0x7534, 0x7534, 0x7534, 0x7534, 0xd74c, 0x7534, 0x7534, 0x7534, 0x7534, 0x7534,
  0x7534, 0x7534, 0x7534, 0x5534, 0xf74c, 0x5534, 0x753c, 0x7534, 0x7534, 0x7534, 0x7534, 0x7534,
  0x753c, 0x7534, 0xb644, 0x5534, 0x7534, 0x7534, 0x7534, 0x7534, 0x7534, 0x7534, 0x753c, 0x553c,
  0xd74c, 0x5534, 0x7534, 0x7534, 0x7534, 0x7534, 0x7534, 0x7534, 0x7534, 0x7634, 0xf754, 0x4b43,
  0x086b, 0x2d9c, 0x6e9c, 0x8e9c, 0x0c94, 0x2c8c, 0x2b94, 0xc983, 0x2a84, 0x877b, 0x4d43, 0x161c,
  0x562c, 0x7534, 0x7534, 0x7534, 0x7534, 0x753c, 0xb644, 0x5534, 0x7534, 0x7534, 0x7534, 0x7534,
  0x7534, 0x7534, 0x7534, 0x963c, 0xb64c, 0x5534, 0x7534, 0x7534, 0x7534, 0x7534, 0x7534, 0x7534,
  0x7534, 0x963c, 0x9644, 0x7534, 0x7534, 0x7534, 0x7534, 0x7534, 0x7534, 0x7534, 0x7534, 0x5534,
  0x5534, 0x553c, 0x7534, 0x7534, 0x7534, 0x7534, 0x7534, 0x7534, 0x5534, 0x9644, 0x9644, 0x7534,
  0x7534, 0x7534, 0x7534, 0x553c, 0x553c, 0x753c, 0x7434, 0xd644, 0x953c, 0x7534, 0x7534, 0x7534,
  0x7534, 0x753c, 0x7534, 0x7534, 0x5534, 0xb644, 0x753c, 0x7534, 0x7534, 0x7534, 0x7534, 0x7534,
  0x7534, 0x7534, 0x7534, 0xb644, 0x753c, 0x7534, 0x7534, 0x7534, 0x7534, 0x7534, 0x7534, 0x7534,
  0x5534, 0xd74c, 0x753c, 0x7534, 0x7534, 0x753c, 0x753c, 0x7534, 0x7534, 0x7534, 0x7534, 0xd74c,
  0x753c, 0x753c, 0x7534, 0x7534, 0x7534, 0x7534, 0x7534, 0x7534, 0x7534, 0xb744, 0x7534, 0x7534,
  0x7534, 0x7534, 0x7534, 0x7534, 0x7534, 0x7534, 0x5434, 0xf74c, 0x553c, 0x753c, 0x7534, 0x7534,
  0x7534, 0x7534, 0x7534, 0x553c, 0x543c, 0xf744, 0x7634, 0x762c, 0x5444, 0x4e7c, 0x6ba4, 0x4b9c,
  0x487b, 0x4542, 0x8952, 0x125c, 0x752c, 0x7534, 0x543c, 0x7534, 0x7534, 0x7534, 0x7534, 0x7534,
  0x553c, 0xd744, 0x5534, 0x7534, 0x7434, 0x753c, 0x7634, 0x113c, 0x8e33, 0x753c, 0xd41b, 0x307c,
  0x317c, 0x9323, 0x9634, 0x7534, 0x553c, 0x7534, 0x7534, 0x7534, 0x7534, 0x5534, 0xd744, 0x5534,
  0x7534, 0x7534, 0x7534, 0x7534, 0x7534, 0x7534, 0x7534, 0x5534, 0xb644, 0x7534, 0x7534, 0x7534,
  0x7534, 0x7534, 0x7534, 0x7534, 0x7534, 0x5534, 0xf74c, 0x7534, 0x7534, 0x7534, 0x7534, 0x7534,
  0x7534, 0x7534, 0x7534, 0x7534, 0xf74c, 0x5534, 0x753c, 0x7534, 0x7534, 0x7534, 0x7534, 0x7534,
  0x753c, 0x7534, 0xb744, 0x5534, 0x7534, 0x7534, 0x7534, 0x7534, 0x7534, 0x7534, 0x7534, 0x753c,
  0xd74c, 0x7534, 0x7534, 0x7534, 0x7534, 0x7534, 0x7534, 0x7534, 0x7534, 0x7634, 0xf754, 0x4b43,
  0x8652, 0x4d9c, 0x8ea4, 0x6d9c, 0x4d9c, 0x2d94, 0x8e94, 0x4c8c, 0x6c8c, 0x8b53, 0xd32b, 0x771c,
  0x7634, 0x7534, 0x7534, 0x7534, 0x7534, 0x753c, 0xb744, 0x5534, 0x7534, 0x7534, 0x7534, 0x7534,
  0x7534, 0x7534, 0x7534, 0x963c, 0xb64c, 0x5534, 0x7534, 0x7534, 0x7534, 0x7534, 0x7534, 0x7534,
  0x7534, 0x963c, 0x9644, 0x7534, 0x7534, 0x7534, 0x7534, 0x7534, 0x7534, 0x7534, 0x7534, 0x5534,
  0x5534, 0x7534, 0x7534, 0x7534, 0x7534, 0x7534, 0x7534, 0x7534, 0x5534, 0xb644, 0x9644, 0x7534,
  0x7534, 0x7534, 0x7534, 0x7534, 0x7534, 0x7534, 0x5534, 0xd644, 0x963c, 0x7534, 0x7534, 0x7534,
  0x7534, 0x7534, 0x7534, 0x7534, 0x5534, 0xb644, 0x753c, 0x7534, 0x7534, 0x7534, 0x7534, 0x7534,
  0x7534, 0x7534, 0x5534, 0xb644, 0x753c, 0x7534, 0x7534, 0x7534, 0x7534, 0x7534, 0x7534, 0x7534,
  0x5534, 0xd74c, 0x753c, 0x7534, 0x7534, 0x7534, 0x753c, 0x7534, 0x7534, 0x7534, 0x5534, 0xf744,
  0x753c, 0x7534, 0x7534, 0x7534, 0x7534, 0x7534, 0x7534, 0x7534, 0x7534, 0xb744, 0x7534, 0x7534,
  0x7534, 0x7534, 0x7534, 0x7534, 0x7534, 0x753c, 0x5534, 0xf74c, 0x7534, 0x7534, 0x7534, 0x7534,
  0x7534, 0x7534, 0x7534, 0x7534, 0x7534, 0xf74c, 0x7534, 0x7534, 0x543c, 0xd14b, 0x2f6c, 0x106c,
  0x496b, 0x8c6b, 0x361c, 0xd64c, 0x7624, 0x7634, 0x563c, 0x7534, 0x7534, 0x7534, 0x7534, 0x7534,
  0x7534, 0xd744, 0x7534, 0x9634, 0x9734, 0x553c, 0x782c, 0x123c, 0x0363, 0x843a, 0x931b, 0x317c,
  0x317c, 0x931b, 0x9634, 0x7534, 0x553c, 0x7534, 0x7534, 0x7534, 0x7534, 0x5534, 0xd744, 0x5534,
  0x7534, 0x7534, 0x7534, 0x7534, 0x7534, 0x7534, 0x7534, 0x5534, 0xb644, 0x7534, 0x7534, 0x7534,
  0x7534, 0x7534, 0x7534, 0x7534, 0x7534, 0x5534, 0xf74c, 0x7534, 0x7534, 0x7534, 0x7534, 0x7534,
  0x7534, 0x7534, 0x7534, 0x7534, 0xf74c, 0x5534, 0x7534, 0x7534, 0x7534, 0x7534, 0x7534, 0x7534,
  0x7534, 0x7534, 0xb744, 0x5534, 0x7534, 0x7534, 0x7534, 0x7534, 0x7534, 0x7534, 0x7534, 0x753c,
  0xf744, 0x5534, 0x7534, 0x7534, 0x7534, 0x7534, 0x7534, 0x7534, 0x7534, 0x7634, 0x1755, 0x0b3b,
  0x444a, 0x6ea4, 0xaea4, 0x8ea4, 0x2d9c, 0xcb9b, 0x4d8c, 0x5033, 0x1434, 0x161c, 0x361c, 0x3434,
  0x5444, 0x7534, 0x7534, 0x7534, 0x7534, 0x763c, 0xb744, 0x7534, 0x7534, 0x7534, 0x7534, 0x7534,
  0x7534, 0x7534, 0x7534, 0x963c, 0xb64c, 0x5534, 0x7534, 0x7534, 0x7534, 0x7534, 0x7534, 0x7534,
  0x7534, 0x963c, 0x9644, 0x5534, 0x7534, 0x7534, 0x7534, 0x7534, 0x7534, 0x7534, 0x7534, 0x5534,
  0x5534, 0x7534, 0x7534, 0x7534, 0x7534, 0x7534, 0x7534, 0x7534, 0x5534, 0xb644, 0x9644, 0x7534,
  0x7534, 0x7534, 0x7534, 0x7534, 0x7534, 0x7534, 0x5534, 0xd744, 0x963c, 0x7534, 0x7534, 0x7534,
  0x7534, 0x7534, 0x7534, 0x7534, 0x5534, 0xb644, 0x753c, 0x7534, 0x7534, 0x7534, 0x7534, 0x7534,
  0x7534, 0x7534, 0x5534, 0xb644, 0x753c, 0x7534, 0x7534, 0x7534, 0x7534, 0x7534, 0x7534, 0x7534,
  0x5534, 0xd74c, 0x7534, 0x7534, 0x7534, 0x7534, 0x7534, 0x7534, 0x7534, 0x7534, 0x5534, 0xf744,
  0x753c, 0x7534, 0x7534, 0x7534, 0x7534, 0x7534, 0x7534, 0x7534, 0x7534, 0xb744, 0x7534, 0x7534,
  0x7534, 0x7534, 0x7534, 0x7534, 0x7534, 0x753c, 0x5534, 0xf74c, 0x7534, 0x7534, 0x7534, 0x7534,
  0x7534, 0x7534, 0x7534, 0x7634, 0x7534, 0xf74c, 0x543c, 0x753c, 0x7534, 0x7534, 0x553c, 0x781c,
  0xba1c, 0x5724, 0x5724, 0xd554, 0x5534, 0x7534, 0x7634, 0x7534, 0x7534, 0x7534, 0x7534, 0x7534,
  0x7534, 0xd744, 0x553c, 0x7634, 0xb92c, 0x7634, 0x7724, 0x8d3b, 0xc362, 0x3224, 0xd51b, 0x307c,
  0x317c, 0x931b, 0x9634, 0x7534, 0x553c, 0x7534, 0x7534, 0x7534, 0x7534, 0x5534, 0xd744, 0x5534,
  0x7534, 0x7534, 0x7534, 0x7534, 0x7534, 0x7534, 0x7534, 0x5534, 0xb644, 0x7534, 0x7534, 0x7534,
  0x7534, 0x7534, 0x7534, 0x7534, 0x7534, 0x5534, 0xf74c, 0x7534, 0x7534, 0x7534, 0x7534, 0x7534,
  0x7534, 0x7534, 0x7534, 0x7534, 0xf74c, 0x5534, 0x7534, 0x7534, 0x7534, 0x7534, 0x7534, 0x7534,
  0x7534, 0x7534, 0xb744, 0x5534, 0x7534, 0x7534, 0x7534, 0x7534, 0x7534, 0x7534, 0x7534, 0x753c,
  0xf744, 0x5534, 0x7534, 0x7534, 0x7534, 0x7534, 0x7534, 0x7534, 0x7534, 0x7634, 0xf74c, 0x4b3b,
  0x454a, 0x6ea4, 0x6d9c, 0x6d9c, 0x2d94, 0x2d8c, 0x908c, 0x9123, 0xb73c, 0x1614, 0x352c, 0x753c,
  0x7634, 0x7534, 0x7534, 0x7534, 0x7534, 0x763c, 0xb744, 0x7534, 0x7534, 0x7534, 0x7534, 0x7534,
  0x7534, 0x7534, 0x7534, 0x963c, 0xb64c, 0x5534, 0x7534, 0x7534, 0x7534, 0x7534, 0x7534, 0x7534,
  0x7534, 0x963c, 0x9644, 0x5534, 0x7534, 0x7534, 0x7534, 0x7534, 0x7534, 0x7534, 0x7534, 0x5534,
  0x5534, 0x7534, 0x7534, 0x7534, 0x7534, 0x7534, 0x7534, 0x7534, 0x5534, 0x9644, 0xb63c, 0x7534,
  0x7534, 0x7534, 0x7534, 0x7534, 0x7534, 0x7534, 0x5534, 0xd644, 0x963c, 0x7534, 0x7534, 0x7534,
  0x7534, 0x7534, 0x7534, 0x7534, 0x5534, 0xb644, 0x753c, 0x7534, 0x7534, 0x7534, 0x7534, 0x7534,
  0x7534, 0x7534, 0x5534, 0xb644, 0x753c, 0x7534, 0x7534, 0x7534, 0x7534, 0x7534, 0x7534, 0x7534,
  0x5534, 0xd74c, 0x7534, 0x7534, 0x7534, 0x7534, 0x7534, 0x7534, 0x7534, 0x7534, 0x5534, 0xf744,
  0x7534, 0x7534, 0x7534, 0x7534, 0x7534, 0x7534, 0x7534, 0x7534, 0x7534, 0xb744, 0x7534, 0x7534,
  0x7534, 0x7534, 0x7534, 0x7534, 0x7534, 0x753c, 0x5534, 0xf74c, 0x7534, 0x7534, 0x7534, 0x7534,
  0x7534, 0x7534, 0x7534, 0x7634, 0x7534, 0xf74c, 0x543c, 0x753c, 0x7634, 0x7634, 0x972c, 0x3324,
  0xd333, 0x342c, 0xd333, 0xd754, 0x7434, 0x7534, 0x7534, 0x7534, 0x7534, 0x7534, 0x7534, 0x7534,
  0x7534, 0xd744, 0x7534, 0x7634, 0x5244, 0xb62c, 0x4e2b, 0x1614, 0x8b53, 0x7444, 0xd513, 0x307c,
  0x317c, 0xd31b, 0x9634, 0x7534, 0x553c, 0x7534, 0x7534, 0x7534, 0x7534, 0x5534, 0xd744, 0x5534,
  0x753c, 0x7534, 0x7534, 0x7534, 0x7534, 0x7534, 0x7534, 0x5534, 0xb644, 0x7534, 0x7534, 0x7534,
  0x7534, 0x7534, 0x7534, 0x7534, 0x7534, 0x7534, 0xd74c, 0x7534, 0x7534, 0x7534, 0x7534, 0x7534,
  0x7534, 0x7534, 0x7534, 0x7534, 0xd74c, 0x5534, 0x753c, 0x7534, 0x7534, 0x7534, 0x7534, 0x7534,
  0x7534, 0x7534, 0xb644, 0x7534, 0x7534, 0x7534, 0x7534, 0x7534, 0x7534, 0x7534, 0x7534, 0x753c,
  0xd74c, 0x5534, 0x7534, 0x7534, 0x7534, 0x7534, 0x7534, 0x7534, 0x7534, 0x7634, 0xd64c, 0xca32,
  0x8652, 0xafac, 0x2c94, 0x2b94, 0x4f9c, 0x5023, 0x501b, 0x351c, 0xb734, 0x3424, 0x743c, 0x7534,
  0x7634, 0x7534, 0x7534, 0x7534, 0x7534, 0x763c, 0xb744, 0x7534, 0x7534, 0x7534, 0x7534, 0x7534,
  0x7534, 0x7534, 0x7534, 0x963c, 0xb644, 0x5534, 0x7534, 0x7534, 0x7534, 0x7534, 0x7534, 0x7534,
  0x7534, 0x963c, 0x9644, 0x5534, 0x7534, 0x7534, 0x7534, 0x7534, 0x7534, 0x7534, 0x7534, 0x5534,
  0x5534, 0x7534, 0x7534, 0x7534, 0x7534, 0x7534, 0x7534, 0x7534, 0x7534, 0x9644, 0x963c, 0x7534,
  0x7534, 0x7534, 0x7534, 0x7534, 0x7534, 0x7534, 0x5534, 0xb644, 0x963c, 0x7534, 0x7534, 0x7534,
  0x7534, 0x7534, 0x7534, 0x7534, 0x7534, 0xb644, 0x753c, 0x7534, 0x7534, 0x7534, 0x7534, 0x7534,
  0x7534, 0x7534, 0x7534, 0xb644, 0x753c, 0x7534, 0x7534, 0x7534, 0x7534, 0x7534, 0x7534, 0x7534,
  0x5534, 0xd74c, 0x753c, 0x7534, 0x7534, 0x7534, 0x7534, 0x7534, 0x7534, 0x7534, 0x5534, 0xd744,
  0x753c, 0x7534, 0x7534, 0x7534, 0x7534, 0x7534, 0x7534, 0x7534, 0x7534, 0xb744, 0x7534, 0x7534,
  0x7534, 0x7534, 0x7534, 0x7534, 0x7534, 0x753c, 0x5534, 0xf74c, 0x7534, 0x7534, 0x7534, 0x7534,
  0x7534, 0x7534, 0x7534, 0x7534, 0x7534, 0xf74c, 0x7534, 0x7534, 0x7534, 0x7534, 0x7634, 0xb62c,
  0x8349, 0x077b, 0xd233, 0xd64c, 0x543c, 0x553c, 0x7534, 0x7534, 0x7534, 0x7534, 0x7534, 0x7534,
  0x7534, 0xd744, 0x5534, 0x7434, 0xb734, 0xd223, 0x014a, 0x0e54, 0x7534, 0x753c, 0xd31b, 0x307c,
  0x317c, 0xd31b, 0x9634, 0x7534, 0x553c, 0x7534, 0x7534, 0x7534, 0x753c, 0x7534, 0xd744, 0x7534,
  0x753c, 0x753c, 0x753c, 0x753c, 0x7534, 0x7534, 0x7534, 0x5534, 0xb644, 0x7534, 0x7534, 0x753c,
  0x7534, 0x7534, 0x7534, 0x7534, 0x753c, 0x753c, 0xf74c, 0x7534, 0x753c, 0x753c, 0x7534, 0x7534,
  0x7534, 0x7534, 0x7534, 0x7534, 0xf74c, 0x5534, 0x753c, 0x7534, 0x7534, 0x753c, 0x7534, 0x753c,
  0x753c, 0x753c, 0xb644, 0x7534, 0x7534, 0x7534, 0x7534, 0x7534, 0x7534, 0x753c, 0x753c, 0x753c,
  0xd74c, 0x7534, 0x7534, 0x7534, 0x7534, 0x753c, 0x753c, 0x7534, 0x7534, 0x963c, 0x7444, 0xca32,
  0xc65a, 0x8fa4, 0x6d9c, 0xaeac, 0x8fac, 0xd043, 0x1524, 0x5624, 0x743c, 0x5434, 0x553c, 0x753c,
  0x753c, 0x753c, 0x7534, 0x7534, 0x7534, 0x763c, 0xb744, 0x7534, 0x7534, 0x7534, 0x7534, 0x7534,
  0x7534, 0x7534, 0x7534, 0x963c, 0xb64c, 0x5534, 0x7534, 0x7534, 0x753c, 0x753c, 0x7534, 0x7534,
  0x7534, 0x963c, 0x9644, 0x7534, 0x7534, 0x7534, 0x7534, 0x7534, 0x7534, 0x7534, 0x753c, 0x5534,
  0x553c, 0x753c, 0x7534, 0x7534, 0x7534, 0x753c, 0x7534, 0x7534, 0x7534, 0xb644, 0x9644, 0x7534,
  0x7534, 0x7534, 0x7534, 0x7534, 0x753c, 0x753c, 0x7534, 0xd644, 0x963c, 0x7534, 0x753c, 0x7534,
  0x7534, 0x7534, 0x7534, 0x753c, 0x7534, 0xb644, 0x753c, 0x7534, 0x753c, 0x7534, 0x753c, 0x7534,
  0x7534, 0x753c, 0x7534, 0xb644, 0x753c, 0x753c, 0x7534, 0x7534, 0x7534, 0x7534, 0x7534, 0x7534,
  0x5534, 0xf74c, 0x753c, 0x7534, 0x7534, 0x753c, 0x753c, 0x7534, 0x7534, 0x753c, 0x7534, 0xf744,
  0x753c, 0x753c, 0x753c, 0x753c, 0x753c, 0x7534, 0x7534, 0x753c, 0x553c, 0xb744, 0x753c, 0x7534,
  0x7534, 0x7534, 0x7534, 0x7534, 0x7534, 0x753c, 0x5534, 0xf74c, 0x7534, 0x753c, 0x753c, 0x7534,
  0x7534, 0x7534, 0x7534, 0x753c, 0x753c, 0xf74c, 0x7534, 0x753c, 0x553c, 0x553c, 0x553c, 0xb83c,
  0x8b2a, 0x8842, 0xb624, 0xd644, 0x553c, 0x743c, 0x7734, 0x7534, 0x7534, 0x7534, 0x753c, 0x553c,
  0x753c, 0xd74c, 0x752c, 0x9634, 0x9734, 0x8852, 0x4963, 0x7734, 0x782c, 0x762c, 0xd31b, 0x307c,
  0x317c, 0x931b, 0x342c, 0x342c, 0x5534, 0x5534, 0x5534, 0x5534, 0x7534, 0x5434, 0xb644, 0x3434,
  0x753c, 0x7534, 0x7534, 0x553c, 0x7534, 0x7534, 0x7534, 0x5434, 0x9644, 0x5534, 0x7534, 0x7534,
  0x7534, 0x7534, 0x7534, 0x5534, 0x7534, 0x3434, 0xb644, 0x5534, 0x7534, 0x7534, 0x7534, 0x7534,
  0x7534, 0x7534, 0x7534, 0x5434, 0xb644, 0x3434, 0x553c, 0x7534, 0x7534, 0x7534, 0x5534, 0x7534,
  0x553c, 0x5534, 0xb644, 0x5534, 0x5534, 0x5534, 0x5534, 0x5534, 0x5534, 0x7534, 0x553c, 0x5534,
  0xb644, 0x5534, 0x7534, 0x7534, 0x7534, 0x7534, 0x7534, 0x7534, 0x7534, 0x553c, 0x544c, 0x882a,
  0xc75a, 0x4e9c, 0x8ea4, 0x0fbd, 0x2e9c, 0xd50b, 0x7714, 0xd323, 0xb73c, 0x5534, 0x543c, 0x7534,
  0x553c, 0x7534, 0x7534, 0x7534, 0x553c, 0x553c, 0x9644, 0x5534, 0x7534, 0x7534, 0x7534, 0x7534,
  0x5534, 0x5534, 0x5534, 0x553c, 0x9644, 0x5434, 0x7534, 0x5534, 0x553c, 0x553c, 0x7534, 0x7534,
  0x5534, 0x753c, 0x753c, 0x5534, 0x7534, 0x7534, 0x7534, 0x7534, 0x5534, 0x7534, 0x5534, 0x3434,
  0x3534, 0x7534, 0x7534, 0x7534, 0x7534, 0x553c, 0x7534, 0x7534, 0x5534, 0x7544, 0x753c, 0x5534,
  0x7534, 0x7534, 0x553c, 0x553c, 0x553c, 0x553c, 0x5434, 0x9644, 0x753c, 0x7534, 0x7534, 0x7534,
  0x7534, 0x7534, 0x7534, 0x7534, 0x5534, 0x9644, 0x553c, 0x7534, 0x7534, 0x7534, 0x7534, 0x7534,
  0x7534, 0x7534, 0x5434, 0x9644, 0x553c, 0x7534, 0x7534, 0x7534, 0x7534, 0x7534, 0x7534, 0x7534,
  0x5434, 0xb644, 0x5534, 0x7534, 0x7534, 0x7534, 0x7534, 0x7534, 0x7534, 0x7534, 0x5434, 0xb644,
  0x5534, 0x553c, 0x7534, 0x7534, 0x7534, 0x7534, 0x7534, 0x7534, 0x5534, 0xb644, 0x5534, 0x7534,
  0x7534, 0x7534, 0x7534, 0x7534, 0x7534, 0x553c, 0x3434, 0xb644, 0x5534, 0x7534, 0x7534, 0x7534,
  0x7534, 0x7534, 0x7534, 0x7534, 0x5534, 0xb644, 0x5534, 0x553c, 0x553c, 0x553c, 0x553c, 0x543c,
  0x553c, 0xd42b, 0xb72c, 0xb644, 0x5634, 0x553c, 0x7534, 0x7534, 0x7534, 0x7534, 0x553c, 0x553c,
  0x5534, 0xb644, 0x953c, 0x912b, 0xcb5a, 0x2a7c, 0x743c, 0x352c, 0x352c, 0x981c, 0x9313, 0x307c,
  0x517c, 0x552c, 0xf744, 0xd744, 0xd74c, 0xf744, 0xd744, 0xd744, 0xd744, 0xb644, 0x3855, 0xb644,
  0xd74c, 0xd744, 0xd744, 0xd744, 0xd744, 0xd744, 0xd744, 0xb644, 0x185d, 0xd644, 0xd744, 0xd744,
  0xd744, 0xd744, 0xd744, 0xd744, 0xd744, 0xb644, 0x3855, 0xb644, 0xd744, 0xd744, 0xd744, 0xd744,
  0xd744, 0xd744, 0xd744, 0xb644, 0x3855, 0xb644, 0xd744, 0xd744, 0xd744, 0xd744, 0xd744, 0xd744,
  0xd744, 0xb644, 0x3855, 0xb644, 0xf744, 0xf744, 0xd744, 0xd744, 0xd744, 0xd744, 0xd744, 0xd744,
  0x3855, 0xb644, 0xd744, 0xd744, 0xd744, 0xd744, 0xd744, 0xd744, 0xd744, 0xf844, 0x9554, 0x8932,
  0x8a7b, 0xd0ac, 0x30b5, 0xf0b4, 0x516c, 0x962c, 0xb63c, 0x744c, 0x5855, 0xf73c, 0xb754, 0xd744,
  0xd74c, 0xd744, 0xd744, 0xd744, 0xd744, 0xd74c, 0x184d, 0xb644, 0xd744, 0xd744, 0xd744, 0xd744,
  0xd744, 0xd744, 0xd744, 0xd74c, 0x1755, 0xb644, 0xf744, 0xd744, 0xd744, 0xd744, 0xd744, 0xd744,
  0xd744, 0xf74c, 0x174d, 0xd644, 0xd744, 0xd744, 0xd744, 0xd744, 0xd744, 0xd744, 0xf744, 0xb644,
  0xb744, 0xd74c, 0xd744, 0xd744, 0xd744, 0xf644, 0xd744, 0xf744, 0xd744, 0xf74c, 0xf74c, 0xd744,
  0xd74c, 0xd74c, 0xd74c, 0xd744, 0xd744, 0xd744, 0xb644, 0x1855, 0xf74c, 0xd744, 0xd744, 0xd744,
  0xd744, 0xd744, 0xd744, 0xd744, 0xd644, 0x1855, 0xd74c, 0xd744, 0xd744, 0xd744, 0xd744, 0xd744,
  0xd744, 0xd744, 0xb644, 0x1855, 0xd74c, 0xd744, 0xd744, 0xd744, 0xd744, 0xd744, 0xd744, 0xd744,
  0xb644, 0x3855, 0xd644, 0xf744, 0xd744, 0xd744, 0xd744, 0xd744, 0xd744, 0xd744, 0xb644, 0x3855,
  0xd644, 0xd74c, 0xd744, 0xd744, 0xd744, 0xd744, 0xd744, 0xd744, 0xb644, 0x3855, 0xb644, 0xd744,
  0xd744, 0xd744, 0xd744, 0xd744, 0xd744, 0xd74c, 0xb644, 0x5855, 0xb644, 0xd744, 0xd744, 0xd744,
  0xd744, 0xd744, 0xd744, 0xd744, 0xb644, 0x5855, 0xb644, 0xd64c, 0xd64c, 0xf744, 0xf744, 0x383d,
  0xf74c, 0xf84c, 0xb654, 0x166d, 0xb744, 0xf844, 0xf54c, 0xd744, 0xd744, 0xd744, 0xd744, 0xd74c,
  0xd744, 0x7a5d, 0xd24b, 0xc58a, 0x69b4, 0xb54c, 0x9a2d, 0xf64c, 0xb564, 0xf65c, 0x552c, 0x317c,
  0x317c, 0xd31b, 0x7534, 0x7534, 0x5534, 0x5534, 0x5534, 0x7534, 0x7534, 0x5534, 0xb644, 0x5434,
  0x7534, 0x7534, 0x7534, 0x7534, 0x7534, 0x7534, 0x7534, 0x5534, 0x9644, 0x7534, 0x7534, 0x7534,
  0x7534, 0x7534, 0x7534, 0x7534, 0x7534, 0x5534, 0xd744, 0x5534, 0x7534, 0x7534, 0x7534, 0x7534,
  0x7534, 0x7534, 0x7534, 0x5534, 0xd744, 0x3534, 0x7534, 0x7534, 0x7534, 0x7534, 0x7534, 0x7534,
  0x7534, 0x7534, 0xb644, 0x3534, 0x7534, 0x7534, 0x7534, 0x7534, 0x7534, 0x7534, 0x7534, 0x5534,
  0xb744, 0x5534, 0x7534, 0x7534, 0x7534, 0x7534, 0x7534, 0x7534, 0x5534, 0x743c, 0xc942, 0x4742,
  0x8a73, 0x4d94, 0xaea4, 0x4f3b, 0xd803, 0x351c, 0x1324, 0x3424, 0xb644, 0x552c, 0x7534, 0x7534,
  0x7534, 0x7534, 0x7534, 0x7534, 0x7534, 0x553c, 0xb644, 0x5534, 0x7534, 0x7534, 0x7534, 0x7534,
  0x7534, 0x7534, 0x7534, 0x753c, 0xb644, 0x5534, 0x7534, 0x7534, 0x7534, 0x7534, 0x7534, 0x7534,
  0x5534, 0x753c, 0x953c, 0x5534, 0x7534, 0x7534, 0x7534, 0x7534, 0x7534, 0x7534, 0x7534, 0x5534,
  0x5534, 0x7534, 0x7534, 0x7534, 0x7534, 0x7534, 0x7534, 0x7534, 0x5534, 0x953c, 0x963c, 0x5534,
  0x7534, 0x7534, 0x7534, 0x7534, 0x7534, 0x7534, 0x5534, 0xb644, 0x753c, 0x7534, 0x7534, 0x7534,
  0x7534, 0x7534, 0x7534, 0x7534, 0x7534, 0xb63c, 0x753c, 0x7534, 0x7534, 0x7534, 0x7534, 0x7534,
  0x7534, 0x7534, 0x5534, 0xb63c, 0x753c, 0x7534, 0x7534, 0x7534, 0x7534, 0x7534, 0x7534, 0x7534,
  0x5534, 0xb644, 0x7534, 0x7534, 0x7534, 0x7534, 0x7534, 0x7534, 0x7534, 0x7534, 0x5534, 0xd744,
  0x5534, 0x7534, 0x7534, 0x7534, 0x7534, 0x7534, 0x7534, 0x7534, 0x5534, 0xb644, 0x7534, 0x7534,
  0x7534, 0x7534, 0x7534, 0x7534, 0x7534, 0x7534, 0x3434, 0xd744, 0x7534, 0x7534, 0x7534, 0x7534,
  0x7534, 0x7534, 0x7534, 0x7534, 0x5534, 0xd644, 0x5534, 0x7534, 0x7534, 0x7534, 0x7534, 0x5534,
  0x7534, 0x7534, 0x5534, 0xb644, 0x5534, 0x7534, 0x7534, 0x7534, 0x7534, 0x7534, 0x5534, 0x5534,
  0x5534, 0xd844, 0xcc2a, 0x0953, 0x8c4b, 0x5434, 0x762c, 0x7534, 0x7534, 0x762c, 0xd41b, 0x307c,
  0x317c, 0xd31b, 0x7634, 0x553c, 0x7534, 0x7534, 0x553c, 0x7534, 0x7534, 0x7534, 0xd744, 0x7534,
  0x753c, 0x7534, 0x7534, 0x753c, 0x7534, 0x7534, 0x7534, 0x7534, 0xb644, 0x7534, 0x7534, 0x7534,
  0x7534, 0x7534, 0x7534, 0x7534, 0x753c, 0x7534, 0xf74c, 0x7534, 0x753c, 0x753c, 0x7534, 0x7534,
  0x7534, 0x7534, 0x7534, 0x7534, 0xd74c, 0x5534, 0x753c, 0x7534, 0x7534, 0x753c, 0x7534, 0x7534,
  0x753c, 0x7534, 0xb744, 0x5534, 0x7534, 0x7534, 0x7534, 0x7534, 0x7534, 0x7534, 0x753c, 0x753c,
  0xd74c, 0x7534, 0x7534, 0x7534, 0x7534, 0x7534, 0x7534, 0x753c, 0x7534, 0x9734, 0xcd53, 0x0e84,
  0xcb7b, 0x6ea4, 0xcea4, 0xd094, 0x105c, 0x361c, 0x1424, 0x352c, 0xd64c, 0x752c, 0x7534, 0x7534,
  0x7534, 0x7534, 0x7534, 0x7534, 0x7534, 0x763c, 0xb644, 0x7534, 0x7534, 0x7534, 0x7534, 0x7534,
  0x7534, 0x7534, 0x7534, 0x963c, 0xb64c, 0x5534, 0x7534, 0x7534, 0x753c, 0x753c, 0x7534, 0x7534,
  0x7534, 0x9644, 0xb63c, 0x7534, 0x7534, 0x7534, 0x7534, 0x7534, 0x7534, 0x7534, 0x7534, 0x7534,
  0x7534, 0x7534, 0x7534, 0x7534, 0x7534, 0x753c, 0x7534, 0x7534, 0x7534, 0x9644, 0x9644, 0x7534,
  0x7534, 0x7534, 0x7534, 0x7534, 0x7534, 0x7534, 0x5534, 0xd644, 0x963c, 0x7534, 0x7534, 0x7534,
  0x7534, 0x753c, 0x7534, 0x7534, 0x7534, 0xb644, 0x753c, 0x7534, 0x7534, 0x7534, 0x7534, 0x7534,
  0x7534, 0x7534, 0x7534, 0xb644, 0x753c, 0x7534, 0x7534, 0x7534, 0x9634, 0x963c, 0x7634, 0x7634,
  0x5534, 0xf74c, 0x753c, 0x7534, 0x7534, 0x7534, 0x7534, 0x753c, 0x7534, 0x7534, 0x7534, 0xf744,
  0x753c, 0x753c, 0x7534, 0x7534, 0x7534, 0x7534, 0x7534, 0x7534, 0x553c, 0xb744, 0x7534, 0x7534,
  0x7534, 0x7534, 0x7534, 0x7534, 0x7534, 0x753c, 0x5534, 0xf74c, 0x7534, 0x7534, 0x7534, 0x7534,
  0x7534, 0x7534, 0x753c, 0x753c, 0x7534, 0xf74c, 0x7534, 0x753c, 0x7534, 0x7534, 0x7534, 0x7534,
  0x7534, 0x7534, 0x7534, 0xb644, 0x7534, 0x753c, 0x7534, 0x7534, 0x7534, 0x7534, 0x7534, 0x7534,
  0x7534, 0xd744, 0x972c, 0x5614, 0xb72c, 0x7634, 0x7634, 0x7634, 0x7534, 0x9634, 0xd41b, 0x307c,
  0x317c, 0xd31b, 0x7634, 0x553c, 0x7534, 0x7534, 0x553c, 0x7534, 0x7534, 0x7534, 0xd744, 0x5534,
  0x753c, 0x7534, 0x7534, 0x7534, 0x7534, 0x7534, 0x7534, 0x5534, 0xb644, 0x7534, 0x7534, 0x7534,
  0x7534, 0x7534, 0x7534, 0x7534, 0x753c, 0x7534, 0xf74c, 0x7534, 0x7534, 0x7534, 0x7534, 0x7534,
  0x7534, 0x7534, 0x7534, 0x7534, 0xd74c, 0x3534, 0x753c, 0x7534, 0x7534, 0x7534, 0x7534, 0x7534,
  0x753c, 0x7534, 0xb744, 0x5534, 0x7534, 0x7534, 0x7534, 0x7534, 0x7534, 0x7534, 0x753c, 0x753c,
  0xd74c, 0x7534, 0x7534, 0x7534, 0x7534, 0x7534, 0x7534, 0x7534, 0x7534, 0xb52c, 0x893a, 0x4c6b,
  0x0b8c, 0x8e9c, 0xaeac, 0xd0bc, 0x3044, 0x751c, 0x3524, 0x352c, 0xd64c, 0x752c, 0x7634, 0x7534,
  0x7534, 0x7534, 0x7534, 0x7534, 0x7534, 0x763c, 0xb644, 0x7534, 0x7534, 0x7534, 0x7534, 0x7534,
  0x7534, 0x7534, 0x7534, 0x963c, 0xb644, 0x5534, 0x7534, 0x7534, 0x7534, 0x7534, 0x7534, 0x7534,
  0x7534, 0x9644, 0xb63c, 0x7534, 0x7534, 0x7534, 0x7534, 0x7534, 0x7534, 0x7534, 0x7534, 0x5534,
  0x7534, 0x7534, 0x7534, 0x7534, 0x7534, 0x7534, 0x7534, 0x7534, 0x7534, 0x9644, 0x9644, 0x7534,
  0x7534, 0x7534, 0x7534, 0x7534, 0x7534, 0x7534, 0x5534, 0xb644, 0x963c, 0x7534, 0x7534, 0x7534,
  0x7534, 0x7534, 0x7534, 0x7534, 0x7534, 0xb644, 0x753c, 0x7534, 0x7534, 0x7534, 0x7534, 0x7534,
  0x7534, 0x7534, 0x7534, 0xb644, 0x753c, 0x7534, 0x7534, 0x7634, 0xb73c, 0xb73c, 0x9634, 0x7634,
  0x5534, 0xd74c, 0x753c, 0x753c, 0x7534, 0x7534, 0x7534, 0x7534, 0x7534, 0x7534, 0x5534, 0xf744,
  0x753c, 0x7534, 0x7534, 0x7534, 0x7534, 0x7534, 0x7534, 0x7534, 0x7534, 0xb744, 0x7534, 0x7534,
  0x7534, 0x7534, 0x7534, 0x7534, 0x7534, 0x753c, 0x5534, 0xf74c, 0x7534, 0x7534, 0x7534, 0x7534,
  0x7534, 0x7534, 0x7534, 0x7534, 0x7534, 0xf74c, 0x5534, 0x753c, 0x7534, 0x7534, 0x7534, 0x7534,
  0x7534, 0x7534, 0x7534, 0xb644, 0x7534, 0x753c, 0x7534, 0x7534, 0x7534, 0x7534, 0x7534, 0x7534,
  0x7534, 0xd744, 0x972c, 0xd82c, 0x972c, 0x7534, 0x543c, 0x753c, 0x7534, 0x763c, 0xd41b, 0x307c,
  0x317c, 0xd31b, 0x7634, 0x753c, 0x7534, 0x7534, 0x553c, 0x7534, 0x7534, 0x5534, 0xd744, 0x5534,
  0x753c, 0x7534, 0x7534, 0x7534, 0x7534, 0x7534, 0x7534, 0x5534, 0xb644, 0x7534, 0x7534, 0x7534,
  0x7534, 0x7534, 0x7534, 0x7534, 0x7534, 0x5534, 0xf74c, 0x7534, 0x7534, 0x7534, 0x7534, 0x7534,
  0x7534, 0x7534, 0x7534, 0x7534, 0xf74c, 0x5534, 0x753c, 0x7534, 0x7534, 0x7534, 0x7534, 0x7534,
  0x753c, 0x7534, 0xb744, 0x5534, 0x7534, 0x7534, 0x7534, 0x7534, 0x7534, 0x7534, 0x7534, 0x753c,
  0xd74c, 0x5534, 0x7534, 0x7534, 0x7534, 0x7534, 0x7534, 0x7534, 0x7534, 0x7234, 0x484a, 0x34a5,
  0x4d7c, 0x6c9c, 0x8fb4, 0x1254, 0x550c, 0x5524, 0x3524, 0x762c, 0xb654, 0x5534, 0x7634, 0x7534,
  0x7534, 0x7534, 0x7534, 0x7534, 0x7534, 0x763c, 0xb744, 0x7534, 0x7534, 0x7534, 0x7534, 0x7534,
  0x7534, 0x7534, 0x7534, 0x963c, 0xb64c, 0x5534, 0x7534, 0x7534, 0x7534, 0x753c, 0x7534, 0x7534,
  0x7534, 0x9644, 0xb644, 0x7534, 0x7534, 0x7534, 0x7534, 0x7534, 0x7534, 0x7534, 0x7534, 0x7534,
  0x7534, 0x7534, 0x7534, 0x7534, 0x7534, 0x7534, 0x7534, 0x7534, 0x5534, 0x9644, 0x9644, 0x7534,
  0x7534, 0x7534, 0x7534, 0x7534, 0x7534, 0x7534, 0x5534, 0xd644, 0x963c, 0x7534, 0x7534, 0x7534,
  0x7534, 0x7534, 0x7534, 0x7534, 0x5534, 0xb644, 0x753c, 0x7534, 0x7534, 0x7534, 0x7534, 0x7534,
  0x7534, 0x7534, 0x7534, 0xb644, 0x753c, 0x7534, 0x7534, 0x7534, 0x963c, 0x963c, 0xd32b, 0x9634,
  0x5534, 0xf74c, 0x753c, 0x7534, 0x7534, 0x7534, 0x7534, 0x7534, 0x7534, 0x7534, 0x5534, 0xf744,
  0x753c, 0x7534, 0x7534, 0x7534, 0x7534, 0x7534, 0x7534, 0x7534, 0x7534, 0xb744, 0x7534, 0x7534,
  0x7534, 0x7534, 0x7534, 0x7534, 0x7534, 0x7534, 0x5534, 0xf74c, 0x7534, 0x7534, 0x7534, 0x7534,
  0x7534, 0x7534, 0x7534, 0x7534, 0x7534, 0xf74c, 0x5534, 0x7534, 0x7534, 0x7534, 0x7534, 0x7534,
  0x7534, 0x7534, 0x7534, 0xb644, 0x7534, 0x753c, 0x7534, 0x7534, 0x7534, 0x7534, 0x7534, 0x7534,
  0x7534, 0xd744, 0x7534, 0x7634, 0x7534, 0x7534, 0x9534, 0x7534, 0x7534, 0x763c, 0xd41b, 0x307c,
  0x317c, 0xd31b, 0x7634, 0x553c, 0x7534, 0x7534, 0x553c, 0x7534, 0x7534, 0x5534, 0xd744, 0x5534,
  0x7534, 0x7534, 0x7534, 0x7534, 0x7534, 0x7534, 0x7534, 0x5534, 0xb644, 0x7534, 0x7534, 0x7534,
  0x7534, 0x7534, 0x7534, 0x7534, 0x7534, 0x5534, 0xf74c, 0x7534, 0x7534, 0x7534, 0x7534, 0x7534,
  0x7534, 0x7534, 0x7534, 0x7534, 0xf74c, 0x5534, 0x753c, 0x7534, 0x7534, 0x7534, 0x7534, 0x7534,
  0x753c, 0x7534, 0xb744, 0x5534, 0x7534, 0x7534, 0x7534, 0x7534, 0x7534, 0x7534, 0x7534, 0x753c,
  0xd74c, 0x5534, 0x7534, 0x7534, 0x7534, 0x7534, 0x7534, 0x7534, 0x7634, 0x981c, 0x0a4b, 0xb2a4,
  0x4c94, 0x6d9c, 0x5174, 0xd423, 0x341c, 0x5524, 0x5524, 0x352c, 0x744c, 0x342c, 0x762c, 0x7534,
  0x753c, 0x7534, 0x7534, 0x7534, 0x7534, 0x763c, 0xb744, 0x7534, 0x7534, 0x7534, 0x7534, 0x7534,
  0x7534, 0x7534, 0x7534, 0x963c, 0xb74c, 0x5534, 0x7534, 0x7534, 0x7534, 0x7534, 0x7534, 0x7534,
  0x7534, 0x9644, 0xb644, 0x7534, 0x7534, 0x7534, 0x7534, 0x7534, 0x7534, 0x7534, 0x7534, 0x7534,
  0x7534, 0x7534, 0x7534, 0x7534, 0x7534, 0x7534, 0x7534, 0x7534, 0x7534, 0x9644, 0x9644, 0x7534,
  0x7534, 0x7534, 0x7534, 0x7534, 0x7534, 0x7534, 0x5534, 0xd644, 0x963c, 0x7534, 0x7534, 0x7534,
  0x7534, 0x7534, 0x7534, 0x7534, 0x5534, 0xb644, 0x753c, 0x7534, 0x7534, 0x7534, 0x7534, 0x7534,
  0x7534, 0x7534, 0x7534, 0xb644, 0x753c, 0x7534, 0x753c, 0x7534, 0x7534, 0x963c, 0x963c, 0x963c,
  0x5534, 0xd74c, 0x753c, 0x753c, 0x7534, 0x7534, 0x7534, 0x7534, 0x7534, 0x7534, 0x5534, 0xf744,
  0x753c, 0x7534, 0x7534, 0x7534, 0x7534, 0x7534, 0x7534, 0x7534, 0x5534, 0xb744, 0x7534, 0x7534,
  0x7534, 0x7534, 0x7534, 0x7534, 0x7534, 0x7534, 0x5534, 0xf74c, 0x7534, 0x7534, 0x7534, 0x7534,
  0x7534, 0x7534, 0x7534, 0x7534, 0x7534, 0xf74c, 0x5534, 0x7534, 0x7534, 0x7534, 0x7534, 0x7534,
  0x7534, 0x753c, 0x7534, 0xb644, 0x7534, 0x753c, 0x7534, 0x7534, 0x7534, 0x7534, 0x7534, 0x7534,
  0x7534, 0xd744, 0x7634, 0x9634, 0x7534, 0x9634, 0x9734, 0x7634, 0x7534, 0x9634, 0xd41b, 0x307c,
  0x317c, 0xd31b, 0x7634, 0x553c, 0x7534, 0x7534, 0x553c, 0x7534, 0x7534, 0x5534, 0xd744, 0x5534,
  0x7534, 0x7534, 0x7534, 0x7534, 0x7534, 0x7534, 0x7534, 0x5534, 0xb644, 0x7534, 0x7534, 0x7534,
  0x7534, 0x7534, 0x7534, 0x7534, 0x7534, 0x5534, 0xf74c, 0x7534, 0x7534, 0x7534, 0x7534, 0x7534,
  0x7534, 0x7534, 0x7534, 0x7534, 0xf74c, 0x5534, 0x753c, 0x7534, 0x7534, 0x7534, 0x7534, 0x7534,
  0x753c, 0x7534, 0xb744, 0x5534, 0x7534, 0x7534, 0x7534, 0x7534, 0x7534, 0x7534, 0x7534, 0x753c,
  0xd74c, 0x5534, 0x7534, 0x7534, 0x7534, 0x7534, 0x7534, 0x7534, 0x7534, 0x9634, 0x4c53, 0x4e84,
  0x8893, 0x4d94, 0x113c, 0xd51b, 0x361c, 0x3524, 0x7624, 0xd423, 0x314c, 0xd32b, 0x762c, 0x7534,
  0x553c, 0x7534, 0x7534, 0x7534, 0x7534, 0x763c, 0xb744, 0x7534, 0x7534, 0x7534, 0x7534, 0x7534,
  0x7534, 0x7534, 0x7534, 0x963c, 0xb74c, 0x5534, 0x7534, 0x7534, 0x7534, 0x7534, 0x7534, 0x7534,
  0x7534, 0x9644, 0xb644, 0x7534, 0x7534, 0x7534, 0x7534, 0x7534, 0x7534, 0x7534, 0x7534, 0x7534,
  0x7534, 0x7534, 0x7534, 0x7534, 0x7534, 0x7534, 0x7534, 0x7534, 0x7534, 0x9644, 0x9644, 0x7534,
  0x7534, 0x7534, 0x7534, 0x7534, 0x7534, 0x7534, 0x5534, 0xd644, 0x963c, 0x7534, 0x7534, 0x7534,
  0x7534, 0x7534, 0x553c, 0x7534, 0x5534, 0xb644, 0x753c, 0x7534, 0x7534, 0x7534, 0x7534, 0x7534,
  0x7534, 0x7534, 0x7534, 0xb644, 0x753c, 0x7534, 0x7534, 0x7534, 0x7534, 0x7534, 0x7534, 0x7534,
  0x5534, 0xf744, 0x7534, 0x7534, 0x7534, 0x7534, 0x7534, 0x7534, 0x7534, 0x7534, 0x5534, 0xf744,
  0x753c, 0x7534, 0x7534, 0x7534, 0x7534, 0x7534, 0x7534, 0x7534, 0x5534, 0xb744, 0x7534, 0x7534,
  0x7534, 0x7534, 0x7534, 0x7534, 0x7534, 0x7534, 0x5434, 0xf74c, 0x7534, 0x7534, 0x7534, 0x7534,
  0x7534, 0x7534, 0x7534, 0x7534, 0x7534, 0xf74c, 0x5534, 0x7534, 0x7534, 0x7534, 0x7534, 0x7534,
  0x7534, 0x7534, 0x7534, 0xb644, 0x7534, 0x753c, 0x7534, 0x7534, 0x7534, 0x7534, 0x7534, 0x7534,
  0x7534, 0xd744, 0x9634, 0x9634, 0x7634, 0x7634, 0x7534, 0x7534, 0x7534, 0x753c, 0xd41b, 0x307c,
  0x317c, 0xd31b, 0x7634, 0x553c, 0x7534, 0x7534, 0x553c, 0x7534, 0x7534, 0x5534, 0xd744, 0x5534,
  0x7534, 0x7534, 0x7534, 0x7534, 0x7534, 0x7534, 0x7534, 0x5534, 0xb644, 0x7534, 0x7534, 0x7534,
  0x7534, 0x7534, 0x7534, 0x7534, 0x7534, 0x5534, 0xf74c, 0x7534, 0x7534, 0x7534, 0x7534, 0x7534,
  0x7534, 0x7534, 0x7534, 0x7534, 0xf74c, 0x5534, 0x753c, 0x7534, 0x7534, 0x7534, 0x7534, 0x7534,
  0x7534, 0x7534, 0xb744, 0x5534, 0x7534, 0x7534, 0x7534, 0x7534, 0x7534, 0x7534, 0x7534, 0x753c,
  0xd74c, 0x5534, 0x7534, 0x7534, 0x7534, 0x7534, 0x7534, 0x7534, 0x7534, 0xb734, 0x0b4b, 0x492a,
  0x0863, 0xca93, 0x305c, 0x142c, 0xd31b, 0x1524, 0x3524, 0xd323, 0xcf4b, 0xd22b, 0x7634, 0x7534,
  0x553c, 0x7534, 0x7534, 0x7534, 0x7534, 0x763c, 0xb744, 0x5534, 0x7534, 0x7534, 0x7534, 0x7534,
  0x7534, 0x7534, 0x7534, 0x963c, 0xb74c, 0x5534, 0x7534, 0x7534, 0x7534, 0x7534, 0x7534, 0x7534,
  0x7534, 0x9644, 0xb644, 0x7534, 0x7534, 0x7534, 0x7534, 0x7534, 0x7534, 0x7534, 0x7534, 0x7534,
  0x7534, 0x7534, 0x7534, 0x7534, 0x7534, 0x7534, 0x7534, 0x7534, 0x7534, 0x9644, 0x9644, 0x7534,
  0x7534, 0x7534, 0x7534, 0x7534, 0x7534, 0x7534, 0x5534, 0xd644, 0x963c, 0x7534, 0x7534, 0x7534,
  0x7534, 0x7534, 0x553c, 0x7534, 0x5534, 0xb644, 0x753c, 0x7534, 0x7534, 0x7534, 0x7534, 0x7534,
  0x7534, 0x7534, 0x7534, 0xb644, 0x753c, 0x7534, 0x7534, 0x7534, 0x7534, 0x7534, 0x7534, 0x7634,
  0x7634, 0x1745, 0x963c, 0x7534, 0x7534, 0x7534, 0x7534, 0x7534, 0x7534, 0x7534, 0x5534, 0xf744,
  0x753c, 0x7534, 0x7534, 0x7534, 0x7534, 0x7534, 0x7534, 0x7534, 0x5534, 0xb744, 0x7534, 0x7534,
  0x7534, 0x7534, 0x7534, 0x7534, 0x7534, 0x7534, 0x5434, 0xf74c, 0x7534, 0x7534, 0x7534, 0x7534,
  0x7534, 0x7534, 0x7534, 0x7534, 0x7534, 0xf74c, 0x5534, 0x7534, 0x7534, 0x7534, 0x7534, 0x7534,
  0x7534, 0x7534, 0x7534, 0xb644, 0x7534, 0x753c, 0x7534, 0x7534, 0x7534, 0x7534, 0x7534, 0x7534,
  0x5534, 0xd744, 0x5534, 0x7634, 0xb734, 0x753c, 0x543c, 0x7634, 0x7634, 0x753c, 0xd41b, 0x307c,
  0x317c, 0xd31b, 0x7634, 0x553c, 0x7534, 0x7534, 0x553c, 0x7534, 0x7534, 0x5534, 0xd744, 0x5534,
  0x7534, 0x7534, 0x7534, 0x7534, 0x7534, 0x7534, 0x7534, 0x5534, 0xb644, 0x7534, 0x7534, 0x7534,
  0x7534, 0x7534, 0x7534, 0x7534, 0x7534, 0x5534, 0xf74c, 0x7534, 0x7534, 0x7534, 0x7534, 0x7534,
  0x7534, 0x7534, 0x7534, 0x7534, 0xf74c, 0x5534, 0x7534, 0x7534, 0x7534, 0x7534, 0x7534, 0x7534,
  0x7534, 0x7534, 0xb744, 0x5534, 0x7534, 0x7534, 0x7534, 0x7534, 0x7534, 0x7534, 0x7534, 0x753c,
  0xf744, 0x5534, 0x7534, 0x7534, 0x7534, 0x7534, 0x7534, 0x7534, 0x7534, 0xb734, 0x5344, 0xc85a,
  0x0b33, 0x8a5b, 0x2b84, 0x9924, 0xd423, 0x3524, 0x3524, 0x7634, 0xb64c, 0x5534, 0x7634, 0x7534,
  0x7534, 0x7534, 0x7534, 0x7534, 0x7534, 0x763c, 0xb744, 0x7534, 0x7534, 0x7534, 0x7534, 0x3534,
  0x7534, 0x7534, 0x7534, 0x963c, 0xb64c, 0x5534, 0x7534, 0x7534, 0x7534, 0x7534, 0x7534, 0x7534,
  0x7534, 0x9644, 0xb644, 0x7534, 0x7534, 0x7534, 0x7534, 0x7534, 0x7534, 0x7534, 0x7534, 0x5534,
  0x5534, 0x7534, 0x7534, 0x7534, 0x7534, 0x7534, 0x7534, 0x7534, 0x7534, 0x9644, 0x9644, 0x7534,
  0x7534, 0x7534, 0x7534, 0x7534, 0x7534, 0x7534, 0x5534, 0xd644, 0x963c, 0x7534, 0x7534, 0x7534,
  0x7534, 0x7534, 0x7534, 0x7534, 0x5534, 0xb644, 0x753c, 0x7534, 0x7534, 0x7534, 0x7534, 0x7534,
  0x7534, 0x7534, 0x7534, 0xb644, 0x753c, 0x7534, 0x7534, 0x7534, 0x7534, 0x7534, 0x7534, 0x7534,
  0xf744, 0x3855, 0x7534, 0x7534, 0x7534, 0x7534, 0x7534, 0x7534, 0x7534, 0x7534, 0x5534, 0xf744,
  0x753c, 0x7534, 0x7534, 0x7534, 0x7534, 0x7534, 0x7534, 0x7534, 0x5534, 0xb744, 0x7534, 0x7534,
  0x7534, 0x7534, 0x7534, 0x7534, 0x7534, 0x7534, 0x5434, 0xf74c, 0x7534, 0x7534, 0x7534, 0x7534,
  0x7534, 0x7534, 0x7534, 0x7534, 0x7534, 0xf74c, 0x5534, 0x7534, 0x7534, 0x7534, 0x7534, 0x7534,
  0x7534, 0x7534, 0x7534, 0xb644, 0x7534, 0x753c, 0x7534, 0x7534, 0x7534, 0x7534, 0x7534, 0x7534,
  0x7534, 0xd744, 0x5534, 0x7634, 0xb734, 0xb63c, 0x7534, 0x7634, 0x7634, 0x763c, 0xd41b, 0x307c,
  0x317c, 0xd31b, 0x7634, 0x553c, 0x7534, 0x7534, 0x553c, 0x7534, 0x7534, 0x5534, 0xd744, 0x5534,
  0x7534, 0x7534, 0x7534, 0x7534, 0x7534, 0x7534, 0x7534, 0x5534, 0xb644, 0x7534, 0x7534, 0x7534,
  0x7534, 0x7534, 0x7534, 0x7534, 0x7534, 0x5534, 0xf74c, 0x7534, 0x7534, 0x7534, 0x7534, 0x7534,
  0x7534, 0x7534, 0x7534, 0x7534, 0xf74c, 0x5534, 0x7534, 0x7534, 0x7534, 0x7534, 0x7534, 0x7534,
  0x7534, 0x7534, 0xb744, 0x5534, 0x7534, 0x7534, 0x7534, 0x7534, 0x7534, 0x7534, 0x7534, 0x753c,
  0xd744, 0x5534, 0x7534, 0x7534, 0x7534, 0x7534, 0x7534, 0x7534, 0x7534, 0x7444, 0xf654, 0xc84a,
  0xc842, 0xcb22, 0x0763, 0xd03b, 0x571c, 0x5524, 0x762c, 0xb73c, 0xd73c, 0x7534, 0x7634, 0x7534,
  0x7534, 0x7534, 0x7534, 0x7534, 0x7534, 0x763c, 0xb744, 0x7534, 0xb63c, 0x7534, 0x7534, 0x585d,
  0x5534, 0x7534, 0x7534, 0x763c, 0xb64c, 0x5534, 0x7534, 0x7534, 0x7534, 0x7534, 0x7534, 0x7534,
  0x7534, 0x9644, 0xb644, 0x7534, 0x7534, 0x7534, 0x7534, 0x7534, 0x7534, 0x7534, 0x7534, 0x5534,
  0x5534, 0x7534, 0x7534, 0x7534, 0x7534, 0x7534, 0x7534, 0x7534, 0x7534, 0x9644, 0x9644, 0x7534,
  0x7534, 0x7534, 0x7534, 0x7534, 0x7534, 0x7534, 0x5534, 0xd644, 0x963c, 0x7534, 0x7534, 0x7534,
  0x7534, 0x7534, 0x7534, 0x7534, 0x5534, 0xb644, 0x753c, 0x7534, 0x7534, 0x7534, 0x7534, 0x7534,
  0x7534, 0x7534, 0x7534, 0xb644, 0x753c, 0x7534, 0x7534, 0x7534, 0x7534, 0x7534, 0x7534, 0x7534,
  0x7534, 0xd74c, 0x7534, 0x7534, 0x7534, 0x7534, 0x7534, 0x7534, 0x7534, 0x7534, 0x5534, 0xf744,
  0x753c, 0x7534, 0x7534, 0x7534, 0x7534, 0x7534, 0x7534, 0x7534, 0x5534, 0xb744, 0x7534, 0x7534,
  0x7534, 0x7534, 0x7534, 0x7534, 0x7534, 0x7534, 0x5434, 0xf74c, 0x7534, 0x7534, 0x7534, 0x7534,
  0x7534, 0x7534, 0x7534, 0x7534, 0x7534, 0xf74c, 0x5534, 0x7534, 0x7534, 0x7534, 0x7534, 0x7534,
  0x7534, 0x7534, 0x7534, 0xb644, 0x7534, 0x7534, 0x7534, 0x7534, 0x7534, 0x7534, 0x7534, 0x7534,
  0x7534, 0xd744, 0x7534, 0x7534, 0x7634, 0x7634, 0x7634, 0x7534, 0x7534, 0x763c, 0xd31b, 0x307c,
  0x317c, 0xd31b, 0x7634, 0x553c, 0x7534, 0x7534, 0x553c, 0x7534, 0x7534, 0x5534, 0xd744, 0x5534,
  0x7534, 0x7534, 0x7534, 0x7534, 0x7534, 0x7534, 0x7534, 0x5534, 0xb644, 0x7534, 0x7534, 0x7534,
  0x7534, 0x7534, 0x7534, 0x7534, 0x7534, 0x5534, 0xf74c, 0x7534, 0x7534, 0x7534, 0x7534, 0x7534,
  0x7534, 0x7534, 0x7534, 0x7534, 0xf74c, 0x5534, 0x7534, 0x7534, 0x7534, 0x7534, 0x7534, 0x7534,
  0x7534, 0x7534, 0xb744, 0x5534, 0x7534, 0x7534, 0x7534, 0x7534, 0x7534, 0x7534, 0x7534, 0x753c,
  0xf744, 0x5534, 0x7534, 0x7534, 0x763c, 0x763c, 0x7534, 0x7534, 0x7634, 0x9924, 0xd45c, 0x3624,
  0x0f2b, 0x0f7c, 0x0963, 0x4442, 0x4b33, 0x552c, 0x7634, 0xb63c, 0xd744, 0x7534, 0x763c, 0x7534,
  0x7534, 0x7534, 0x7534, 0x7534, 0x7534, 0x763c, 0xb744, 0x7534, 0x7534, 0x7534, 0x3534, 0x5765,
  0x7855, 0x3534, 0x7534, 0x763c, 0xb64c, 0x5534, 0x7534, 0x7534, 0x7534, 0x7534, 0x7534, 0x7534,
  0x7534, 0x9644, 0xb644, 0x7534, 0x7534, 0x7534, 0x7534, 0x7534, 0x7534, 0x7534, 0x7534, 0x5534,
  0x5534, 0x753c, 0x7534, 0x7534, 0x7534, 0x7534, 0x7534, 0x7534, 0x7534, 0x9644, 0x9644, 0x7534,
  0x7534, 0x7534, 0x7534, 0x7534, 0x7534, 0x7534, 0x5534, 0xd644, 0x963c, 0x7534, 0x7534, 0x7534,
  0x7534, 0x7534, 0x7534, 0x7534, 0x5534, 0xb644, 0x753c, 0x7534, 0x7534, 0x7534, 0x7534, 0x7534,
  0x7534, 0x7534, 0x7534, 0xb644, 0x753c, 0x7534, 0x7534, 0x7534, 0x7534, 0x7534, 0x7534, 0x7534,
  0x5534, 0xf74c, 0x753c, 0x7534, 0x7534, 0x7534, 0x7534, 0x7534, 0x7534, 0x7534, 0x5534, 0xf744,
  0x753c, 0x7534, 0x7534, 0x7534, 0x7534, 0x7534, 0x7534, 0x7534, 0x5534, 0xb744, 0x7534, 0x7534,
  0x7534, 0x7534, 0x7534, 0x7534, 0x7534, 0x7534, 0x5434, 0xf74c, 0x7534, 0x7534, 0x7534, 0x7534,
  0x7534, 0x7534, 0x7534, 0x7534, 0x7534, 0xf74c, 0x5534, 0x7534, 0x7534, 0x7534, 0x7534, 0x7534,
  0x7534, 0x7534, 0x7534, 0xb644, 0x7534, 0x7534, 0x7534, 0x7534, 0x7534, 0x7534, 0x7534, 0x7534,
  0x7534, 0xd744, 0x7534, 0x7534, 0x7534, 0x7534, 0x7534, 0x7534, 0x7534, 0x763c, 0xd31b, 0x307c,
  0x317c, 0xd31b, 0x7634, 0x553c, 0x7534, 0x7534, 0x553c, 0x7534, 0x7534, 0x5534, 0xd744, 0x5534,
  0x7534, 0x7534, 0x7534, 0x7534, 0x7534, 0x7534, 0x7534, 0x5534, 0xb644, 0x7534, 0x7534, 0x7534,
  0x7534, 0x7534, 0x7534, 0x7534, 0x7534, 0x5534, 0xf74c, 0x7534, 0x7534, 0x7534, 0x7534, 0x7534,
  0x7534, 0x7534, 0x7534, 0x7534, 0xf74c, 0x5534, 0x7534, 0x7534, 0x7534, 0x7534, 0x7534, 0x7534,
  0x7534, 0x7534, 0xb744, 0x5534, 0x7534, 0x7534, 0x7534, 0x7534, 0x7534, 0x7534, 0x7534, 0x7534,
  0xf744, 0x5534, 0x7534, 0x7534, 0x763c, 0x7534, 0x7534, 0x7534, 0x7534, 0x5534, 0xd554, 0x7634,
  0x753c, 0x5323, 0xcd2a, 0x8e33, 0x9534, 0x7534, 0x7534, 0x763c, 0xb744, 0x5534, 0x7534, 0x7534,
  0x7534, 0x7534, 0x7534, 0x7534, 0x7534, 0x763c, 0xb744, 0x7534, 0x753c, 0x7534, 0x7534, 0x342c,
  0x763c, 0x753c, 0x7534, 0x763c, 0xb64c, 0x5534, 0x7534, 0x7534, 0x7534, 0x7534, 0x7534, 0x7534,
  0x7534, 0x9644, 0xb644, 0x7534, 0x7534, 0x7534, 0x7534, 0x7534, 0x7534, 0x7534, 0x7534, 0x5534,
  0x5534, 0x7534, 0x7534, 0x7534, 0x7534, 0x7534, 0x7534, 0x7534, 0x7534, 0x9644, 0x9644, 0x7534,
  0x7534, 0x7534, 0x7534, 0x7534, 0x7534, 0x7534, 0x5534, 0xd644, 0x963c, 0x7534, 0x7534, 0x7534,
  0x7534, 0x7534, 0x7534, 0x7534, 0x5534, 0xb644, 0x753c, 0x7534, 0x7534, 0x7534, 0x7534, 0x7534,
  0x7534, 0x7534, 0x7534, 0xb644, 0x753c, 0x7534, 0x7534, 0x7534, 0x7534, 0x7534, 0x7534, 0x7534,
  0x5534, 0xd74c, 0x7534, 0x7534, 0x7534, 0x7534, 0x7534, 0x7534, 0x7534, 0x7534, 0x5534, 0xf744,
  0x753c, 0x7534, 0x7534, 0x7534, 0x7534, 0x7534, 0x7534, 0x7534, 0x7534, 0xb744, 0x7534, 0x7534,
  0x7534, 0x7534, 0x7534, 0x7534, 0x7534, 0x7534, 0x5434, 0xf74c, 0x7534, 0x7534, 0x7534, 0x7534,
  0x7534, 0x7534, 0x7534, 0x7534, 0x7534, 0xf74c, 0x5534, 0x7534, 0x7534, 0x7534, 0x7534, 0x7534,
  0x7534, 0x7534, 0x7534, 0xb644, 0x7534, 0x7534, 0x7534, 0x7534, 0x7534, 0x7534, 0x7534, 0x7534,
  0x7534, 0xd744, 0x5534, 0x7534, 0x7534, 0x7534, 0x7534, 0x7534, 0x7534, 0x763c, 0xd31b, 0x307c,
  0x317c, 0xd31b, 0x7634, 0x553c, 0x7534, 0x7534, 0x553c, 0x7534, 0x7534, 0x7534, 0xd744, 0x5534,
  0x7534, 0x7534, 0x7534, 0x7534, 0x7534, 0x7534, 0x7534, 0x5534, 0xb644, 0x7534, 0x7534, 0x7534,
  0x7534, 0x7534, 0x7534, 0x7534, 0x7534, 0x7534, 0xf74c, 0x7534, 0x7534, 0x7534, 0x7534, 0x7534,
  0x7534, 0x7534, 0x7534, 0x7534, 0xf74c, 0x5534, 0x7534, 0x7534, 0x7534, 0x7534, 0x7534, 0x7534,
  0x7534, 0x7534, 0xb744, 0x5534, 0x7534, 0x7534, 0x7534, 0x7534, 0x7534, 0x7534, 0x7534, 0x7534,
  0xf744, 0x5534, 0x7534, 0x7534, 0x7534, 0x7534, 0x7534, 0x7534, 0x7534, 0x7534, 0xf654, 0x5534,
  0x7634, 0x772c, 0x5534, 0x7634, 0x7734, 0x7534, 0x7534, 0x753c, 0xb744, 0x5534, 0x7534, 0x7534,
  0x7534, 0x7534, 0x7534, 0x7534, 0x7534, 0x763c, 0xb744, 0x7534, 0x7534, 0x7534, 0x7534, 0x7534,
  0x7534, 0x7534, 0x7534, 0x963c, 0xb64c, 0x7534, 0x7534, 0x7534, 0x7534, 0x7534, 0x7534, 0x7534,
  0x7534, 0x9644, 0xb644, 0x5534, 0x7534, 0x7534, 0x7534, 0x7534, 0x7534, 0x7534, 0x7534, 0x5534,
  0x5534, 0x7534, 0x7534, 0x7534, 0x7534, 0x7534, 0x7534, 0x7534, 0x7534, 0x9644, 0x9644, 0x7534,
  0x7534, 0x7534, 0x7534, 0x7534, 0x7534, 0x7534, 0x5534, 0xd644, 0x963c, 0x7534, 0x7534, 0x7534,
  0x7534, 0x7534, 0x7534, 0x7534, 0x5534, 0xb644, 0x753c, 0x7534, 0x7534, 0x7534, 0x7534, 0x7534,
  0x7534, 0x7534, 0x7534, 0xb644, 0x753c, 0x7534, 0x7534, 0x7534, 0x7534, 0x7534, 0x7534, 0x7534,
  0x5534, 0xd74c, 0x753c, 0x7534, 0x7534, 0x7534, 0x7534, 0x7534, 0x7534, 0x7534, 0x5534, 0xf744,
  0x753c, 0x7534, 0x7534, 0x7534, 0x7534, 0x7534, 0x7534, 0x7534, 0x7534, 0xb744, 0x7534, 0x7534,
  0x7534, 0x7534, 0x7534, 0x7534, 0x7534, 0x7534, 0x5434, 0xf74c, 0x7534, 0x7534, 0x7534, 0x7534,
  0x7534, 0x7534, 0x7534, 0x7534, 0x7534, 0xf74c, 0x5534, 0x7534, 0x7534, 0x7534, 0x7534, 0x7534,
  0x7534, 0x7534, 0x7534, 0xb644, 0x7534, 0x753c, 0x7534, 0x7534, 0x7534, 0x7534, 0x7534, 0x7534,
  0x7534, 0xd744, 0x7534, 0x7534, 0x7534, 0x7534, 0x7534, 0x7534, 0x7534, 0x763c, 0xd31b, 0x307c,
  0x317c, 0xd31b, 0x7634, 0x553c, 0x7534, 0x7534, 0x553c, 0x7534, 0x7534, 0x7534, 0xd744, 0x5534,
  0x753c, 0x7534, 0x7534, 0x7534, 0x7534, 0x7534, 0x7534, 0x5534, 0xb644, 0x7534, 0x7534, 0x7534,
  0x7534, 0x7534, 0x7534, 0x7534, 0x753c, 0x7534, 0xf74c, 0x7534, 0x7534, 0x7534, 0x7534, 0x7534,
  0x7534, 0x7534, 0x7534, 0x7534, 0xf74c, 0x5534, 0x7534, 0x7534, 0x7534, 0x7534, 0x7534, 0x7534,
  0x7534, 0x7534, 0xb744, 0x5534, 0x7534, 0x7534, 0x7534, 0x7534, 0x7534, 0x7534, 0x7534, 0x753c,
  0xf744, 0x5534, 0x7534, 0x7534, 0x7534, 0x7534, 0x963c, 0x7534, 0x7634, 0x7634, 0xf654, 0x5534,
  0x753c, 0x9534, 0x7534, 0x7634, 0x763c, 0x7534, 0x7534, 0x753c, 0xb744, 0x5534, 0x753c, 0x7534,
  0x7534, 0x7534, 0x7534, 0x7534, 0x7534, 0x763c, 0xb744, 0x7534, 0x7534, 0x7534, 0x7534, 0x7534,
  0x7534, 0x7534, 0x7534, 0x963c, 0xb644, 0x5534, 0x7534, 0x7534, 0x7534, 0x753c, 0x7534, 0x7534,
  0x7534, 0x9644, 0xb644, 0x5534, 0x7534, 0x7534, 0x7534, 0x7534, 0x7534, 0x7534, 0x7534, 0x5534,
  0x5534, 0x7534, 0x7534, 0x7534, 0x7534, 0x7534, 0x7534, 0x7534, 0x5534, 0x9644, 0x9644, 0x7534,
  0x7534, 0x7534, 0x7534, 0x7534, 0x7534, 0x7534, 0x5534, 0xd644, 0x963c, 0x7534, 0x7534, 0x7534,
  0x7534, 0x7534, 0x7534, 0x7534, 0x7534, 0xb644, 0x753c, 0x7534, 0x7534, 0x7534, 0x7534, 0x7534,
  0x7534, 0x7534, 0x7534, 0xb644, 0x753c, 0x7534, 0x7534, 0x7534, 0x7534, 0x7534, 0x7534, 0x7534,
  0x5534, 0xd74c, 0x753c, 0x7534, 0x7534, 0x7534, 0x7534, 0x7534, 0x7534, 0x7534, 0x5534, 0xf744,
  0x753c, 0x7534, 0x7534, 0x7534, 0x7534, 0x7534, 0x7534, 0x7534, 0x7534, 0xb744, 0x7534, 0x7534,
  0x7534, 0x7534, 0x7534, 0x7534, 0x7534, 0x753c, 0x5534, 0xf74c, 0x7534, 0x7534, 0x7534, 0x7534,
  0x7534, 0x7534, 0x7534, 0x7534, 0x7534, 0xf74c, 0x5534, 0x7534, 0x7534, 0x7534, 0x7534, 0x7534,
  0x7534, 0x7534, 0x7534, 0xb644, 0x7534, 0x753c, 0x7534, 0x7534, 0x7534, 0x7534, 0x7534, 0x7534,
  0x7534, 0xd744, 0x5534, 0x7534, 0x7534, 0x7534, 0x7534, 0x7534, 0x7534, 0x7634, 0xd31b, 0x307c,
  0x317c, 0xd31b, 0x7634, 0x753c, 0x7534, 0x7534, 0x553c, 0x7534, 0x7534, 0x7534, 0xd744, 0x5534,
  0x753c, 0x753c, 0x753c, 0x753c, 0x7534, 0x7534, 0x7534, 0x7534, 0xb644, 0x7534, 0x7534, 0x7534,
  0x7534, 0x7534, 0x7534, 0x7534, 0x753c, 0x7534, 0xf74c, 0x7534, 0x7534, 0x7534, 0x7534, 0x7534,
  0x7534, 0x7534, 0x7534, 0x7534, 0xf74c, 0x5534, 0x7534, 0x7534, 0x7534, 0x7534, 0x7534, 0x7534,
  0x7534, 0x7534, 0xb744, 0x5534, 0x7534, 0x7534, 0x7534, 0x7534, 0x7534, 0x7534, 0x753c, 0x753c,
  0xf744, 0x7534, 0x7534, 0x7534, 0x7534, 0x7534, 0x7534, 0x7534, 0x7634, 0x7534, 0xd654, 0x5534,
  0x743c, 0x7534, 0x7534, 0x753c, 0x7534, 0x753c, 0x7534, 0x753c, 0xb744, 0x5534, 0x753c, 0x7534,
  0x753c, 0x7534, 0x7534, 0x7534, 0x7534, 0x763c, 0xb744, 0x7534, 0x7534, 0x7534, 0x7534, 0x7534,
  0x7534, 0x7534, 0x7534, 0x963c, 0xb644, 0x5534, 0x7534, 0x7534, 0x7534, 0x753c, 0x7534, 0x7534,
  0x7534, 0x9644, 0xb644, 0x7534, 0x7534, 0x7534, 0x753c, 0x7534, 0x7534, 0x7534, 0x7534, 0x5534,
  0x7534, 0x7534, 0x7534, 0x7534, 0x7534, 0x7534, 0x7534, 0x7534, 0x7534, 0x9644, 0x9644, 0x7534,
  0x7534, 0x7534, 0x7534, 0x7534, 0x7534, 0x7534, 0x5534, 0xd644, 0x963c, 0x7534, 0x7534, 0x7534,
  0x7534, 0x7534, 0x7534, 0x753c, 0x7534, 0xb644, 0x753c, 0x7534, 0x753c, 0x7534, 0x7534, 0x7534,
  0x7534, 0x7534, 0x7534, 0xb644, 0x753c, 0x753c, 0x7534, 0x7534, 0x7534, 0x7534, 0x7534, 0x7534,
  0x5534, 0xd74c, 0x753c, 0x7534, 0x7534, 0x7534, 0x753c, 0x7534, 0x7534, 0x7534, 0x7534, 0xf744,
  0x753c, 0x753c, 0x7534, 0x7534, 0x7534, 0x7534, 0x7534, 0x7534, 0x7534, 0xb744, 0x7534, 0x7534,
  0x7534, 0x7534, 0x7534, 0x7534, 0x7534, 0x753c, 0x5534, 0xf74c, 0x7534, 0x7534, 0x7534, 0x7534,
  0x7534, 0x7534, 0x7534, 0x7534, 0x7534, 0xf74c, 0x5534, 0x7534, 0x7534, 0x7534, 0x7534, 0x7534,
  0x7534, 0x7534, 0x7534, 0xb644, 0x7534, 0x753c, 0x7534, 0x7534, 0x7534, 0x7534, 0x7534, 0x7534,
  0x7534, 0xd744, 0x7534, 0x7534, 0x7534, 0x7534, 0x7534, 0x7534, 0x7534, 0x7634, 0xd31b, 0x307c,
  0x317c, 0xd31b, 0x7534, 0x7534, 0x7534, 0x5534, 0x5534, 0x7534, 0x7534, 0x5534, 0xb644, 0x5534,
  0x7534, 0x7534, 0x7534, 0x7534, 0x7534, 0x7534, 0x7534, 0x5534, 0x9644, 0x7534, 0x7534, 0x7534,
  0x7534, 0x7534, 0x7534, 0x7534, 0x7534, 0x5534, 0xd744, 0x5534, 0x7534, 0x7534, 0x7534, 0x7534,
  0x7534, 0x7534, 0x7534, 0x5534, 0xd744, 0x3534, 0x7534, 0x7534, 0x7534, 0x7534, 0x7534, 0x7534,
  0x7534, 0x5534, 0xb644, 0x3534, 0x7534, 0x7534, 0x7534, 0x7534, 0x7534, 0x7534, 0x7534, 0x7534,
  0xd744, 0x5534, 0x7534, 0x7534, 0x7534, 0x7534, 0x7534, 0x7534, 0x7634, 0x7534, 0xf74c, 0x9634,
  0x7534, 0x7634, 0x563c, 0x7534, 0x7534, 0x7534, 0x7534, 0x753c, 0xb644, 0x5534, 0x7534, 0x7534,
  0x7534, 0x7534, 0x7534, 0x7534, 0x7534, 0x753c, 0xb644, 0x5534, 0x7534, 0x7534, 0x7534, 0x7534,
  0x7534, 0x7534, 0x7534, 0x753c, 0xb644, 0x5534, 0x753c, 0x7534, 0x7534, 0x7534, 0x7534, 0x7534,
  0x5534, 0x753c, 0x963c, 0x5534, 0x7534, 0x7534, 0x7534, 0x7534, 0x7534, 0x7534, 0x7534, 0x5534,
  0x5534, 0x7534, 0x7534, 0x7534, 0x7534, 0x7534, 0x7534, 0x7534, 0x5534, 0x9644, 0x953c, 0x5534,
  0x7534, 0x7534, 0x7534, 0x7534, 0x7534, 0x7534, 0x5534, 0xb644, 0x753c, 0x5534, 0x7534, 0x7534,
  0x7534, 0x7534, 0x7534, 0x7534, 0x5534, 0xb644, 0x753c, 0x5534, 0x7534, 0x7534, 0x7534, 0x7534,
  0x7534, 0x7534, 0x5534, 0xb644, 0x753c, 0x7534, 0x7534, 0x7534, 0x7534, 0x7534, 0x7534, 0x7534,
  0x5534, 0xd74c, 0x7534, 0x7534, 0x7534, 0x7534, 0x7534, 0x7534, 0x7534, 0x7534, 0x5534, 0xd744,
  0x7534, 0x7534, 0x7534, 0x7534, 0x7534, 0x7534, 0x7534, 0x7534, 0x5534, 0xb644, 0x7534, 0x7534,
  0x7534, 0x7534, 0x7534, 0x7534, 0x7534, 0x753c, 0x5434, 0xd744, 0x5534, 0x7534, 0x7534, 0x7534,
  0x7534, 0x7534, 0x7534, 0x7534, 0x7534, 0xd744, 0x5534, 0x7534, 0x7534, 0x7534, 0x7534, 0x7534,
  0x7534, 0x7534, 0x7534, 0x9644, 0x5534, 0x7534, 0x7534, 0x7534, 0x7534, 0x7534, 0x7534, 0x7534,
  0x5534, 0xb744, 0x5534, 0x7534, 0x7534, 0x7534, 0x7534, 0x7534, 0x7534, 0x7634, 0xd31b, 0x307c,
  0x317c, 0x1424, 0xb63c, 0x963c, 0x963c, 0x963c, 0x963c, 0x963c, 0x963c, 0x753c, 0xf74c, 0x763c,
  0x963c, 0x963c, 0x963c, 0x963c, 0x963c, 0x963c, 0x963c, 0x753c, 0xd74c, 0x963c, 0x963c, 0x963c,
  0x963c, 0x963c, 0x963c, 0x963c, 0x963c, 0x753c, 0xf74c, 0x963c, 0x963c, 0x963c, 0x963c, 0x963c,
  0x963c, 0x963c, 0x963c, 0x753c, 0x1855, 0x753c, 0xb63c, 0x963c, 0x963c, 0x963c, 0x963c, 0x963c,
  0x963c, 0x953c, 0xd74c, 0x753c, 0x963c, 0x963c, 0x963c, 0x963c, 0x963c, 0x963c, 0xb63c, 0x963c,
  0xf84c, 0x763c, 0x963c, 0x963c, 0x963c, 0x963c, 0xd744, 0xf744, 0x963c, 0x963c, 0x3855, 0xd744,
  0x963c, 0x963c, 0x963c, 0x963c, 0x963c, 0x963c, 0x963c, 0x9644, 0xd74c, 0x963c, 0x963c, 0x963c,
  0x9644, 0x963c, 0x963c, 0x963c, 0x963c, 0x9644, 0xd74c, 0x953c, 0x963c, 0x963c, 0x963c, 0x963c,
  0x963c, 0x963c, 0x963c, 0xb644, 0xd74c, 0x963c, 0xb63c, 0x963c, 0x963c, 0x963c, 0x963c, 0x963c,
  0x963c, 0xb644, 0xd644, 0x963c, 0x963c, 0x963c, 0x9644, 0x963c, 0x963c, 0x963c, 0x963c, 0x763c,
  0x763c, 0xb63c, 0x963c, 0x963c, 0x963c, 0x963c, 0x963c, 0x963c, 0x963c, 0xb644, 0xb644, 0x963c,
  0x963c, 0xb63c, 0x963c, 0x963c, 0x963c, 0x963c, 0x753c, 0xd74c, 0xb644, 0x963c, 0x963c, 0x963c,
  0x963c, 0x963c, 0x963c, 0x963c, 0x953c, 0xd74c, 0x9644, 0x963c, 0x963c, 0x963c, 0x963c, 0x963c,
  0x963c, 0x963c, 0x953c, 0xd74c, 0x9644, 0x963c, 0x963c, 0x963c, 0x963c, 0x963c, 0x963c, 0xb63c,
  0x753c, 0xf754, 0x963c, 0x963c, 0x963c, 0xb63c, 0x963c, 0x963c, 0x963c, 0x963c, 0x953c, 0xf74c,
  0x963c, 0xb63c, 0x963c, 0xb63c, 0xb63c, 0x963c, 0xb63c, 0xb63c, 0x763c, 0xf74c, 0x963c, 0x963c,
  0x963c, 0xb63c, 0xb63c, 0x963c, 0x963c, 0x963c, 0x753c, 0x1855, 0x963c, 0x963c, 0x963c, 0x963c,
  0xb63c, 0xb63c, 0xb63c, 0x963c, 0x963c, 0x174d, 0x753c, 0xb63c, 0xb63c, 0x963c, 0x963c, 0x963c,
  0x963c, 0x963c, 0x963c, 0xd74c, 0x753c, 0x9644, 0x963c, 0x963c, 0x963c, 0x963c, 0x963c, 0x963c,
  0x963c, 0xf74c, 0x753c, 0x963c, 0x963c, 0x963c, 0x963c, 0x963c, 0x963c, 0xb63c, 0xd423, 0x317c,
  0x317c, 0xd323, 0x963c, 0x963c, 0x963c, 0x953c, 0x763c, 0x963c, 0x963c, 0x753c, 0xf74c, 0x753c,
  0x963c, 0x963c, 0x963c, 0x963c, 0x963c, 0x963c, 0x963c, 0x753c, 0xd74c, 0x963c, 0x963c, 0x963c,
  0x963c, 0x963c, 0x963c, 0x963c, 0x963c, 0x753c, 0xf74c, 0x753c, 0x963c, 0x963c, 0x963c, 0x963c,
  0x963c, 0x963c, 0x963c, 0x753c, 0xf74c, 0x553c, 0x963c, 0x963c, 0x963c, 0x963c, 0x963c, 0x963c,
  0x963c, 0x753c, 0xd74c, 0x753c, 0x963c, 0x963c, 0x963c, 0x963c, 0x963c, 0x963c, 0x963c, 0x763c,
  0xf74c, 0x763c, 0x963c, 0x963c, 0x963c, 0x963c, 0x963c, 0x963c, 0x963c, 0x963c, 0xf74c, 0x753c,
  0x963c, 0x963c, 0x963c, 0x963c, 0x963c, 0x963c, 0x963c, 0x9644, 0xd74c, 0x953c, 0x963c, 0x963c,
  0x763c, 0x963c, 0x963c, 0x963c, 0x763c, 0xb644, 0xd74c, 0x753c, 0x963c, 0x963c, 0x963c, 0x963c,
  0x963c, 0x963c, 0x963c, 0x9644, 0xd74c, 0x753c, 0x963c, 0x963c, 0x963c, 0x963c, 0x963c, 0x963c,
  0x963c, 0xb644, 0xb644, 0x763c, 0x963c, 0x963c, 0x963c, 0x963c, 0x963c, 0x963c, 0x963c, 0x753c,
  0x753c, 0x963c, 0x963c, 0x963c, 0x963c, 0x963c, 0x963c, 0x963c, 0x763c, 0xb644, 0xb644, 0x963c,
  0x963c, 0x963c, 0x963c, 0x963c, 0x963c, 0x963c, 0x753c, 0xf744, 0xb63c, 0x963c, 0x963c, 0x963c,
  0x963c, 0x963c, 0x963c, 0x963c, 0x753c, 0xd744, 0x963c, 0x963c, 0x963c, 0x963c, 0x963c, 0x963c,
  0x963c, 0x963c, 0x753c, 0xd74c, 0x9644, 0x963c, 0x963c, 0x963c, 0x963c, 0x963c, 0x963c, 0x963c,
  0x753c, 0xf74c, 0x953c, 0x963c, 0x963c, 0x963c, 0x963c, 0x963c, 0x963c, 0x963c, 0x753c, 0xf74c,
  0x953c, 0x963c, 0x963c, 0x963c, 0x963c, 0x963c, 0x963c, 0x963c, 0x753c, 0xd74c, 0x763c, 0x963c,
  0x963c, 0x963c, 0x963c, 0x963c, 0x963c, 0x963c, 0x753c, 0xf74c, 0x753c, 0x963c, 0x963c, 0x963c,
  0x963c, 0x963c, 0x963c, 0x963c, 0x753c, 0xf74c, 0x753c, 0x963c, 0x963c, 0x963c, 0x963c, 0x963c,
  0x963c, 0x963c, 0x953c, 0xd74c, 0x753c, 0x963c, 0x963c, 0x963c, 0x963c, 0x963c, 0x963c, 0x963c,
  0x753c, 0xf74c, 0x753c, 0x963c, 0x963c, 0x963c, 0x963c, 0x963c, 0x963c, 0xb63c, 0xd423, 0x317c,
  0x317c, 0xd31b, 0x7534, 0x7534, 0x7534, 0x7534, 0x7534, 0x7534, 0x7534, 0x5534, 0xb644, 0x5534,
  0x7534, 0x7534, 0x7534, 0x7534, 0x7534, 0x7534, 0x7534, 0x5534, 0x9644, 0x7534, 0x7534, 0x7534,
  0x7534, 0x7534, 0x7534, 0x7534, 0x7534, 0x5534, 0xd744, 0x7534, 0x7534, 0x7534, 0x7534, 0x7534,
  0x7534, 0x7534, 0x7534, 0x5534, 0xd74c, 0x3534, 0x753c, 0x7534, 0x7534, 0x7534, 0x7534, 0x7534,
  0x7534, 0x5534, 0xb644, 0x5534, 0x7534, 0x7534, 0x7534, 0x7534, 0x7534, 0x7534, 0x753c, 0x553c,
  0xd744, 0x5534, 0x7534, 0x7534, 0x7534, 0x7534, 0x7534, 0x7534, 0x7534, 0x753c, 0xf74c, 0x5534,
  0x7534, 0x7534, 0x7534, 0x7534, 0x7534, 0x7534, 0x7534, 0x753c, 0x9644, 0x5434, 0x553c, 0x753c,
  0x553c, 0x7534, 0x7534, 0x7534, 0x7534, 0x763c, 0xb644, 0x5534, 0x7534, 0x7534, 0x7534, 0x7534,
  0x7534, 0x7534, 0x7534, 0x763c, 0xb644, 0x5534, 0x7534, 0x7534, 0x7534, 0x7534, 0x7534, 0x7534,
  0x7534, 0x753c, 0xb63c, 0x7534, 0x7534, 0x7534, 0x553c, 0x7534, 0x7534, 0x7534, 0x7534, 0x5534,
  0x5534, 0x7534, 0x7534, 0x7534, 0x7534, 0x7534, 0x7534, 0x7534, 0x5534, 0x9644, 0x953c, 0x7534,
  0x7534, 0x7534, 0x7534, 0x7534, 0x7534, 0x7534, 0x5534, 0xb644, 0x753c, 0x7534, 0x7534, 0x7534,
  0x7534, 0x7534, 0x7534, 0x7534, 0x5534, 0xb644, 0x753c, 0x7534, 0x7534, 0x7534, 0x7534, 0x7534,
  0x7534, 0x7534, 0x5534, 0xb644, 0x753c, 0x7534, 0x7534, 0x7534, 0x7534, 0x7534, 0x7534, 0x7534,
  0x5534, 0xd74c, 0x7534, 0x7534, 0x7534, 0x7534, 0x7534, 0x7534, 0x7534, 0x7534, 0x5534, 0xd744,
  0x553c, 0x7534, 0x7534, 0x7534, 0x7534, 0x7534, 0x7534, 0x7534, 0x5534, 0xb644, 0x7534, 0x7534,
  0x7534, 0x7534, 0x7534, 0x7534, 0x7534, 0x7534, 0x5434, 0xd744, 0x7534, 0x7534, 0x7534, 0x7534,
  0x7534, 0x7534, 0x7534, 0x7534, 0x7534, 0xf744, 0x5534, 0x7534, 0x7534, 0x7534, 0x7534, 0x7534,
  0x7534, 0x7534, 0x7534, 0x9644, 0x5534, 0x7534, 0x7534, 0x7534, 0x7534, 0x7534, 0x7534, 0x753c,
  0x5534, 0xb644, 0x5534, 0x7534, 0x7534, 0x7534, 0x7534, 0x7534, 0x7534, 0x7634, 0xd31b, 0x307c,
  0x317c, 0xd31b, 0x7634, 0x7534, 0x7534, 0x7534, 0x553c, 0x7534, 0x7534, 0x7534, 0xd744, 0x7534,
  0x753c, 0x7534, 0x7534, 0x7534, 0x7534, 0x7534, 0x7534, 0x5534, 0xb644, 0x7534, 0x7534, 0x7534,
  0x7534, 0x7534, 0x7534, 0x7534, 0x753c, 0x7534, 0xd74c, 0x7534, 0x7534, 0x753c, 0x7534, 0x7534,
  0x7534, 0x7534, 0x7534, 0x7534, 0xf74c, 0x5534, 0x753c, 0x7534, 0x7534, 0x7534, 0x7534, 0x7534,
  0x7534, 0x7534, 0xb644, 0x7534, 0x7534, 0x7534, 0x7534, 0x7534, 0x7534, 0x7534, 0x753c, 0x753c,
  0xf744, 0x7534, 0x753c, 0x7534, 0x7534, 0x7534, 0x7534, 0x7534, 0x7534, 0x753c, 0xf74c, 0x5534,
  0x753c, 0x7534, 0x7534, 0x7534, 0x7534, 0x753c, 0x7534, 0x753c, 0xb744, 0xb63c, 0x553c, 0x7534,
  0x753c, 0x7534, 0x7534, 0x7534, 0x7534, 0x763c, 0xb744, 0x7534, 0x7534, 0x7534, 0x7534, 0x7534,
  0x7534, 0x7534, 0x7534, 0x963c, 0xb644, 0x5534, 0x7534, 0x7534, 0x7534, 0x7534, 0x7534, 0x7534,
  0x7534, 0x9644, 0xb63c, 0x7534, 0x7534, 0x7534, 0x753c, 0x7534, 0x7534, 0x7534, 0x7534, 0x7534,
  0x7534, 0x753c, 0x7534, 0x7534, 0x7534, 0x7534, 0x7534, 0x7534, 0x7534, 0x9644, 0x963c, 0x7534,
  0x7534, 0x753c, 0x7534, 0x7534, 0x7534, 0x7534, 0x7534, 0xd644, 0x963c, 0x7534, 0x7534, 0x7534,
  0x7534, 0x7534, 0x7534, 0x7534, 0x7534, 0xb644, 0x953c, 0x7534, 0x7534, 0x7534, 0x7534, 0x7534,
  0x7534, 0x7534, 0x7534, 0xb644, 0x753c, 0x753c, 0x7534, 0x7534, 0x7534, 0x7534, 0x7534, 0x7534,
  0x7534, 0xd74c, 0x753c, 0x7534, 0x7534, 0x7534, 0x7534, 0x7534, 0x7534, 0x7534, 0x5534, 0xf744,
  0x753c, 0x7534, 0x7534, 0x7534, 0x7534, 0x7534, 0x7534, 0x7534, 0x7534, 0xb644, 0x7534, 0x7534,
  0x7534, 0x7534, 0x7534, 0x7534, 0x7534, 0x7534, 0x5534, 0xd74c, 0x7534, 0x753c, 0x753c, 0x7534,
  0x7534, 0x7534, 0x7534, 0x7534, 0x7534, 0xf74c, 0x7534, 0x7534, 0x7534, 0x7534, 0x7534, 0x7534,
  0x7534, 0x7534, 0x7534, 0xb644, 0x7534, 0x753c, 0x7534, 0x7534, 0x7534, 0x7534, 0x753c, 0x753c,
  0x7534, 0xd744, 0x7534, 0x7534, 0x7534, 0x7534, 0x7534, 0x7534, 0x7534, 0x9634, 0xd31b, 0x307c,
  0x317c, 0xd31b, 0x7634, 0x7534, 0x7534, 0x7534, 0x553c, 0x7534, 0x7534, 0x5534, 0xd744, 0x5534,
  0x7534, 0x7534, 0x7534, 0x7534, 0x7534, 0x7534, 0x7534, 0x5534, 0xb644, 0x7534, 0x7534, 0x7534,
  0x7534, 0x7534, 0x7534, 0x7534, 0x7534, 0x5534, 0xd74c, 0x7534, 0x7534, 0x7534, 0x7534, 0x7534,
  0x7534, 0x7534, 0x7534, 0x7534, 0xf74c, 0x5534, 0x7534, 0x7534, 0x7534, 0x7534, 0x7534, 0x7534,
  0x7534, 0x7534, 0xb744, 0x5534, 0x7534, 0x7534, 0x7534, 0x7534, 0x7534, 0x7534, 0x7534, 0x753c,
  0xf744, 0x5534, 0x7534, 0x7534, 0x7534, 0x7534, 0x7534, 0x7534, 0x7534, 0x753c, 0xf74c, 0x5534,
  0x753c, 0x7534, 0x7534, 0x7534, 0x7534, 0x7534, 0x7534, 0x963c, 0xd74c, 0x142c, 0x3434, 0x552c,
  0x7534, 0x7534, 0x7534, 0x7534, 0x7534, 0x763c, 0xb744, 0x7534, 0x7534, 0x7534, 0x7534, 0x7534,
  0x7534, 0x7534, 0x7534, 0x963c, 0xb644, 0x5534, 0x7534, 0x7534, 0x7534, 0x7534, 0x7534, 0x7534,
  0x7534, 0x963c, 0xb63c, 0x7534, 0x7534, 0x7534, 0x7534, 0x7534, 0x7534, 0x7534, 0x7534, 0x7534,
  0x7534, 0x7534, 0x7534, 0x7534, 0x7534, 0x7534, 0x7534, 0x7534, 0x5534, 0x9644, 0x963c, 0x7534,
  0x7534, 0x7534, 0x7534, 0x7534, 0x7534, 0x7534, 0x7534, 0xd644, 0x963c, 0x7534, 0x7534, 0x7534,
  0x7534, 0x7534, 0x7534, 0x7534, 0x5534, 0xb644, 0x953c, 0x7534, 0x7534, 0x7534, 0x7534, 0x7534,
  0x7534, 0x7534, 0x7534, 0xb644, 0x753c, 0x7534, 0x7534, 0x7534, 0x7534, 0x7534, 0x7534, 0x7534,
  0x5534, 0xf74c, 0x753c, 0x7534, 0x7534, 0x7534, 0x7534, 0x7534, 0x7534, 0x7534, 0x5534, 0xf744,
  0x753c, 0x7534, 0x7534, 0x7534, 0x7534, 0x7534, 0x7534, 0x7534, 0x7534, 0xb744, 0x7534, 0x7534,
  0x7534, 0x7534, 0x7534, 0x7534, 0x7534, 0x7534, 0x5434, 0xd74c, 0x7534, 0x7534, 0x7534, 0x7534,
  0x7534, 0x7534, 0x7534, 0x7534, 0x7534, 0xf74c, 0x7534, 0x7534, 0x7534, 0x7534, 0x7534, 0x7534,
  0x7534, 0x7534, 0x7534, 0xb644, 0x7534, 0x753c, 0x7534, 0x7534, 0x7534, 0x7534, 0x7534, 0x7534,
  0x7534, 0xd744, 0x5534, 0x7534, 0x7534, 0x7534, 0x7534, 0x7534, 0x7534, 0x7634, 0xd31b, 0x307c,
  0x317c, 0xd31b, 0x7634, 0x7534, 0x7534, 0x7534, 0x553c, 0x7534, 0x7534, 0x5534, 0xd744, 0x5534,
  0x7534, 0x7534, 0x7534, 0x7534, 0x7534, 0x7534, 0x7534, 0x5534, 0xb644, 0x7534, 0x7534, 0x7534,
  0x7534, 0x7534, 0x7534, 0x7534, 0x7534, 0x5534, 0xf74c, 0x7534, 0x7534, 0x7534, 0x7534, 0x7534,
  0x7534, 0x7534, 0x7534, 0x7534, 0xf74c, 0x5534, 0x7534, 0x7534, 0x7534, 0x7534, 0x7534, 0x7534,
  0x7534, 0x7534, 0xb744, 0x5534, 0x7534, 0x7534, 0x7534, 0x7534, 0x7534, 0x7534, 0x7534, 0x753c,
  0xf744, 0x5534, 0x7534, 0x7534, 0x7534, 0x7534, 0x7534, 0x7534, 0x7534, 0x753c, 0xf74c, 0x5534,
  0x7534, 0x7534, 0x7534, 0x7534, 0x7534, 0x753c, 0x7534, 0x743c, 0xd233, 0x3354, 0x386d, 0x1745,
  0x5534, 0x7534, 0x7534, 0x7534, 0x7534, 0x763c, 0xb744, 0x7534, 0x7534, 0x7534, 0x7534, 0x7534,
  0x7534, 0x7534, 0x7534, 0x963c, 0xb64c, 0x5534, 0x7534, 0x7534, 0x7534, 0x7534, 0x7534, 0x7534,
  0x7534, 0x963c, 0xb63c, 0x7534, 0x7534, 0x7534, 0x7534, 0x7534, 0x7534, 0x7534, 0x7534, 0x5534,
  0x5534, 0x7534, 0x7534, 0x7534, 0x7534, 0x7534, 0x7534, 0x7534, 0x5534, 0x9644, 0x963c, 0x7534,
  0x7534, 0x7534, 0x7534, 0x7534, 0x7534, 0x7534, 0x5534, 0xd644, 0x963c, 0x7534, 0x7534, 0x7534,
  0x7534, 0x7534, 0x7534, 0x7534, 0x5534, 0xb644, 0x753c, 0x7534, 0x7534, 0x7534, 0x7534, 0x7534,
  0x7534, 0x7534, 0x5534, 0xb744, 0x753c, 0x7534, 0x7534, 0x7534, 0x7534, 0x7534, 0x7534, 0x7534,
  0x5534, 0xf74c, 0x753c, 0x7534, 0x7534, 0x7534, 0x7534, 0x7534, 0x7534, 0x7534, 0x5534, 0xf744,
  0x7534, 0x7534, 0x7534, 0x7534, 0x7534, 0x7534, 0x7534, 0x7534, 0x7534, 0xb744, 0x7534, 0x7534,
  0x7534, 0x7534, 0x7534, 0x7534, 0x7534, 0x7534, 0x5434, 0xf74c, 0x7534, 0x7534, 0x7534, 0x7534,
  0x7534, 0x7534, 0x7534, 0x7534, 0x7534, 0xf74c, 0x5534, 0x7534, 0x7534, 0x7534, 0x7534, 0x7534,
  0x7534, 0x7534, 0x7534, 0xb644, 0x7534, 0x753c, 0x7534, 0x7534, 0x7534, 0x7534, 0x7534, 0x7534,
  0x7534, 0xd744, 0x5534, 0x7534, 0x7534, 0x7534, 0x7534, 0x7534, 0x7534, 0x7634, 0xd31b, 0x307c,
  0x317c, 0xd31b, 0x7634, 0x553c, 0x7534, 0x7534, 0x553c, 0x7534, 0x7534, 0x5534, 0xd744, 0x5534,
  0x753c, 0x7534, 0x7534, 0x753c, 0x7534, 0x7534, 0x7534, 0x5534, 0xb644, 0x7534, 0x7534, 0x7534,
  0x7534, 0x7534, 0x7534, 0x7534, 0x7534, 0x5534, 0xd74c, 0x7534, 0x7534, 0x7534, 0x7534, 0x7534,
  0x7534, 0x7534, 0x7534, 0x7534, 0xf74c, 0x5534, 0x753c, 0x7534, 0x7534, 0x7534, 0x7534, 0x7534,
  0x7534, 0x7534, 0xb744, 0x5534, 0x7534, 0x7534, 0x7534, 0x7534, 0x7534, 0x7534, 0x7534, 0x753c,
  0xd74c, 0x5534, 0x7534, 0x7534, 0x7534, 0x7534, 0x7534, 0x7534, 0x7534, 0x753c, 0xf74c, 0x5534,
  0x7534, 0x7534, 0x7534, 0x7534, 0x7534, 0x353c, 0x543c, 0xd13b, 0x19ae, 0x18b6, 0x9143, 0x7534,
  0x7534, 0x7534, 0x7534, 0x7534, 0x7534, 0x753c, 0xb644, 0x7534, 0x7534, 0x7534, 0x7534, 0x7534,
  0x7534, 0x7534, 0x7534, 0x963c, 0xb64c, 0x5534, 0x7534, 0x7534, 0x7534, 0x7534, 0x7534, 0x7534,
  0x7534, 0x9644, 0xb644, 0x7534, 0x7534, 0x7534, 0x553c, 0x7534, 0x7534, 0x7534, 0x7534, 0x5534,
  0x5534, 0x7534, 0x7534, 0x7534, 0x7534, 0x7534, 0x7534, 0x7534, 0x5534, 0x9644, 0x963c, 0x5534,
  0x7534, 0x7534, 0x7534, 0x7534, 0x7534, 0x7534, 0x5534, 0xb644, 0x963c, 0x7534, 0x7534, 0x7534,
  0x7534, 0x7534, 0x7534, 0x7534, 0x5534, 0xb644, 0x753c, 0x5534, 0x7534, 0x753c, 0x7534, 0x7534,
  0x7534, 0x7534, 0x5534, 0xb744, 0x753c, 0x553c, 0x7534, 0x7534, 0x7534, 0x7534, 0x7534, 0x7534,
  0x5534, 0xf74c, 0x753c, 0x7534, 0x7534, 0x7534, 0x7534, 0x7534, 0x7534, 0x7534, 0x5534, 0xf74c,
  0x7534, 0x7534, 0x7534, 0x7634, 0x552c, 0x7534, 0x7534, 0x7534, 0x553c, 0xd744, 0x7534, 0x7534,
  0x7534, 0x7534, 0x7534, 0x7534, 0x7534, 0x753c, 0x5534, 0xf74c, 0x7534, 0x7534, 0x7534, 0x753c,
  0x7534, 0x7534, 0x7534, 0x7534, 0x7534, 0xf74c, 0x553c, 0x7534, 0x7534, 0x7534, 0x7534, 0x7534,
  0x7534, 0x7534, 0x7534, 0xb644, 0x7534, 0x553c, 0x7534, 0x7534, 0x7534, 0x7534, 0x7534, 0x7534,
  0x7534, 0xd744, 0x5534, 0x7534, 0x7534, 0x7534, 0x7534, 0x7534, 0x7534, 0x7634, 0xd31b, 0x307c,
  0x317c, 0xd31b, 0x763c, 0x753c, 0x7534, 0x7534, 0x553c, 0x7534, 0x7534, 0x5534, 0xd744, 0x5534,
  0x753c, 0x7534, 0x7534, 0x553c, 0x7534, 0x7534, 0x7534, 0x5534, 0xb644, 0x7534, 0x7534, 0x7534,
  0x7534, 0x7534, 0x7534, 0x7534, 0x753c, 0x5534, 0xd74c, 0x7534, 0x7534, 0x7534, 0x7534, 0x7534,
  0x7534, 0x7534, 0x7534, 0x7534, 0xf74c, 0x5534, 0x753c, 0x7534, 0x7534, 0x7534, 0x7534, 0x7534,
  0x7534, 0x7534, 0xb644, 0x5534, 0x7534, 0x7534, 0x7534, 0x7534, 0x7534, 0x7534, 0x7534, 0x753c,
  0xd74c, 0x5534, 0x7534, 0x7534, 0x7534, 0x7534, 0x7534, 0x7534, 0x7534, 0x753c, 0xd74c, 0x5534,
  0x753c, 0x553c, 0x7534, 0x753c, 0x342c, 0x375d, 0x9043, 0x9abe, 0x3ab6, 0xd56c, 0x7554, 0x5534,
  0x7534, 0x7534, 0x7534, 0x7534, 0x7534, 0x763c, 0xb644, 0x5534, 0x7534, 0x7534, 0x7534, 0x7534,
  0x7534, 0x7534, 0x7534, 0x963c, 0xb64c, 0x5534, 0x7534, 0x7534, 0x7534, 0x7534, 0x7534, 0x7534,
  0x7534, 0x9644, 0xb644, 0x7534, 0x7534, 0x7534, 0x553c, 0x7534, 0x7534, 0x7534, 0x7534, 0x5534,
  0x5534, 0x7534, 0x7534, 0x7534, 0x7534, 0x7534, 0x7534, 0x7534, 0x5534, 0x9644, 0x963c, 0x5534,
  0x7534, 0x7534, 0x7534, 0x7534, 0x7534, 0x7534, 0x5534, 0xb744, 0x763c, 0x7534, 0x553c, 0x553c,
  0x7534, 0x553c, 0x7534, 0x7534, 0x5534, 0xb644, 0x753c, 0x7534, 0x7534, 0x7534, 0x7534, 0x7534,
  0x7534, 0x7534, 0x553c, 0xb644, 0x753c, 0x7534, 0x7534, 0x7534, 0x7534, 0x7534, 0x7534, 0x7534,
  0x5534, 0xf64c, 0x7534, 0x7634, 0x7534, 0x7534, 0x7634, 0x7534, 0x7534, 0x7534, 0x7534, 0xf744,
  0x753c, 0x7534, 0x9534, 0xd233, 0xb65c, 0xd32b, 0x9534, 0x7534, 0x132c, 0x9644, 0x553c, 0x7534,
  0x7534, 0x7534, 0x753c, 0x763c, 0x5534, 0x7534, 0x5534, 0xf74c, 0x7534, 0x753c, 0x7534, 0x752c,
  0x5534, 0x7534, 0x7534, 0x763c, 0x7534, 0xb63c, 0xd323, 0x7534, 0x7534, 0x7534, 0x7534, 0x7534,
  0x7534, 0x7534, 0x7534, 0xb644, 0x7534, 0x7534, 0x7534, 0x7534, 0x7534, 0x7534, 0x7534, 0x7534,
  0x5534, 0xd744, 0x5534, 0x7534, 0x7534, 0x7534, 0x7534, 0x7534, 0x7534, 0x7634, 0xd31b, 0x307c,
  0x317c, 0xd31b, 0x7634, 0x753c, 0x7534, 0x7534, 0x553c, 0x7534, 0x7534, 0x7534, 0xd744, 0x5534,
  0x7534, 0x7534, 0x7534, 0x553c, 0x7534, 0x7534, 0x7534, 0x5534, 0xb644, 0x7534, 0x7534, 0x7534,
  0x7534, 0x7534, 0x7534, 0x7534, 0x7534, 0x5534, 0xf74c, 0x7534, 0x7534, 0x7534, 0x7534, 0x7534,
  0x7534, 0x7534, 0x7534, 0x7534, 0xd74c, 0x3534, 0x753c, 0x7534, 0x7534, 0x7534, 0x7534, 0x7534,
  0x7534, 0x7534, 0xb644, 0x5534, 0x7534, 0x7534, 0x7534, 0x7534, 0x7534, 0x7534, 0x7534, 0x753c,
  0xd74c, 0x5534, 0x7534, 0x7534, 0x7534, 0x7534, 0x7534, 0x7534, 0x7534, 0x7534, 0xd754, 0x5534,
  0x7534, 0x553c, 0x7534, 0x7534, 0x3434, 0xd143, 0xd7ad, 0xd484, 0x964c, 0xd41b, 0x752c, 0x7534,
  0x7534, 0x7534, 0x7534, 0x7534, 0x7534, 0x763c, 0xb744, 0x7534, 0x7534, 0x7534, 0x7534, 0x7534,
  0x7534, 0x7534, 0x7534, 0x763c, 0xb64c, 0x5534, 0x7534, 0x7534, 0x7534, 0x7534, 0x7534, 0x7534,
  0x7534, 0x9644, 0xb644, 0x7534, 0x7534, 0x7534, 0x753c, 0x7534, 0x7534, 0x7534, 0x7534, 0x5534,
  0x7534, 0x7534, 0x7534, 0x7534, 0x7534, 0x7534, 0x7534, 0x7534, 0x5534, 0x9644, 0x963c, 0x7534,
  0x7534, 0x7534, 0x7534, 0x7534, 0x7534, 0x7534, 0x5534, 0xb744, 0x753c, 0x7534, 0x7534, 0x7534,
  0x7534, 0x563c, 0x7534, 0x7534, 0x5534, 0xb644, 0x753c, 0x7534, 0x7534, 0x553c, 0x5534, 0x3524,
  0x5524, 0x7534, 0x5534, 0xb744, 0x7534, 0x7534, 0x7534, 0x7534, 0x7534, 0x7534, 0x7534, 0x753c,
  0x5534, 0xf54c, 0x7534, 0x7634, 0x553c, 0x7534, 0x7634, 0x7534, 0x553c, 0x753c, 0x7434, 0xd744,
  0x363c, 0x563c, 0xd323, 0x1585, 0xffff, 0x914b, 0x912b, 0x9123, 0xf564, 0x945c, 0x1434, 0x7634,
  0x7534, 0x5534, 0x3424, 0x142c, 0x7544, 0x954c, 0x5434, 0xf744, 0x5534, 0x7534, 0x9223, 0x143c,
  0x1434, 0x342c, 0x352c, 0x7634, 0xd32b, 0xd895, 0x1675, 0x512b, 0x7634, 0x7534, 0x7534, 0x7534,
  0x7534, 0x7534, 0x553c, 0xb744, 0x5534, 0x7634, 0x553c, 0x7534, 0x7534, 0x7534, 0x7534, 0x7534,
  0x7534, 0xd744, 0x5534, 0x7534, 0x7534, 0x7534, 0x7534, 0x7534, 0x7534, 0x7634, 0xd31b, 0x307c,
  0x317c, 0xd31b, 0x7634, 0x753c, 0x7534, 0x7534, 0x553c, 0x7534, 0x7534, 0x7534, 0xd744, 0x7534,
  0x7534, 0x7534, 0x7534, 0x753c, 0x7534, 0x7534, 0x7534, 0x7534, 0xb644, 0x7534, 0x7534, 0x7534,
  0x7534, 0x7534, 0x7534, 0x7534, 0x753c, 0x7534, 0xf74c, 0x7534, 0x7534, 0x7534, 0x7534, 0x7534,
  0x7534, 0x7534, 0x7534, 0x7534, 0xd74c, 0x5534, 0x753c, 0x7534, 0x7534, 0x7534, 0x7534, 0x7534,
  0x7534, 0x7534, 0xb644, 0x5534, 0x7534, 0x7534, 0x7534, 0x7534, 0x7534, 0x7534, 0x7534, 0x753c,
  0xd74c, 0x7534, 0x7534, 0x7534, 0x7534, 0x7534, 0x7534, 0x7534, 0x7534, 0x7534, 0xf74c, 0x5534,
  0x7534, 0x7634, 0x7534, 0x7534, 0xd23b, 0x19be, 0x7ef7, 0x725c, 0x752c, 0x553c, 0x753c, 0x763c,
  0x553c, 0x7534, 0x7534, 0x7534, 0x7534, 0x763c, 0xb744, 0x5534, 0x7534, 0x7534, 0x7534, 0x7534,
  0x7534, 0x7534, 0x7534, 0x963c, 0xd74c, 0x5534, 0x7534, 0x7534, 0x7534, 0x7534, 0x7534, 0x7534,
  0x7534, 0x9644, 0xb644, 0x5534, 0x7534, 0x7534, 0x753c, 0x7534, 0x7534, 0x7534, 0x7534, 0x5534,
  0x5534, 0x7534, 0x7534, 0x7534, 0x7534, 0x7534, 0x7534, 0x7534, 0x5534, 0x9644, 0x963c, 0x7534,
  0x7534, 0x7534, 0x7534, 0x7534, 0x7534, 0x7534, 0x5534, 0xb644, 0x953c, 0x752c, 0x7534, 0x7534,
  0x7534, 0x553c, 0x553c, 0x7534, 0x5534, 0xd744, 0x7534, 0x7534, 0x763c, 0xd32b, 0xd233, 0xd46c,
  0x535c, 0xd21b, 0x742c, 0xd744, 0x763c, 0x563c, 0x7534, 0x7534, 0x7534, 0x7534, 0x7534, 0x753c,
  0x5534, 0xf74c, 0x753c, 0x7534, 0x753c, 0x7534, 0x5434, 0x7534, 0x342c, 0xd423, 0x3424, 0x3845,
  0x5634, 0x362c, 0xd21b, 0xf674, 0xffff, 0x1cd7, 0x3695, 0xb8ad, 0xbff7, 0x1dd7, 0x502b, 0x331c,
  0x7634, 0xd333, 0x567d, 0x5254, 0xd8ad, 0xd24b, 0x753c, 0xd74c, 0x1755, 0x0f2b, 0x5695, 0xffff,
  0x97a5, 0x0e2b, 0x376d, 0x9223, 0xce1a, 0x96ad, 0xffff, 0x378d, 0x521b, 0x9634, 0x7534, 0x553c,
  0x7534, 0x7534, 0x553c, 0xb644, 0x7434, 0x7534, 0x753c, 0x753c, 0x753c, 0x753c, 0x553c, 0x7534,
  0x7534, 0xb644, 0x5534, 0x7534, 0x7534, 0x7534, 0x7534, 0x7534, 0x7534, 0x7634, 0xd31b, 0x307c,
  0x317c, 0xd31b, 0x7634, 0x7534, 0x7534, 0x5534, 0x7534, 0x7534, 0x7534, 0x5534, 0xb744, 0x5534,
  0x5534, 0x7534, 0x7534, 0x7534, 0x5534, 0x7534, 0x7534, 0x5534, 0x9644, 0x7534, 0x7534, 0x7534,
  0x7534, 0x7534, 0x7534, 0x7534, 0x7534, 0x5534, 0xd744, 0x7534, 0x7534, 0x7534, 0x7534, 0x7534,
  0x7534, 0x7534, 0x7534, 0x5534, 0xd74c, 0x3534, 0x7534, 0x7534, 0x7534, 0x7534, 0x7534, 0x7534,
  0x7534, 0x7534, 0xb644, 0x5534, 0x7534, 0x7534, 0x5534, 0x7534, 0x7534, 0x5534, 0x7534, 0x7534,
  0xd744, 0x5534, 0x7534, 0x7534, 0x7534, 0x7534, 0x7534, 0x7534, 0x7534, 0x753c, 0xd74c, 0x3534,
  0x7534, 0x5534, 0x3434, 0x4f23, 0x9795, 0x7eef, 0x9ef7, 0x5ddf, 0xd333, 0x5534, 0x5534, 0x7534,
  0x5534, 0x5534, 0x7534, 0x7534, 0x5534, 0x753c, 0xb644, 0x5534, 0x7534, 0x7534, 0x7534, 0x7534,
  0x7534, 0x7534, 0x7534, 0x763c, 0xb644, 0x5534, 0x7534, 0x7534, 0x7534, 0x7534, 0x7534, 0x7534,
  0x5534, 0x763c, 0x963c, 0x5534, 0x7534, 0x7534, 0x7534, 0x7534, 0x7534, 0x7534, 0x7534, 0x3534,
  0x3534, 0x7534, 0x5534, 0x7534, 0x5534, 0x7534, 0x5534, 0x7534, 0x5534, 0x963c, 0x963c, 0x5534,
  0x7534, 0x7534, 0x7534, 0x7534, 0x7534, 0x7534, 0x5534, 0xb644, 0x753c, 0x5534, 0x553c, 0x5534,
  0x7534, 0x7534, 0x553c, 0x7534, 0x5534, 0xb73c, 0x563c, 0x553c, 0x9223, 0x3765, 0x9ee7, 0xdfff,
  0xbff7, 0x5795, 0x913b, 0x3534, 0x763c, 0x553c, 0x7534, 0x553c, 0x7534, 0x5534, 0x5534, 0x5634,
  0x552c, 0xd84c, 0x553c, 0x5534, 0x5534, 0x3434, 0x777d, 0x8e1a, 0x544c, 0x3a9e, 0x535c, 0x5033,
  0x9243, 0x344c, 0x9133, 0xbbbe, 0xdff7, 0xdff7, 0x9ace, 0xbbd6, 0xdfff, 0xdfff, 0xdbc6, 0xb35c,
  0xce12, 0xb99d, 0xffff, 0x9eff, 0x3cd7, 0x0d2b, 0x1033, 0x9343, 0xd253, 0x3ddf, 0x7de7, 0xbeef,
  0xbef7, 0xdbde, 0x3ddf, 0x5ee7, 0x1ddf, 0x9eef, 0x9eef, 0xbef7, 0xd263, 0xcf2a, 0x921b, 0xd323,
  0xd323, 0x552c, 0x932b, 0xb644, 0x342c, 0x5534, 0x553c, 0x7534, 0x7534, 0x7534, 0x5534, 0x753c,
  0x7534, 0xb644, 0x5534, 0x7534, 0x7534, 0x5534, 0x7534, 0x7534, 0x7534, 0x7634, 0xd31b, 0x307c,
  0x317c, 0xd31b, 0x7634, 0x553c, 0x7534, 0x7534, 0x553c, 0x7534, 0x7534, 0x5534, 0xd744, 0x5534,
  0x7534, 0x7534, 0x7534, 0x7534, 0x7534, 0x7534, 0x7534, 0x5534, 0xb744, 0x7534, 0x7534, 0x7534,
  0x7534, 0x7534, 0x7534, 0x7534, 0x7534, 0x5534, 0xd74c, 0x7534, 0x7534, 0x7534, 0x7534, 0x7534,
  0x7534, 0x7534, 0x7534, 0x7534, 0xf74c, 0x5534, 0x753c, 0x7534, 0x7534, 0x7534, 0x7534, 0x7534,
  0x7534, 0x7534, 0xb744, 0x5534, 0x7534, 0x7534, 0x7534, 0x7534, 0x7534, 0x7534, 0x7534, 0x753c,
  0xd74c, 0x5534, 0x7534, 0x7534, 0x7534, 0x7534, 0x7534, 0x7534, 0x7534, 0x553c, 0xf74c, 0x353c,
  0x7634, 0xd42b, 0x5885, 0x3585, 0x5de7, 0x9ee7, 0xdff7, 0xdfff, 0x3454, 0x752c, 0x7534, 0x553c,
  0x7534, 0x7534, 0x7534, 0x7534, 0x7534, 0x763c, 0xb744, 0x7534, 0x7534, 0x7534, 0x7534, 0x7534,
  0x7534, 0x7534, 0x7534, 0x763c, 0xb74c, 0x5534, 0x7534, 0x7534, 0x7534, 0x7534, 0x7534, 0x7534,
  0x7534, 0x9644, 0xb644, 0x7534, 0x7634, 0x7634, 0x553c, 0x7534, 0x7534, 0x7534, 0x7534, 0x5534,
  0x5534, 0x7534, 0x7534, 0x7534, 0x7534, 0x7534, 0x7534, 0x7534, 0x5534, 0x9644, 0x963c, 0x7534,
  0x7534, 0x7534, 0x7534, 0x7534, 0x7534, 0x7534, 0x5534, 0xb74c, 0x763c, 0x7534, 0x363c, 0x553c,
  0x7534, 0x7534, 0x7534, 0x7634, 0x5534, 0xb73c, 0x3434, 0x501b, 0xf89d, 0xb484, 0x7eef, 0xbeef,
  0x9eef, 0xffff, 0x7eef, 0x7885, 0x9113, 0x141c, 0xd423, 0x352c, 0x7534, 0x553c, 0x5534, 0x7534,
  0x5534, 0xf84c, 0x553c, 0x7534, 0x9734, 0x9223, 0x7ac6, 0x18be, 0xffef, 0xffff, 0xffff, 0x1cdf,
  0x9eef, 0xdff7, 0xbeef, 0xffff, 0xbff7, 0xbfef, 0xfff7, 0xfff7, 0xdff7, 0xbef7, 0xffff, 0x9ef7,
  0x19b6, 0xfff7, 0xdff7, 0xdff7, 0xffff, 0x9ef7, 0x3ddf, 0xbbbe, 0x5de7, 0xfff7, 0xdfef, 0xdfef,
  0xdff7, 0x9eef, 0xbff7, 0xffff, 0xffff, 0xdff7, 0xffef, 0xfff7, 0xdff7, 0x3de7, 0x9895, 0xb584,
  0x569d, 0x0f33, 0xd684, 0x377d, 0xd42b, 0x7634, 0x7634, 0x7534, 0x7534, 0x7534, 0x7534, 0x763c,
  0x553c, 0xd744, 0x5534, 0x7534, 0x7534, 0x7534, 0x7534, 0x7534, 0x7534, 0x7634, 0xd31b, 0x307c,
  0x317c, 0xd31b, 0x7634, 0x553c, 0x7534, 0x7534, 0x553c, 0x7534, 0x7534, 0x5534, 0xd744, 0x5534,
  0x7534, 0x7534, 0x7534, 0x553c, 0x7534, 0x7534, 0x7534, 0x5534, 0xb644, 0x7534, 0x7534, 0x7534,
  0x7534, 0x7534, 0x7534, 0x7534, 0x7534, 0x5534, 0xd74c, 0x7534, 0x7534, 0x7534, 0x7534, 0x7534,
  0x7534, 0x7534, 0x7534, 0x7534, 0xf74c, 0x5534, 0x753c, 0x7534, 0x7534, 0x7534, 0x7534, 0x7534,
  0x7534, 0x7534, 0xb744, 0x5534, 0x7534, 0x7534, 0x7534, 0x7534, 0x7534, 0x7534, 0x7534, 0x553c,
  0xd74c, 0x5534, 0x7534, 0x7534, 0x7534, 0x7534, 0x7534, 0x7534, 0x7534, 0x7534, 0xd74c, 0x5434,
  0x7534, 0x3534, 0xf66c, 0x9274, 0xbeff, 0xdfff, 0xffff, 0xdbce, 0x3334, 0x5534, 0x7534, 0x7534,
  0x7534, 0x7534, 0x7534, 0x7534, 0x7534, 0x763c, 0xb744, 0x7534, 0x7534, 0x7534, 0x7534, 0x7534,
  0x7534, 0x7534, 0x7534, 0x763c, 0xb744, 0x5534, 0x7534, 0x7534, 0x7534, 0x7534, 0x7534, 0x7534,
  0x7534, 0x9644, 0xb644, 0x7534, 0x7534, 0x7534, 0x553c, 0x7534, 0x7534, 0x7534, 0x7534, 0x7534,
  0x5534, 0x7534, 0x7534, 0x7534, 0x7534, 0x7534, 0x7534, 0x7534, 0x5534, 0x9644, 0x963c, 0x7534,
  0x7534, 0x7534, 0x7534, 0x7534, 0x7534, 0x7534, 0x5534, 0xd74c, 0x9634, 0x952c, 0x7634, 0x7634,
  0x7534, 0x553c, 0x5634, 0x9634, 0x131c, 0x132c, 0xf584, 0x39be, 0xf8bd, 0x9eef, 0xdff7, 0xdff7,
  0xdef7, 0xbef7, 0xffff, 0x5ddf, 0xf89d, 0xd57c, 0x5785, 0x544c, 0x9133, 0x912b, 0x5534, 0x763c,
  0x3534, 0xd74c, 0x7534, 0x9634, 0x3524, 0x8e1a, 0x5abe, 0xffff, 0xfff7, 0xdff7, 0xfff7, 0xfff7,
  0xfff7, 0xfff7, 0xfff7, 0xfff7, 0xdff7, 0xbfef, 0xfff7, 0xffef, 0xfff7, 0xdff7, 0xdff7, 0xdfff,
  0xffff, 0xfff7, 0xfff7, 0xfff7, 0xfff7, 0xffff, 0xffff, 0xffff, 0xffff, 0xfff7, 0xfff7, 0xdff7,
  0xfff7, 0xfff7, 0xfff7, 0xdff7, 0xdff7, 0xbff7, 0xdff7, 0xdff7, 0xfff7, 0xfff7, 0xffff, 0xffff,
  0xfff7, 0xf7b5, 0xffff, 0xb56c, 0x9113, 0x7524, 0x752c, 0x9534, 0x7534, 0x7534, 0x7534, 0x553c,
  0x553c, 0xf74c, 0x5534, 0x7534, 0x7534, 0x7534, 0x7534, 0x7534, 0x7534, 0x7634, 0xd31b, 0x307c,
  0x317c, 0xd31b, 0x7634, 0x753c, 0x7534, 0x7534, 0x553c, 0x7534, 0x7534, 0x5534, 0xd744, 0x5534,
  0x7534, 0x7534, 0x7534, 0x553c, 0x7534, 0x7534, 0x7534, 0x5534, 0xb644, 0x7534, 0x7534, 0x7534,
  0x7534, 0x7534, 0x7534, 0x7534, 0x7534, 0x7534, 0xd74c, 0x7534, 0x7534, 0x7534, 0x7534, 0x7534,
  0x7534, 0x7534, 0x7534, 0x7534, 0xf74c, 0x5534, 0x753c, 0x7534, 0x7534, 0x7534, 0x7534, 0x7534,
  0x7534, 0x7534, 0xb744, 0x5534, 0x7534, 0x7534, 0x7534, 0x7534, 0x7534, 0x7534, 0x7534, 0x753c,
  0xd74c, 0x5534, 0x7534, 0x7534, 0x7534, 0x7534, 0x7534, 0x7534, 0x7534, 0x7534, 0x184d, 0x7434,
  0x742c, 0x7534, 0xd22b, 0x9364, 0xdfff, 0xbfff, 0xffff, 0x79ae, 0x3324, 0x7534, 0x7534, 0x7534,
  0x553c, 0x7534, 0x7534, 0x7534, 0x7534, 0x763c, 0xb744, 0x7534, 0x7534, 0x7534, 0x7534, 0x7534,
  0x7534, 0x7534, 0x7534, 0x963c, 0xb64c, 0x5534, 0x7534, 0x7534, 0x7534, 0x7534, 0x7534, 0x7534,
  0x7534, 0x9644, 0xb644, 0x7534, 0x7534, 0x7534, 0x553c, 0x7534, 0x7534, 0x7534, 0x7534, 0x553c,
  0x553c, 0x7534, 0x7534, 0x7534, 0x7534, 0x7534, 0x7534, 0x7534, 0x5534, 0x963c, 0x963c, 0x7534,
  0x7534, 0x7534, 0x7534, 0x7534, 0x7534, 0x7534, 0x7534, 0xd744, 0xd634, 0x7424, 0xd223, 0x142c,
  0x7534, 0x7534, 0x5424, 0x5023, 0xf57c, 0xdcce, 0xffff, 0xffff, 0x9eef, 0xdff7, 0xdff7, 0xdff7,
  0xbef7, 0xdef7, 0xdff7, 0xbfff, 0xdfff, 0xffff, 0xffff, 0xdff7, 0x9ef7, 0x7ee7, 0x3454, 0x921b,
  0x3524, 0xd74c, 0x7534, 0x1424, 0x7454, 0xdcce, 0xffff, 0xdfff, 0xdff7, 0xdff7, 0xdfff, 0xdff7,
  0xdff7, 0xdfff, 0xfff7, 0xfff7, 0xdff7, 0xdff7, 0xdff7, 0xfff7, 0xfff7, 0xdff7, 0xfff7, 0xfff7,
  0xfff7, 0xfff7, 0xfff7, 0xffff, 0xfff7, 0xfff7, 0xfff7, 0xfef7, 0xfff7, 0xffff, 0xfff7, 0xfff7,
  0xdff7, 0xdff7, 0xfff7, 0xfff7, 0xfff7, 0xdff7, 0xdff7, 0xdff7, 0xdff7, 0xdff7, 0xfef7, 0xdef7,
  0xdff7, 0xfff7, 0xffff, 0x9bce, 0x1364, 0x545c, 0xd34b, 0x922b, 0x9534, 0x9534, 0x7534, 0x753c,
  0x553c, 0xd744, 0x5534, 0x7534, 0x7534, 0x7534, 0x7534, 0x7534, 0x7534, 0x7634, 0xd31b, 0x307c,
  0x317c, 0xd31b, 0x7534, 0x753c, 0x7534, 0x7534, 0x553c, 0x7534, 0x7534, 0x5534, 0xd744, 0x5534,
  0x7534, 0x7534, 0x7534, 0x553c, 0x7534, 0x7534, 0x7534, 0x5534, 0xb644, 0x7534, 0x7534, 0x7534,
  0x7534, 0x7534, 0x7534, 0x7534, 0x7534, 0x7534, 0xd74c, 0x7534, 0x7534, 0x7534, 0x7534, 0x7534,
  0x7534, 0x7534, 0x7534, 0x7534, 0xf74c, 0x5534, 0x753c, 0x7534, 0x7534, 0x7534, 0x7534, 0x7534,
  0x7534, 0x7534, 0xb644, 0x5534, 0x7534, 0x7534, 0x7534, 0x7534, 0x7534, 0x7534, 0x7534, 0x753c,
  0xd74c, 0x5534, 0x7534, 0x7534, 0x7534, 0x7534, 0x7534, 0x7534, 0x7534, 0x7634, 0xb654, 0x132c,
  0x743c, 0x5544, 0x5123, 0xd8a5, 0x9ef7, 0x9de7, 0xffff, 0xfcde, 0x544c, 0x552c, 0x7534, 0x7534,
  0x7534, 0x7534, 0x7534, 0x7534, 0x7534, 0x763c, 0xb744, 0x7534, 0x7534, 0x7534, 0x7534, 0x7534,
  0x7534, 0x7534, 0x7534, 0x963c, 0xb64c, 0x5534, 0x7534, 0x7534, 0x7534, 0x7534, 0x7534, 0x7534,
  0x7534, 0x9644, 0xb63c, 0x7534, 0x7534, 0x7534, 0x753c, 0x7534, 0x7534, 0x7534, 0x753c, 0x553c,
  0x553c, 0x553c, 0x7534, 0x7534, 0x7534, 0x7534, 0x7534, 0x7634, 0x7534, 0x963c, 0x5534, 0x7534,
  0x753c, 0x753c, 0x7534, 0x7534, 0x7534, 0x7534, 0x7534, 0xb63c, 0x921b, 0xd233, 0x7895, 0xb664,
  0xd223, 0x3424, 0x1254, 0xbbc6, 0xffff, 0xffff, 0xdef7, 0xdef7, 0xdff7, 0xdff7, 0xdff7, 0xdff7,
  0xdff7, 0xdff7, 0xdff7, 0xbef7, 0xdff7, 0xdef7, 0xdff7, 0xdfff, 0xdfff, 0xdfff, 0x79c6, 0xb79d,
  0x7364, 0x763c, 0x762c, 0x5123, 0x3dd7, 0xffff, 0xdff7, 0xdff7, 0xfff7, 0xdff7, 0xdff7, 0xfff7,
  0xdff7, 0xdff7, 0xfff7, 0xfff7, 0xdff7, 0xdff7, 0xdff7, 0xdfff, 0xfff7, 0xdff7, 0xfff7, 0xfff7,
  0xfff7, 0xfff7, 0xffff, 0xffff, 0xfff7, 0xfff7, 0xfff7, 0xdff7, 0xfff7, 0xfff7, 0xfff7, 0xfff7,
  0xdff7, 0xdff7, 0xdff7, 0xfff7, 0xfff7, 0xdff7, 0xfff7, 0xdff7, 0xdfff, 0xdff7, 0xdff7, 0xdff7,
  0xdff7, 0xdff7, 0xbff7, 0xffff, 0xffff, 0xfff7, 0x5de7, 0xf67c, 0x512b, 0x1424, 0x9634, 0x7534,
  0x553c, 0xd744, 0x5534, 0x7534, 0x7534, 0x7534, 0x7534, 0x7534, 0x7534, 0x7634, 0xd31b, 0x307c,
  0x317c, 0xd31b, 0x7634, 0x7534, 0x7534, 0x7534, 0x553c, 0x7534, 0x7534, 0x5534, 0xd744, 0x5534,
  0x7534, 0x7534, 0x7534, 0x7534, 0x7534, 0x7534, 0x7534, 0x5534, 0xb644, 0x7534, 0x7534, 0x7534,
  0x7534, 0x7534, 0x7534, 0x7534, 0x7534, 0x5534, 0xf74c, 0x7534, 0x7534, 0x7534, 0x7534, 0x7534,
  0x7534, 0x7534, 0x7534, 0x7534, 0xf74c, 0x5534, 0x7534, 0x7534, 0x7534, 0x7534, 0x7534, 0x7534,
  0x7534, 0x7534, 0xb744, 0x5534, 0x753c, 0x7534, 0x7534, 0x553c, 0x7534, 0x7534, 0x7534, 0x553c,
  0xf744, 0x5534, 0x7534, 0x7534, 0x7534, 0x7534, 0x7534, 0x7534, 0x7534, 0x562c, 0x973c, 0x9133,
  0x7ddf, 0x1695, 0xd56c, 0xfff7, 0x7def, 0x9eef, 0xbeef, 0xffff, 0x1765, 0x3524, 0x753c, 0x7534,
  0x7534, 0x7534, 0x7534, 0x7534, 0x7534, 0x763c, 0xb744, 0x5534, 0x7534, 0x7534, 0x7534, 0x7534,
  0x7534, 0x7534, 0x7534, 0x963c, 0xb64c, 0x5534, 0x7534, 0x7534, 0x7534, 0x7534, 0x7534, 0x7534,
  0x7534, 0x9644, 0x9644, 0x7534, 0x7534, 0x7534, 0x7534, 0x7534, 0x7634, 0x7634, 0x5534, 0x921b,
  0xd31b, 0x752c, 0x7634, 0x7634, 0x563c, 0x3534, 0x152c, 0xd323, 0x511b, 0x334c, 0x175d, 0x921b,
  0x342c, 0xd423, 0x7634, 0x7634, 0x7634, 0x7534, 0xd32b, 0x534c, 0x5aae, 0xbbce, 0xffff, 0xffff,
  0x19a6, 0x4e3b, 0x159d, 0xffff, 0xfff7, 0xdff7, 0xdef7, 0xdff7, 0xdff7, 0xdff7, 0xdff7, 0xdff7,
  0xdfff, 0xdff7, 0xdff7, 0xdfef, 0xdff7, 0xdff7, 0xdff7, 0xdff7, 0xdff7, 0xbef7, 0xffff, 0xffff,
  0x9ef7, 0x3254, 0x4f3b, 0xb7ad, 0xffff, 0xdff7, 0xdff7, 0xdff7, 0xfff7, 0xdff7, 0xdff7, 0xdff7,
  0xdff7, 0xdff7, 0xfff7, 0xfff7, 0xdff7, 0xdff7, 0xdff7, 0xdff7, 0xfff7, 0xdff7, 0xfff7, 0xfff7,
  0xfff7, 0xfff7, 0xfff7, 0xfff7, 0xfff7, 0xfff7, 0xfff7, 0xdff7, 0xfff7, 0xfff7, 0xfff7, 0xfff7,
  0xfff7, 0xfff7, 0xdff7, 0xdff7, 0xdff7, 0xdff7, 0xdff7, 0xfff7, 0xfff7, 0xfff7, 0xdff7, 0xdff7,
  0xdff7, 0xfff7, 0xdff7, 0xbff7, 0xdff7, 0xdff7, 0xfff7, 0xffff, 0xdcc6, 0xb46c, 0x9023, 0x1324,
  0x142c, 0xf844, 0x5634, 0x7534, 0x7534, 0x553c, 0x553c, 0x7634, 0x553c, 0x9634, 0xd31b, 0x307c,
  0x317c, 0xd31b, 0x7634, 0x7534, 0x7534, 0x7534, 0x553c, 0x7534, 0x7534, 0x5534, 0xd744, 0x5534,
  0x7534, 0x7534, 0x7534, 0x7534, 0x7534, 0x7534, 0x7534, 0x5534, 0xb644, 0x7534, 0x7534, 0x7534,
  0x7534, 0x7534, 0x7534, 0x7534, 0x7534, 0x5534, 0xf74c, 0x7534, 0x7534, 0x7534, 0x7534, 0x7534,
  0x7534, 0x7534, 0x7534, 0x7534, 0xf74c, 0x5534, 0x7534, 0x7534, 0x7534, 0x7534, 0x7534, 0x7534,
  0x7534, 0x7534, 0xb74c, 0x5534, 0x753c, 0x7534, 0x7534, 0x553c, 0x7534, 0x7534, 0x7534, 0x553c,
  0xd74c, 0x5534, 0x7534, 0x7534, 0x7534, 0x7534, 0x7534, 0x7534, 0x3434, 0x5164, 0xf484, 0x358d,
  0xdff7, 0x9ace, 0x3de7, 0xbef7, 0xbef7, 0xbff7, 0xbeef, 0xbef7, 0x333c, 0x562c, 0x7534, 0x7534,
  0x7534, 0x7534, 0x7534, 0x7534, 0x7534, 0x763c, 0xb744, 0x5534, 0x7534, 0x7534, 0x7534, 0x7534,
  0x7534, 0x7534, 0x7534, 0x963c, 0xb74c, 0x5534, 0x7534, 0x7534, 0x7534, 0x7534, 0x7534, 0x7534,
  0x7534, 0x963c, 0xb63c, 0x7534, 0x553c, 0x563c, 0x563c, 0x353c, 0xd323, 0x5524, 0x5123, 0x19a6,
  0x578d, 0x5043, 0xd223, 0xd11b, 0x912b, 0x544c, 0x9554, 0xb895, 0x7795, 0x1ddf, 0xdfff, 0x7ab6,
  0xd05b, 0xd88d, 0xd22b, 0x921b, 0xd223, 0xd32b, 0x735c, 0x1dd7, 0xffff, 0x7de7, 0xdff7, 0xdff7,
  0xffff, 0x1cd7, 0xbbce, 0xfff7, 0xfff7, 0xdff7, 0xdff7, 0xdff7, 0xdff7, 0xdff7, 0xdff7, 0xdff7,
  0xdff7, 0xdff7, 0xdfff, 0xbef7, 0xdff7, 0xdff7, 0xdff7, 0xdff7, 0xbff7, 0xdff7, 0xdff7, 0xfff7,
  0xfff7, 0xbabe, 0x1ccf, 0xffff, 0xdff7, 0xdff7, 0xdff7, 0xdff7, 0xdff7, 0xdff7, 0xfff7, 0xdff7,
  0xdff7, 0xdff7, 0xdff7, 0xdff7, 0xdff7, 0xdff7, 0xdff7, 0xdff7, 0xfff7, 0xdff7, 0xfff7, 0xfff7,
  0xfff7, 0xfff7, 0xfff7, 0xfff7, 0xfff7, 0xfff7, 0xfff7, 0xdff7, 0xdff7, 0xfff7, 0xfff7, 0xdff7,
  0xdff7, 0xdff7, 0xfff7, 0xdff7, 0xdff7, 0xdff7, 0xdff7, 0xdff7, 0xdff7, 0xdff7, 0xdff7, 0xdff7,
  0xdff7, 0xfff7, 0xfff7, 0xdff7, 0xdff7, 0xdff7, 0xdff7, 0xdff7, 0xdff7, 0xbfff, 0x527c, 0xd89d,
  0x946c, 0x3434, 0xd223, 0x7634, 0x7634, 0x553c, 0x553c, 0x7634, 0x563c, 0x7634, 0xd31b, 0x307c,
  0x317c, 0xd31b, 0x7634, 0x7534, 0x7534, 0x7534, 0x553c, 0x7534, 0x7534, 0x5534, 0xd744, 0x5534,
  0x7534, 0x7534, 0x7534, 0x7534, 0x7534, 0x7534, 0x7534, 0x5534, 0xb644, 0x7534, 0x7534, 0x7534,
  0x7534, 0x7534, 0x7534, 0x7534, 0x7534, 0x7534, 0xf74c, 0x7534, 0x7534, 0x7534, 0x7534, 0x7534,
  0x7534, 0x7534, 0x7534, 0x7534, 0xf74c, 0x5534, 0x7534, 0x7534, 0x7534, 0x7534, 0x7534, 0x7534,
  0x7534, 0x7534, 0xb74c, 0x5534, 0x7534, 0x7534, 0x7534, 0x7534, 0x7534, 0x7534, 0x7534, 0x553c,
  0xf744, 0x5534, 0x7634, 0x7534, 0x7534, 0x553c, 0x7534, 0x7534, 0x7534, 0x5323, 0x5ab6, 0xffff,
  0xdef7, 0x3ce7, 0x7def, 0x3cef, 0xbef7, 0xbff7, 0x7def, 0x7de7, 0x333c, 0x562c, 0x7534, 0x7534,
  0x7534, 0x7534, 0x7534, 0x7534, 0x7534, 0x763c, 0xb744, 0x5534, 0x7534, 0x7534, 0x7534, 0x7534,
  0x7534, 0x7534, 0x7534, 0x763c, 0xb74c, 0x5534, 0x7534, 0x7534, 0x7534, 0x7534, 0x7534, 0x7534,
  0x7534, 0x963c, 0x9644, 0x753c, 0x7634, 0xd323, 0xd223, 0xd14b, 0xb895, 0xd15b, 0x7abe, 0x9eef,
  0x9eef, 0xffff, 0x3ddf, 0xfbce, 0x5ddf, 0x9eef, 0xffff, 0xdff7, 0xffff, 0xbef7, 0xbef7, 0xffff,
  0xffff, 0xffff, 0x7ac6, 0x19b6, 0x7ac6, 0xbfe7, 0xfff7, 0xdff7, 0xdff7, 0xbeef, 0xdfef, 0xfff7,
  0xdfff, 0x9eef, 0xdfef, 0xdff7, 0xfff7, 0xdff7, 0xdff7, 0xdff7, 0xdff7, 0xdff7, 0xdff7, 0xdff7,
  0xdff7, 0xdff7, 0xdff7, 0xbef7, 0xdff7, 0xbff7, 0x9eef, 0x9eef, 0x7de7, 0x7eef, 0xfff7, 0x9eef,
  0x5ddf, 0xfff7, 0xdff7, 0xdff7, 0xffff, 0xfff7, 0xdff7, 0xfff7, 0xdff7, 0xdff7, 0xdff7, 0xdff7,
  0xdff7, 0xdff7, 0xdff7, 0xdff7, 0xdff7, 0xdff7, 0xdff7, 0xdff7, 0xfff7, 0xdff7, 0xfff7, 0xfff7,
  0xdff7, 0xdff7, 0xdff7, 0xdff7, 0xfff7, 0xfff7, 0xfff7, 0xdff7, 0xdff7, 0xdff7, 0xdff7, 0xdff7,
  0xdff7, 0xdff7, 0xdff7, 0xdff7, 0xdff7, 0xdff7, 0xdff7, 0xdff7, 0xdff7, 0xdff7, 0xdff7, 0xdff7,
  0xdff7, 0xfff7, 0xfff7, 0xdff7, 0xdff7, 0xdff7, 0xdff7, 0xdff7, 0xdff7, 0x1def, 0x7ef7, 0xdfff,
  0xdff7, 0x5ddf, 0x357d, 0x9223, 0xb72c, 0x7634, 0x7534, 0x7534, 0x7634, 0x753c, 0xd41b, 0x307c,
  0x317c, 0xd31b, 0x7634, 0x7534, 0x7534, 0x7534, 0x553c, 0x7534, 0x7534, 0x5534, 0xd744, 0x5534,
  0x7534, 0x7534, 0x7534, 0x7534, 0x7534, 0x7534, 0x7534, 0x5534, 0xb644, 0x7534, 0x7534, 0x7534,
  0x7534, 0x7534, 0x7534, 0x7534, 0x7534, 0x7534, 0xf74c, 0x7534, 0x7534, 0x7534, 0x7534, 0x7534,
  0x7534, 0x7534, 0x7534, 0x7534, 0xf74c, 0x5534, 0x7534, 0x7534, 0x7534, 0x7534, 0x7534, 0x7534,
  0x7534, 0x7534, 0xb74c, 0x5534, 0x7634, 0x9634, 0x9534, 0x753c, 0x553c, 0x553c, 0x553c, 0x553c,
  0xf744, 0x5534, 0x7634, 0x7534, 0x753c, 0x7534, 0x7534, 0x7534, 0x352c, 0x1495, 0x18be, 0x38c6,
  0xffff, 0x5de7, 0x1ce7, 0x9ef7, 0xbff7, 0xbef7, 0x9def, 0xbef7, 0x744c, 0x552c, 0x7534, 0x7534,
  0x7534, 0x7534, 0x7534, 0x7534, 0x7534, 0x763c, 0xb744, 0x5534, 0x7534, 0x7534, 0x7534, 0x7534,
  0x7534, 0x7534, 0x7534, 0x763c, 0xb74c, 0x5534, 0x7534, 0x7534, 0x7534, 0x7534, 0x7534, 0x7534,
  0x7434, 0x9644, 0x963c, 0xd41b, 0x9223, 0x978d, 0x5ddf, 0xdef7, 0xffff, 0xffff, 0xffff, 0x5de7,
  0x7de7, 0xdff7, 0xdfff, 0xffff, 0xbfff, 0xdfff, 0xdff7, 0x5de7, 0xbeef, 0xdfef, 0xdff7, 0xdff7,
  0xbff7, 0xbfef, 0xffff, 0xffff, 0xdfff, 0xdfff, 0xbef7, 0xbff7, 0xdff7, 0xdff7, 0xdff7, 0xfff7,
  0xffff, 0xdfff, 0xfff7, 0xfff7, 0xdff7, 0xdff7, 0xdff7, 0xdff7, 0xdff7, 0xdff7, 0xdff7, 0xdff7,
  0xdff7, 0xdff7, 0xdff7, 0xbef7, 0xdff7, 0xbff7, 0xbef7, 0xbef7, 0xbace, 0x9ace, 0xfff7, 0xbeef,
  0x9eef, 0xbff7, 0xdfff, 0xdfff, 0xfff7, 0xfff7, 0xdff7, 0xdff7, 0xdff7, 0xdff7, 0xdff7, 0xdff7,
  0xdff7, 0xdff7, 0xdff7, 0xdff7, 0xdff7, 0xdff7, 0xdff7, 0xdff7, 0xfff7, 0xdff7, 0xfff7, 0xfff7,
  0xdff7, 0xdff7, 0xdff7, 0xdff7, 0xfff7, 0xdff7, 0xdff7, 0xdff7, 0xdff7, 0xdff7, 0xdff7, 0xdff7,
  0xdff7, 0xdff7, 0xdff7, 0xdff7, 0xdff7, 0xdff7, 0xdff7, 0xdff7, 0xdff7, 0xdff7, 0xdff7, 0xdff7,
  0xdff7, 0xfff7, 0xfff7, 0xdff7, 0xdff7, 0xdff7, 0xdff7, 0xdfff, 0xdff7, 0x9de7, 0x9de7, 0x5de7,
  0xdad6, 0xbae6, 0x79de, 0x3154, 0x552c, 0x7634, 0x7534, 0x553c, 0x7534, 0x9534, 0xd31b, 0x307c,
  0x317c, 0xd31b, 0x7634, 0x7534, 0x7534, 0x7534, 0x553c, 0x7534, 0x7534, 0x5534, 0xd744, 0x5534,
  0x7534, 0x7534, 0x7534, 0x7534, 0x7534, 0x7534, 0x7534, 0x5534, 0xb644, 0x7534, 0x7534, 0x7534,
  0x7534, 0x7534, 0x7534, 0x7534, 0x7534, 0x7534, 0xf74c, 0x7534, 0x7534, 0x7534, 0x7534, 0x7534,
  0x7534, 0x7534, 0x7534, 0x7534, 0xf74c, 0x5534, 0x7534, 0x7534, 0x7534, 0x7534, 0x7534, 0x7534,
  0x7534, 0x7534, 0xd74c, 0x5534, 0x1434, 0xd323, 0xd31b, 0xd423, 0x5534, 0x7534, 0x7534, 0x553c,
  0xd74c, 0x5534, 0x7534, 0x7534, 0x7534, 0x7534, 0x7534, 0x7534, 0x762c, 0x773c, 0x503b, 0xf7b5,
  0xffff, 0xbff7, 0x5ee7, 0x5de7, 0xbff7, 0xbef7, 0x5de7, 0xbef7, 0x7344, 0x562c, 0x7534, 0x7534,
  0x7534, 0x7534, 0x7534, 0x7534, 0x7534, 0x763c, 0xb744, 0x5534, 0x7534, 0x7534, 0x7534, 0x7534,
  0x7534, 0x7534, 0x7534, 0x963c, 0xb74c, 0x5534, 0x7534, 0x7534, 0x7534, 0x753c, 0x7534, 0x7534,
  0x7534, 0x963c, 0x923b, 0x5795, 0x7bc6, 0xffff, 0xdfff, 0xbeff, 0xbef7, 0xdef7, 0xdff7, 0x3cef,
  0x3ce7, 0xfff7, 0xdfef, 0xfff7, 0xfff7, 0xdff7, 0xdff7, 0x9eef, 0x9ace, 0x7ee7, 0x7eef, 0xdfff,
  0xbff7, 0xdff7, 0xdfef, 0xdfef, 0xfff7, 0xdfef, 0xfff7, 0xdff7, 0xdff7, 0xdff7, 0xdff7, 0x3ddf,
  0xdff7, 0xfff7, 0xfff7, 0xdff7, 0xfff7, 0xdff7, 0xdff7, 0xdff7, 0xdff7, 0xdff7, 0xdff7, 0xdff7,
  0xdff7, 0xdef7, 0xbff7, 0xbff7, 0xbff7, 0xbff7, 0xbff7, 0xbef7, 0x3de7, 0x7de7, 0xdff7, 0x9eef,
  0xfff7, 0xdff7, 0xdff7, 0xfff7, 0xfff7, 0xfff7, 0xdff7, 0xdff7, 0xdff7, 0xdff7, 0xdff7, 0xdff7,
  0xdff7, 0xdff7, 0xdff7, 0xdff7, 0xdff7, 0xdff7, 0xdff7, 0xdff7, 0xdff7, 0xdff7, 0xdff7, 0xdff7,
  0xdff7, 0xdff7, 0xdff7, 0xfff7, 0xdff7, 0xdff7, 0xdff7, 0xdff7, 0xdff7, 0xdff7, 0xdff7, 0xdff7,
  0xdff7, 0xdff7, 0xdff7, 0xdff7, 0xdff7, 0xdff7, 0xdff7, 0xdff7, 0xdff7, 0xdff7, 0xdff7, 0xdff7,
  0xdff7, 0xdff7, 0xdff7, 0xdff7, 0xdff7, 0xdff7, 0xdff7, 0xdff7, 0xdff7, 0x7def, 0x1bdf, 0x1cdf,
  0xb6b5, 0xdad6, 0x9ade, 0xb5a5, 0xcf4b, 0x3334, 0x7634, 0x563c, 0x7534, 0x7634, 0xd31b, 0x307c,
  0x317c, 0xd31b, 0x7634, 0x553c, 0x7534, 0x7534, 0x553c, 0x7534, 0x7534, 0x5534, 0xd744, 0x5534,
  0x7534, 0x7534, 0x7534, 0x7534, 0x7534, 0x7534, 0x7534, 0x5534, 0xb644, 0x7534, 0x7534, 0x7534,
  0x7534, 0x7534, 0x7534, 0x7534, 0x7534, 0x7534, 0xf74c, 0x7534, 0x7534, 0x7534, 0x7534, 0x7534,
  0x7534, 0x7534, 0x7534, 0x7534, 0xf74c, 0x5534, 0x7534, 0x7534, 0x7534, 0x7534, 0x7534, 0x7534,
  0x553c, 0x7534, 0xb64c, 0xd22b, 0x3354, 0x778d, 0xd8a5, 0x9895, 0xd233, 0x752c, 0x7634, 0x563c,
  0xb84c, 0x5534, 0x7534, 0x7534, 0x7534, 0x7534, 0x7534, 0x7534, 0x7634, 0x9133, 0x1cd7, 0xffff,
  0xbfef, 0xbef7, 0x1bef, 0x7def, 0xbff7, 0xbff7, 0x3ce7, 0x7def, 0xd23b, 0x5634, 0x7534, 0x7534,
  0x7534, 0x7534, 0x7534, 0x7534, 0x7534, 0x763c, 0xb744, 0x5534, 0x7534, 0x7534, 0x7534, 0x7534,
  0x7534, 0x7534, 0x7534, 0x963c, 0xb64c, 0x5534, 0x7534, 0x7534, 0x7534, 0x7534, 0x753c, 0x7634,
  0x7634, 0x912b, 0x59ae, 0xffff, 0xffff, 0xbff7, 0xdff7, 0xdff7, 0xdff7, 0xbff7, 0xbff7, 0x7de7,
  0x7de7, 0x7def, 0x9def, 0x5de7, 0x3ce7, 0x1cdf, 0xdbde, 0x79ce, 0xfbd6, 0x9eef, 0x9eef, 0xdff7,
  0xdef7, 0xdff7, 0xffff, 0x9eef, 0x99d6, 0x3ce7, 0x3ce7, 0xdff7, 0xdff7, 0xdfff, 0xdfff, 0x3ddf,
  0xdfef, 0xfff7, 0xdff7, 0xdff7, 0xfff7, 0xdff7, 0xdff7, 0xdff7, 0xdff7, 0xdff7, 0xdff7, 0xdff7,
  0xdff7, 0xdff7, 0xbff7, 0xbff7, 0xbff7, 0xbff7, 0xbff7, 0xdff7, 0x7de7, 0x5de7, 0xbeef, 0x9eef,
  0xfff7, 0xdff7, 0xfff7, 0xfff7, 0xfff7, 0xfff7, 0xdff7, 0xdff7, 0xdff7, 0xdff7, 0xdff7, 0xdff7,
  0xdff7, 0xdff7, 0xdff7, 0xdff7, 0xdff7, 0xdff7, 0xdff7, 0xdff7, 0xdff7, 0xdff7, 0xdff7, 0xdff7,
  0xdff7, 0xdff7, 0xdff7, 0xdff7, 0xdff7, 0xdff7, 0xdff7, 0xdff7, 0xdff7, 0xdff7, 0xdff7, 0xdff7,
  0xdff7, 0xdff7, 0xdff7, 0xdff7, 0xdff7, 0xdff7, 0xdff7, 0xdff7, 0xdff7, 0xdff7, 0xdff7, 0xdff7,
  0xdff7, 0xdff7, 0xdff7, 0xdff7, 0xdff7, 0xdff7, 0xdff7, 0xdff7, 0xdff7, 0x9ef7, 0x1ce7, 0x9ad6,
  0xfbde, 0xdbd6, 0xbace, 0x37ce, 0x32ad, 0x324c, 0x762c, 0x7634, 0x7534, 0x763c, 0xd31b, 0x307c,
  0x317c, 0xd31b, 0x7634, 0x553c, 0x7534, 0x7534, 0x553c, 0x7534, 0x7534, 0x5534, 0xd744, 0x5534,
  0x7534, 0x7534, 0x7534, 0x7534, 0x7534, 0x7534, 0x7534, 0x5534, 0xb644, 0x7534, 0x7534, 0x7534,
  0x7534, 0x7534, 0x7534, 0x7534, 0x7534, 0x5534, 0xf74c, 0x7534, 0x7534, 0x7534, 0x7534, 0x7534,
  0x7534, 0x7534, 0x7534, 0x7534, 0xf74c, 0x5534, 0x7534, 0x7534, 0x7534, 0x7534, 0x7534, 0x7534,
  0x7534, 0x7534, 0x9644, 0x7354, 0x5de7, 0x9df7, 0xf9de, 0x1ad7, 0xd68d, 0x8e23, 0xd11b, 0xd31b,
  0x752c, 0x3424, 0x7634, 0x7634, 0x7534, 0x7534, 0x7534, 0x343c, 0x903b, 0xd423, 0x544c, 0xb28c,
  0xffff, 0x9ef7, 0xbef7, 0xbef7, 0x9ef7, 0xbef7, 0x3ce7, 0x9df7, 0x5775, 0xd423, 0x753c, 0x7534,
  0x7534, 0x7534, 0x7534, 0x7534, 0x7534, 0x763c, 0xb744, 0x5534, 0x7534, 0x7534, 0x7534, 0x7534,
  0x7534, 0x7534, 0x7534, 0x963c, 0xb64c, 0x5534, 0x7534, 0x7534, 0x7534, 0x7534, 0x7534, 0x3424,
  0x901b, 0xb364, 0xffff, 0xdef7, 0xbeef, 0xdfef, 0xdff7, 0xdff7, 0xdff7, 0x9eef, 0xbff7, 0x3de7,
  0x5de7, 0x3ce7, 0x7def, 0x7def, 0x9eef, 0xbef7, 0xbef7, 0xdff7, 0xdfff, 0x9ef7, 0xbef7, 0xdff7,
  0xdff7, 0xfff7, 0x5ce7, 0x99ce, 0x37be, 0x1bdf, 0x1cdf, 0xdff7, 0xbeef, 0xdfff, 0xdfff, 0x9ee7,
  0xdff7, 0xdff7, 0xdff7, 0xdff7, 0xfff7, 0xdff7, 0xdff7, 0xdff7, 0xdff7, 0xdff7, 0xdff7, 0xdff7,
  0xdff7, 0xdff7, 0xdff7, 0xbef7, 0xdff7, 0xdff7, 0xdff7, 0xdff7, 0x9eef, 0x1cdf, 0x9eef, 0xdff7,
  0xdff7, 0xdff7, 0xfff7, 0xdff7, 0xfff7, 0xdff7, 0xdff7, 0xdff7, 0xdff7, 0xdff7, 0xdff7, 0xdff7,
  0xdff7, 0xdff7, 0xdff7, 0xdff7, 0xdff7, 0xdff7, 0xdff7, 0xdff7, 0xdff7, 0xdff7, 0xdff7, 0xdff7,
  0xdff7, 0xdff7, 0xdff7, 0xdff7, 0xdff7, 0xdff7, 0xdff7, 0xdff7, 0xdff7, 0xdff7, 0xdff7, 0xdff7,
  0xdff7, 0xdff7, 0xdff7, 0xdff7, 0xdff7, 0xdff7, 0xdff7, 0xdff7, 0xdff7, 0xdff7, 0xdff7, 0xdff7,
  0xdff7, 0xdff7, 0xdff7, 0xdff7, 0xdff7, 0xdff7, 0xdff7, 0xdfff, 0xdfff, 0xbef7, 0x9eef, 0x9ef7,
  0x5def, 0x3ce7, 0x17be, 0x58ce, 0x74a5, 0x1234, 0x7634, 0x7534, 0x7534, 0x763c, 0xd31b, 0x307c,
  0x317c, 0xd31b, 0x7634, 0x553c, 0x7534, 0x7534, 0x553c, 0x7534, 0x7534, 0x5534, 0xd744, 0x5534,
  0x753c, 0x7534, 0x7534, 0x7534, 0x7534, 0x7534, 0x7534, 0x5534, 0xb644, 0x7534, 0x7534, 0x7534,
  0x7534, 0x7534, 0x7534, 0x7534, 0x753c, 0x5534, 0xf74c, 0x7534, 0x7534, 0x7534, 0x7634, 0x7534,
  0x342c, 0x7634, 0x7534, 0x7534, 0xf74c, 0x3534, 0x753c, 0x7534, 0x7534, 0x7534, 0x7534, 0x7534,
  0x7634, 0x7534, 0x754c, 0x726c, 0xffff, 0xfae6, 0x3ce7, 0x9ef7, 0xbff7, 0x3de7, 0x7ac6, 0x769d,
  0x9ac6, 0xd253, 0x931b, 0x352c, 0x7634, 0x7534, 0x1334, 0xd15b, 0xfcd6, 0x3444, 0x3524, 0xcd32,
  0x9df7, 0xdff7, 0xdfef, 0xbfef, 0xbef7, 0xbef7, 0x5cef, 0x9df7, 0x787d, 0xd423, 0x753c, 0x7534,
  0x7534, 0x7534, 0x7534, 0x7534, 0x7534, 0x763c, 0xb744, 0x5534, 0x7534, 0x7534, 0x7534, 0x7534,
  0x7534, 0x7534, 0x7534, 0x763c, 0xb64c, 0x5534, 0x7534, 0x7534, 0x763c, 0x763c, 0x9223, 0x3675,
  0xdbce, 0xdfff, 0xdff7, 0xdff7, 0xdff7, 0xdff7, 0xdff7, 0xdef7, 0xdff7, 0x5ce7, 0xbef7, 0x5de7,
  0x1cdf, 0xffff, 0xdfff, 0xdfff, 0xdff7, 0xdff7, 0xdff7, 0xdff7, 0xdff7, 0xdff7, 0xdff7, 0xdff7,
  0xdff7, 0xdff7, 0xbff7, 0xdff7, 0xdff7, 0xdff7, 0xdfff, 0xdff7, 0x9def, 0xdef7, 0xfff7, 0xbeef,
  0xdff7, 0xdfff, 0xdff7, 0xdff7, 0xdff7, 0xdff7, 0xdff7, 0xdff7, 0xdff7, 0xdff7, 0xdff7, 0xdff7,
  0xdff7, 0xdff7, 0xdff7, 0xbef7, 0xdff7, 0xdff7, 0xbff7, 0xbeef, 0x7de7, 0x5ddf, 0xfff7, 0xdff7,
  0xdff7, 0xbeef, 0xdff7, 0xdff7, 0xdff7, 0xdff7, 0xdff7, 0xfff7, 0xdff7, 0xdff7, 0xdff7, 0xdff7,
  0xdff7, 0xdff7, 0xdff7, 0xdff7, 0xdff7, 0xdff7, 0xdff7, 0xdff7, 0xdff7, 0xdff7, 0xdff7, 0xdff7,
  0xdff7, 0xdff7, 0xdff7, 0xdff7, 0xdff7, 0xdff7, 0xdff7, 0xdff7, 0xdff7, 0xdff7, 0xdff7, 0xdff7,
  0xdff7, 0xdff7, 0xdff7, 0xdff7, 0xdff7, 0xdff7, 0xdff7, 0xdff7, 0xdff7, 0xdff7, 0xdff7, 0xdff7,
  0xdff7, 0xdff7, 0xdff7, 0xdff7, 0xdff7, 0xdff7, 0xdff7, 0xdff7, 0xdff7, 0xdff7, 0x7de7, 0x9eef,
  0xdef7, 0x1bdf, 0x78ce, 0xb6c5, 0xd564, 0x3324, 0x753c, 0x753c, 0x7534, 0x9634, 0xd31b, 0x307c
};

#define WORLD_MAP_WIDTH 240
#define WORLD_MAP_HEIGHT 144

// Example usage:
// tft.drawRGBBitmap(x, y, world_map, WORLD_MAP_WIDTH, WORLD_MAP_HEIGHT);

#endif
